"charger_group_id","station_id","network","charger_count","ac_charger_count_at_station","dc_charger_count_at_station","individual_connector_type","individual_power_kw","price_per_kwh","operational_state","source_name","source_url","source_record_id","retrieved_at_utc"
"mevnet-1-tnbx-gotou-","mevnet-1","TNBX (GoToU)","2","0","2","Not published by MEVnet","Not published by MEVnet","Not published by MEVnet","Not published by MEVnet","PLANMalaysia MEVnet","https://portaldev.planmalaysia.gov.my/portal/apps/dashboards/bba366dc3d144510bfd7cda771795f3d","1","2026-07-26T09:23:16Z"
"mevnet-10-chargesini","mevnet-10","ChargeSini","2","2","0","Not published by MEVnet","Not published by MEVnet","Not published by MEVnet","Not published by MEVnet","PLANMalaysia MEVnet","https://portaldev.planmalaysia.gov.my/portal/apps/dashboards/bba366dc3d144510bfd7cda771795f3d","10","2026-07-26T09:23:16Z"
"mevnet-15-tnbx-gotou-","mevnet-15","TNBX (GoToU)","2","0","2","Not published by MEVnet","Not published by MEVnet","Not published by MEVnet","Not published by MEVnet","PLANMalaysia MEVnet","https://portaldev.planmalaysia.gov.my/portal/apps/dashboards/bba366dc3d144510bfd7cda771795f3d","15","2026-07-26T09:23:16Z"
"mevnet-16-chargesini","mevnet-16","ChargeSini","2","0","2","Not published by MEVnet","Not published by MEVnet","Not published by MEVnet","Not published by MEVnet","PLANMalaysia MEVnet","https://portaldev.planmalaysia.gov.my/portal/apps/dashboards/bba366dc3d144510bfd7cda771795f3d","16","2026-07-26T09:23:16Z"
"mevnet-21-shell-recharge","mevnet-21","Shell Recharge","2","0","2","Not published by MEVnet","Not published by MEVnet","Not published by MEVnet","Not published by MEVnet","PLANMalaysia MEVnet","https://portaldev.planmalaysia.gov.my/portal/apps/dashboards/bba366dc3d144510bfd7cda771795f3d","21","2026-07-26T09:23:16Z"
"mevnet-24-gentari","mevnet-24","Gentari","2","2","0","Not published by MEVnet","Not published by MEVnet","Not published by MEVnet","Not published by MEVnet","PLANMalaysia MEVnet","https://portaldev.planmalaysia.gov.my/portal/apps/dashboards/bba366dc3d144510bfd7cda771795f3d","24","2026-07-26T09:23:16Z"
"mevnet-31-chargev","mevnet-31","chargEV","2","8","0","Not published by MEVnet","Not published by MEVnet","Not published by MEVnet","Not published by MEVnet","PLANMalaysia MEVnet","https://portaldev.planmalaysia.gov.my/portal/apps/dashboards/bba366dc3d144510bfd7cda771795f3d","31","2026-07-26T09:23:16Z"
"mevnet-31-chargesini","mevnet-31","ChargeSini","6","8","0","Not published by MEVnet","Not published by MEVnet","Not published by MEVnet","Not published by MEVnet","PLANMalaysia MEVnet","https://portaldev.planmalaysia.gov.my/portal/apps/dashboards/bba366dc3d144510bfd7cda771795f3d","31","2026-07-26T09:23:16Z"
"mevnet-32-chargev","mevnet-32","chargEV","2","2","0","Not published by MEVnet","Not published by MEVnet","Not published by MEVnet","Not published by MEVnet","PLANMalaysia MEVnet","https://portaldev.planmalaysia.gov.my/portal/apps/dashboards/bba366dc3d144510bfd7cda771795f3d","32","2026-07-26T09:23:16Z"
"mevnet-33-chargesini","mevnet-33","ChargeSini","2","0","2","Not published by MEVnet","Not published by MEVnet","Not published by MEVnet","Not published by MEVnet","PLANMalaysia MEVnet","https://portaldev.planmalaysia.gov.my/portal/apps/dashboards/bba366dc3d144510bfd7cda771795f3d","33","2026-07-26T09:23:16Z"
"mevnet-40-tnbx-gotou-","mevnet-40","TNBX (GoToU)","2","0","2","Not published by MEVnet","Not published by MEVnet","Not published by MEVnet","Not published by MEVnet","PLANMalaysia MEVnet","https://portaldev.planmalaysia.gov.my/portal/apps/dashboards/bba366dc3d144510bfd7cda771795f3d","40","2026-07-26T09:23:16Z"
"mevnet-84-bmw","mevnet-84","BMW","3","9","0","Not published by MEVnet","Not published by MEVnet","Not published by MEVnet","Not published by MEVnet","PLANMalaysia MEVnet","https://portaldev.planmalaysia.gov.my/portal/apps/dashboards/bba366dc3d144510bfd7cda771795f3d","84","2026-07-26T09:23:16Z"
"mevnet-84-others","mevnet-84","Others","6","9","0","Not published by MEVnet","Not published by MEVnet","Not published by MEVnet","Not published by MEVnet","PLANMalaysia MEVnet","https://portaldev.planmalaysia.gov.my/portal/apps/dashboards/bba366dc3d144510bfd7cda771795f3d","84","2026-07-26T09:23:16Z"
"mevnet-130-flexi-parking","mevnet-130","Flexi Parking","2","2","0","Not published by MEVnet","Not published by MEVnet","Not published by MEVnet","Not published by MEVnet","PLANMalaysia MEVnet","https://portaldev.planmalaysia.gov.my/portal/apps/dashboards/bba366dc3d144510bfd7cda771795f3d","130","2026-07-26T09:23:16Z"
"mevnet-156-chargev","mevnet-156","chargEV","2","0","2","Not published by MEVnet","Not published by MEVnet","Not published by MEVnet","Not published by MEVnet","PLANMalaysia MEVnet","https://portaldev.planmalaysia.gov.my/portal/apps/dashboards/bba366dc3d144510bfd7cda771795f3d","156","2026-07-26T09:23:16Z"
"mevnet-157-gentari","mevnet-157","Gentari","2","0","2","Not published by MEVnet","Not published by MEVnet","Not published by MEVnet","Not published by MEVnet","PLANMalaysia MEVnet","https://portaldev.planmalaysia.gov.my/portal/apps/dashboards/bba366dc3d144510bfd7cda771795f3d","157","2026-07-26T09:23:16Z"
"mevnet-166-gentari","mevnet-166","Gentari","4","0","4","Not published by MEVnet","Not published by MEVnet","Not published by MEVnet","Not published by MEVnet","PLANMalaysia MEVnet","https://portaldev.planmalaysia.gov.my/portal/apps/dashboards/bba366dc3d144510bfd7cda771795f3d","166","2026-07-26T09:23:16Z"
"mevnet-182-chargev","mevnet-182","chargEV","1","1","0","Not published by MEVnet","Not published by MEVnet","Not published by MEVnet","Not published by MEVnet","PLANMalaysia MEVnet","https://portaldev.planmalaysia.gov.my/portal/apps/dashboards/bba366dc3d144510bfd7cda771795f3d","182","2026-07-26T09:23:16Z"
"mevnet-183-bmw","mevnet-183","BMW","1","2","0","Not published by MEVnet","Not published by MEVnet","Not published by MEVnet","Not published by MEVnet","PLANMalaysia MEVnet","https://portaldev.planmalaysia.gov.my/portal/apps/dashboards/bba366dc3d144510bfd7cda771795f3d","183","2026-07-26T09:23:16Z"
"mevnet-183-chargev","mevnet-183","chargEV","1","2","0","Not published by MEVnet","Not published by MEVnet","Not published by MEVnet","Not published by MEVnet","PLANMalaysia MEVnet","https://portaldev.planmalaysia.gov.my/portal/apps/dashboards/bba366dc3d144510bfd7cda771795f3d","183","2026-07-26T09:23:16Z"
"mevnet-184-chargev","mevnet-184","chargEV","2","0","2","Not published by MEVnet","Not published by MEVnet","Not published by MEVnet","Not published by MEVnet","PLANMalaysia MEVnet","https://portaldev.planmalaysia.gov.my/portal/apps/dashboards/bba366dc3d144510bfd7cda771795f3d","184","2026-07-26T09:23:16Z"
"mevnet-185-chargev","mevnet-185","chargEV","1","4","4","Not published by MEVnet","Not published by MEVnet","Not published by MEVnet","Not published by MEVnet","PLANMalaysia MEVnet","https://portaldev.planmalaysia.gov.my/portal/apps/dashboards/bba366dc3d144510bfd7cda771795f3d","185","2026-07-26T09:23:16Z"
"mevnet-185-mini","mevnet-185","MINI","3","4","4","Not published by MEVnet","Not published by MEVnet","Not published by MEVnet","Not published by MEVnet","PLANMalaysia MEVnet","https://portaldev.planmalaysia.gov.my/portal/apps/dashboards/bba366dc3d144510bfd7cda771795f3d","185","2026-07-26T09:23:16Z"
"mevnet-185-others","mevnet-185","Others","4","4","4","Not published by MEVnet","Not published by MEVnet","Not published by MEVnet","Not published by MEVnet","PLANMalaysia MEVnet","https://portaldev.planmalaysia.gov.my/portal/apps/dashboards/bba366dc3d144510bfd7cda771795f3d","185","2026-07-26T09:23:16Z"
"mevnet-195-jomcharge","mevnet-195","JomCharge","2","0","2","Not published by MEVnet","Not published by MEVnet","Not published by MEVnet","Not published by MEVnet","PLANMalaysia MEVnet","https://portaldev.planmalaysia.gov.my/portal/apps/dashboards/bba366dc3d144510bfd7cda771795f3d","195","2026-07-26T09:23:16Z"
"mevnet-198-chargev","mevnet-198","chargEV","2","2","0","Not published by MEVnet","Not published by MEVnet","Not published by MEVnet","Not published by MEVnet","PLANMalaysia MEVnet","https://portaldev.planmalaysia.gov.my/portal/apps/dashboards/bba366dc3d144510bfd7cda771795f3d","198","2026-07-26T09:23:16Z"
"mevnet-200-zap","mevnet-200","Zap","1","0","1","Not published by MEVnet","Not published by MEVnet","Not published by MEVnet","Not published by MEVnet","PLANMalaysia MEVnet","https://portaldev.planmalaysia.gov.my/portal/apps/dashboards/bba366dc3d144510bfd7cda771795f3d","200","2026-07-26T09:23:16Z"
"mevnet-202-chargev","mevnet-202","chargEV","1","1","0","Not published by MEVnet","Not published by MEVnet","Not published by MEVnet","Not published by MEVnet","PLANMalaysia MEVnet","https://portaldev.planmalaysia.gov.my/portal/apps/dashboards/bba366dc3d144510bfd7cda771795f3d","202","2026-07-26T09:23:16Z"
"mevnet-206-chargev","mevnet-206","chargEV","1","1","0","Not published by MEVnet","Not published by MEVnet","Not published by MEVnet","Not published by MEVnet","PLANMalaysia MEVnet","https://portaldev.planmalaysia.gov.my/portal/apps/dashboards/bba366dc3d144510bfd7cda771795f3d","206","2026-07-26T09:23:16Z"
"mevnet-208-bmw","mevnet-208","BMW","2","5","0","Not published by MEVnet","Not published by MEVnet","Not published by MEVnet","Not published by MEVnet","PLANMalaysia MEVnet","https://portaldev.planmalaysia.gov.my/portal/apps/dashboards/bba366dc3d144510bfd7cda771795f3d","208","2026-07-26T09:23:16Z"
"mevnet-208-parkeasy","mevnet-208","ParkEasy","3","5","0","Not published by MEVnet","Not published by MEVnet","Not published by MEVnet","Not published by MEVnet","PLANMalaysia MEVnet","https://portaldev.planmalaysia.gov.my/portal/apps/dashboards/bba366dc3d144510bfd7cda771795f3d","208","2026-07-26T09:23:16Z"
"mevnet-211-parkeasy","mevnet-211","ParkEasy","2","2","0","Not published by MEVnet","Not published by MEVnet","Not published by MEVnet","Not published by MEVnet","PLANMalaysia MEVnet","https://portaldev.planmalaysia.gov.my/portal/apps/dashboards/bba366dc3d144510bfd7cda771795f3d","211","2026-07-26T09:23:16Z"
"mevnet-216-chargesini","mevnet-216","ChargeSini","2","2","0","Not published by MEVnet","Not published by MEVnet","Not published by MEVnet","Not published by MEVnet","PLANMalaysia MEVnet","https://portaldev.planmalaysia.gov.my/portal/apps/dashboards/bba366dc3d144510bfd7cda771795f3d","216","2026-07-26T09:23:16Z"
"mevnet-227-others","mevnet-227","Others","1","1","0","Not published by MEVnet","Not published by MEVnet","Not published by MEVnet","Not published by MEVnet","PLANMalaysia MEVnet","https://portaldev.planmalaysia.gov.my/portal/apps/dashboards/bba366dc3d144510bfd7cda771795f3d","227","2026-07-26T09:23:16Z"
"mevnet-233-chargev","mevnet-233","chargEV","2","2","2","Not published by MEVnet","Not published by MEVnet","Not published by MEVnet","Not published by MEVnet","PLANMalaysia MEVnet","https://portaldev.planmalaysia.gov.my/portal/apps/dashboards/bba366dc3d144510bfd7cda771795f3d","233","2026-07-26T09:23:16Z"
"mevnet-233-chargesini","mevnet-233","ChargeSini","2","2","2","Not published by MEVnet","Not published by MEVnet","Not published by MEVnet","Not published by MEVnet","PLANMalaysia MEVnet","https://portaldev.planmalaysia.gov.my/portal/apps/dashboards/bba366dc3d144510bfd7cda771795f3d","233","2026-07-26T09:23:16Z"
"mevnet-239-gentari","mevnet-239","Gentari","4","0","4","Not published by MEVnet","Not published by MEVnet","Not published by MEVnet","Not published by MEVnet","PLANMalaysia MEVnet","https://portaldev.planmalaysia.gov.my/portal/apps/dashboards/bba366dc3d144510bfd7cda771795f3d","239","2026-07-26T09:23:16Z"
"mevnet-241-chargev","mevnet-241","chargEV","2","2","0","Not published by MEVnet","Not published by MEVnet","Not published by MEVnet","Not published by MEVnet","PLANMalaysia MEVnet","https://portaldev.planmalaysia.gov.my/portal/apps/dashboards/bba366dc3d144510bfd7cda771795f3d","241","2026-07-26T09:23:16Z"
"mevnet-260-chargev","mevnet-260","chargEV","2","3","0","Not published by MEVnet","Not published by MEVnet","Not published by MEVnet","Not published by MEVnet","PLANMalaysia MEVnet","https://portaldev.planmalaysia.gov.my/portal/apps/dashboards/bba366dc3d144510bfd7cda771795f3d","260","2026-07-26T09:23:16Z"
"mevnet-260-others","mevnet-260","Others","1","3","0","Not published by MEVnet","Not published by MEVnet","Not published by MEVnet","Not published by MEVnet","PLANMalaysia MEVnet","https://portaldev.planmalaysia.gov.my/portal/apps/dashboards/bba366dc3d144510bfd7cda771795f3d","260","2026-07-26T09:23:16Z"
"mevnet-261-others","mevnet-261","Others","2","0","2","Not published by MEVnet","Not published by MEVnet","Not published by MEVnet","Not published by MEVnet","PLANMalaysia MEVnet","https://portaldev.planmalaysia.gov.my/portal/apps/dashboards/bba366dc3d144510bfd7cda771795f3d","261","2026-07-26T09:23:16Z"
"mevnet-269-sunway","mevnet-269","Sunway","18","18","4","Not published by MEVnet","Not published by MEVnet","Not published by MEVnet","Not published by MEVnet","PLANMalaysia MEVnet","https://portaldev.planmalaysia.gov.my/portal/apps/dashboards/bba366dc3d144510bfd7cda771795f3d","269","2026-07-26T09:23:16Z"
"mevnet-269-others","mevnet-269","Others","4","18","4","Not published by MEVnet","Not published by MEVnet","Not published by MEVnet","Not published by MEVnet","PLANMalaysia MEVnet","https://portaldev.planmalaysia.gov.my/portal/apps/dashboards/bba366dc3d144510bfd7cda771795f3d","269","2026-07-26T09:23:16Z"
"mevnet-287-gentari","mevnet-287","Gentari","3","3","0","Not published by MEVnet","Not published by MEVnet","Not published by MEVnet","Not published by MEVnet","PLANMalaysia MEVnet","https://portaldev.planmalaysia.gov.my/portal/apps/dashboards/bba366dc3d144510bfd7cda771795f3d","287","2026-07-26T09:23:16Z"
"mevnet-291-others","mevnet-291","Others","4","4","0","Not published by MEVnet","Not published by MEVnet","Not published by MEVnet","Not published by MEVnet","PLANMalaysia MEVnet","https://portaldev.planmalaysia.gov.my/portal/apps/dashboards/bba366dc3d144510bfd7cda771795f3d","291","2026-07-26T09:23:16Z"
"mevnet-294-chargev","mevnet-294","chargEV","2","2","0","Not published by MEVnet","Not published by MEVnet","Not published by MEVnet","Not published by MEVnet","PLANMalaysia MEVnet","https://portaldev.planmalaysia.gov.my/portal/apps/dashboards/bba366dc3d144510bfd7cda771795f3d","294","2026-07-26T09:23:16Z"
"mevnet-295-chargesini","mevnet-295","ChargeSini","4","2","2","Not published by MEVnet","Not published by MEVnet","Not published by MEVnet","Not published by MEVnet","PLANMalaysia MEVnet","https://portaldev.planmalaysia.gov.my/portal/apps/dashboards/bba366dc3d144510bfd7cda771795f3d","295","2026-07-26T09:23:16Z"
"mevnet-319-bmw","mevnet-319","BMW","2","3","2","Not published by MEVnet","Not published by MEVnet","Not published by MEVnet","Not published by MEVnet","PLANMalaysia MEVnet","https://portaldev.planmalaysia.gov.my/portal/apps/dashboards/bba366dc3d144510bfd7cda771795f3d","319","2026-07-26T09:23:16Z"
"mevnet-319-chargev","mevnet-319","chargEV","3","3","2","Not published by MEVnet","Not published by MEVnet","Not published by MEVnet","Not published by MEVnet","PLANMalaysia MEVnet","https://portaldev.planmalaysia.gov.my/portal/apps/dashboards/bba366dc3d144510bfd7cda771795f3d","319","2026-07-26T09:23:16Z"
"mevnet-403-chargev","mevnet-403","chargEV","2","0","2","Not published by MEVnet","Not published by MEVnet","Not published by MEVnet","Not published by MEVnet","PLANMalaysia MEVnet","https://portaldev.planmalaysia.gov.my/portal/apps/dashboards/bba366dc3d144510bfd7cda771795f3d","403","2026-07-26T09:23:16Z"
"mevnet-664-others","mevnet-664","Others","1","1","0","Not published by MEVnet","Not published by MEVnet","Not published by MEVnet","Not published by MEVnet","PLANMalaysia MEVnet","https://portaldev.planmalaysia.gov.my/portal/apps/dashboards/bba366dc3d144510bfd7cda771795f3d","664","2026-07-26T09:23:16Z"
"mevnet-722-chargev","mevnet-722","chargEV","1","1","0","Not published by MEVnet","Not published by MEVnet","Not published by MEVnet","Not published by MEVnet","PLANMalaysia MEVnet","https://portaldev.planmalaysia.gov.my/portal/apps/dashboards/bba366dc3d144510bfd7cda771795f3d","722","2026-07-26T09:23:16Z"
"mevnet-723-chargev","mevnet-723","chargEV","2","2","0","Not published by MEVnet","Not published by MEVnet","Not published by MEVnet","Not published by MEVnet","PLANMalaysia MEVnet","https://portaldev.planmalaysia.gov.my/portal/apps/dashboards/bba366dc3d144510bfd7cda771795f3d","723","2026-07-26T09:23:16Z"
"mevnet-740-chargev","mevnet-740","chargEV","2","3","0","Not published by MEVnet","Not published by MEVnet","Not published by MEVnet","Not published by MEVnet","PLANMalaysia MEVnet","https://portaldev.planmalaysia.gov.my/portal/apps/dashboards/bba366dc3d144510bfd7cda771795f3d","740","2026-07-26T09:23:16Z"
"mevnet-740-chargesini","mevnet-740","ChargeSini","1","3","0","Not published by MEVnet","Not published by MEVnet","Not published by MEVnet","Not published by MEVnet","PLANMalaysia MEVnet","https://portaldev.planmalaysia.gov.my/portal/apps/dashboards/bba366dc3d144510bfd7cda771795f3d","740","2026-07-26T09:23:16Z"
"mevnet-768-gentari","mevnet-768","Gentari","3","2","1","Not published by MEVnet","Not published by MEVnet","Not published by MEVnet","Not published by MEVnet","PLANMalaysia MEVnet","https://portaldev.planmalaysia.gov.my/portal/apps/dashboards/bba366dc3d144510bfd7cda771795f3d","768","2026-07-26T09:23:16Z"
"mevnet-770-shell-recharge","mevnet-770","Shell Recharge","4","4","0","Not published by MEVnet","Not published by MEVnet","Not published by MEVnet","Not published by MEVnet","PLANMalaysia MEVnet","https://portaldev.planmalaysia.gov.my/portal/apps/dashboards/bba366dc3d144510bfd7cda771795f3d","770","2026-07-26T09:23:16Z"
"mevnet-772-gentari","mevnet-772","Gentari","4","3","1","Not published by MEVnet","Not published by MEVnet","Not published by MEVnet","Not published by MEVnet","PLANMalaysia MEVnet","https://portaldev.planmalaysia.gov.my/portal/apps/dashboards/bba366dc3d144510bfd7cda771795f3d","772","2026-07-26T09:23:16Z"
"mevnet-776-others","mevnet-776","Others","2","2","0","Not published by MEVnet","Not published by MEVnet","Not published by MEVnet","Not published by MEVnet","PLANMalaysia MEVnet","https://portaldev.planmalaysia.gov.my/portal/apps/dashboards/bba366dc3d144510bfd7cda771795f3d","776","2026-07-26T09:23:16Z"
"mevnet-782-gentari","mevnet-782","Gentari","4","0","4","Not published by MEVnet","Not published by MEVnet","Not published by MEVnet","Not published by MEVnet","PLANMalaysia MEVnet","https://portaldev.planmalaysia.gov.my/portal/apps/dashboards/bba366dc3d144510bfd7cda771795f3d","782","2026-07-26T09:23:16Z"
"mevnet-783-chargev","mevnet-783","chargEV","4","2","2","Not published by MEVnet","Not published by MEVnet","Not published by MEVnet","Not published by MEVnet","PLANMalaysia MEVnet","https://portaldev.planmalaysia.gov.my/portal/apps/dashboards/bba366dc3d144510bfd7cda771795f3d","783","2026-07-26T09:23:16Z"
"mevnet-816-chargesini","mevnet-816","ChargeSini","2","0","2","Not published by MEVnet","Not published by MEVnet","Not published by MEVnet","Not published by MEVnet","PLANMalaysia MEVnet","https://portaldev.planmalaysia.gov.my/portal/apps/dashboards/bba366dc3d144510bfd7cda771795f3d","816","2026-07-26T09:23:16Z"
"mevnet-818-gentari","mevnet-818","Gentari","3","0","3","Not published by MEVnet","Not published by MEVnet","Not published by MEVnet","Not published by MEVnet","PLANMalaysia MEVnet","https://portaldev.planmalaysia.gov.my/portal/apps/dashboards/bba366dc3d144510bfd7cda771795f3d","818","2026-07-26T09:23:16Z"
"mevnet-819-gentari","mevnet-819","Gentari","1","0","1","Not published by MEVnet","Not published by MEVnet","Not published by MEVnet","Not published by MEVnet","PLANMalaysia MEVnet","https://portaldev.planmalaysia.gov.my/portal/apps/dashboards/bba366dc3d144510bfd7cda771795f3d","819","2026-07-26T09:23:16Z"
"mevnet-837-chargev","mevnet-837","chargEV","1","1","0","Not published by MEVnet","Not published by MEVnet","Not published by MEVnet","Not published by MEVnet","PLANMalaysia MEVnet","https://portaldev.planmalaysia.gov.my/portal/apps/dashboards/bba366dc3d144510bfd7cda771795f3d","837","2026-07-26T09:23:16Z"
"mevnet-842-gentari","mevnet-842","Gentari","2","0","2","Not published by MEVnet","Not published by MEVnet","Not published by MEVnet","Not published by MEVnet","PLANMalaysia MEVnet","https://portaldev.planmalaysia.gov.my/portal/apps/dashboards/bba366dc3d144510bfd7cda771795f3d","842","2026-07-26T09:23:16Z"
"mevnet-854-shell-recharge","mevnet-854","Shell Recharge","2","2","0","Not published by MEVnet","Not published by MEVnet","Not published by MEVnet","Not published by MEVnet","PLANMalaysia MEVnet","https://portaldev.planmalaysia.gov.my/portal/apps/dashboards/bba366dc3d144510bfd7cda771795f3d","854","2026-07-26T09:23:16Z"
"mevnet-858-gentari","mevnet-858","Gentari","10","10","0","Not published by MEVnet","Not published by MEVnet","Not published by MEVnet","Not published by MEVnet","PLANMalaysia MEVnet","https://portaldev.planmalaysia.gov.my/portal/apps/dashboards/bba366dc3d144510bfd7cda771795f3d","858","2026-07-26T09:23:16Z"
"mevnet-863-chargev","mevnet-863","chargEV","4","2","2","Not published by MEVnet","Not published by MEVnet","Not published by MEVnet","Not published by MEVnet","PLANMalaysia MEVnet","https://portaldev.planmalaysia.gov.my/portal/apps/dashboards/bba366dc3d144510bfd7cda771795f3d","863","2026-07-26T09:23:16Z"
"mevnet-866-jomcharge","mevnet-866","JomCharge","2","0","3","Not published by MEVnet","Not published by MEVnet","Not published by MEVnet","Not published by MEVnet","PLANMalaysia MEVnet","https://portaldev.planmalaysia.gov.my/portal/apps/dashboards/bba366dc3d144510bfd7cda771795f3d","866","2026-07-26T09:23:16Z"
"mevnet-866-others","mevnet-866","Others","1","0","3","Not published by MEVnet","Not published by MEVnet","Not published by MEVnet","Not published by MEVnet","PLANMalaysia MEVnet","https://portaldev.planmalaysia.gov.my/portal/apps/dashboards/bba366dc3d144510bfd7cda771795f3d","866","2026-07-26T09:23:16Z"
"mevnet-867-parkeasy","mevnet-867","ParkEasy","2","2","0","Not published by MEVnet","Not published by MEVnet","Not published by MEVnet","Not published by MEVnet","PLANMalaysia MEVnet","https://portaldev.planmalaysia.gov.my/portal/apps/dashboards/bba366dc3d144510bfd7cda771795f3d","867","2026-07-26T09:23:16Z"
"mevnet-874-chargev","mevnet-874","chargEV","2","12","0","Not published by MEVnet","Not published by MEVnet","Not published by MEVnet","Not published by MEVnet","PLANMalaysia MEVnet","https://portaldev.planmalaysia.gov.my/portal/apps/dashboards/bba366dc3d144510bfd7cda771795f3d","874","2026-07-26T09:23:16Z"
"mevnet-874-gentari","mevnet-874","Gentari","10","12","0","Not published by MEVnet","Not published by MEVnet","Not published by MEVnet","Not published by MEVnet","PLANMalaysia MEVnet","https://portaldev.planmalaysia.gov.my/portal/apps/dashboards/bba366dc3d144510bfd7cda771795f3d","874","2026-07-26T09:23:16Z"
"mevnet-878-shell-recharge","mevnet-878","Shell Recharge","3","3","0","Not published by MEVnet","Not published by MEVnet","Not published by MEVnet","Not published by MEVnet","PLANMalaysia MEVnet","https://portaldev.planmalaysia.gov.my/portal/apps/dashboards/bba366dc3d144510bfd7cda771795f3d","878","2026-07-26T09:23:16Z"
"mevnet-879-1utama","mevnet-879","1Utama","11","11","0","Not published by MEVnet","Not published by MEVnet","Not published by MEVnet","Not published by MEVnet","PLANMalaysia MEVnet","https://portaldev.planmalaysia.gov.my/portal/apps/dashboards/bba366dc3d144510bfd7cda771795f3d","879","2026-07-26T09:23:16Z"
"mevnet-882-chargev","mevnet-882","chargEV","2","2","0","Not published by MEVnet","Not published by MEVnet","Not published by MEVnet","Not published by MEVnet","PLANMalaysia MEVnet","https://portaldev.planmalaysia.gov.my/portal/apps/dashboards/bba366dc3d144510bfd7cda771795f3d","882","2026-07-26T09:23:16Z"
"mevnet-883-parkeasy","mevnet-883","ParkEasy","3","3","0","Not published by MEVnet","Not published by MEVnet","Not published by MEVnet","Not published by MEVnet","PLANMalaysia MEVnet","https://portaldev.planmalaysia.gov.my/portal/apps/dashboards/bba366dc3d144510bfd7cda771795f3d","883","2026-07-26T09:23:16Z"
"mevnet-884-others","mevnet-884","Others","4","4","0","Not published by MEVnet","Not published by MEVnet","Not published by MEVnet","Not published by MEVnet","PLANMalaysia MEVnet","https://portaldev.planmalaysia.gov.my/portal/apps/dashboards/bba366dc3d144510bfd7cda771795f3d","884","2026-07-26T09:23:16Z"
"mevnet-887-chargesini","mevnet-887","ChargeSini","2","0","2","Not published by MEVnet","Not published by MEVnet","Not published by MEVnet","Not published by MEVnet","PLANMalaysia MEVnet","https://portaldev.planmalaysia.gov.my/portal/apps/dashboards/bba366dc3d144510bfd7cda771795f3d","887","2026-07-26T09:23:16Z"
"mevnet-889-jomcharge","mevnet-889","JomCharge","9","14","4","Not published by MEVnet","Not published by MEVnet","Not published by MEVnet","Not published by MEVnet","PLANMalaysia MEVnet","https://portaldev.planmalaysia.gov.my/portal/apps/dashboards/bba366dc3d144510bfd7cda771795f3d","889","2026-07-26T09:23:16Z"
"mevnet-889-shell-recharge","mevnet-889","Shell Recharge","5","14","4","Not published by MEVnet","Not published by MEVnet","Not published by MEVnet","Not published by MEVnet","PLANMalaysia MEVnet","https://portaldev.planmalaysia.gov.my/portal/apps/dashboards/bba366dc3d144510bfd7cda771795f3d","889","2026-07-26T09:23:16Z"
"mevnet-889-others","mevnet-889","Others","4","14","4","Not published by MEVnet","Not published by MEVnet","Not published by MEVnet","Not published by MEVnet","PLANMalaysia MEVnet","https://portaldev.planmalaysia.gov.my/portal/apps/dashboards/bba366dc3d144510bfd7cda771795f3d","889","2026-07-26T09:23:16Z"
"mevnet-891-chargev","mevnet-891","chargEV","5","0","5","Not published by MEVnet","Not published by MEVnet","Not published by MEVnet","Not published by MEVnet","PLANMalaysia MEVnet","https://portaldev.planmalaysia.gov.my/portal/apps/dashboards/bba366dc3d144510bfd7cda771795f3d","891","2026-07-26T09:23:16Z"
"mevnet-892-others","mevnet-892","Others","4","4","0","Not published by MEVnet","Not published by MEVnet","Not published by MEVnet","Not published by MEVnet","PLANMalaysia MEVnet","https://portaldev.planmalaysia.gov.my/portal/apps/dashboards/bba366dc3d144510bfd7cda771795f3d","892","2026-07-26T09:23:16Z"
"mevnet-894-chargev","mevnet-894","chargEV","2","8","10","Not published by MEVnet","Not published by MEVnet","Not published by MEVnet","Not published by MEVnet","PLANMalaysia MEVnet","https://portaldev.planmalaysia.gov.my/portal/apps/dashboards/bba366dc3d144510bfd7cda771795f3d","894","2026-07-26T09:23:16Z"
"mevnet-894-chargesini","mevnet-894","ChargeSini","8","8","10","Not published by MEVnet","Not published by MEVnet","Not published by MEVnet","Not published by MEVnet","PLANMalaysia MEVnet","https://portaldev.planmalaysia.gov.my/portal/apps/dashboards/bba366dc3d144510bfd7cda771795f3d","894","2026-07-26T09:23:16Z"
"mevnet-894-jomcharge","mevnet-894","JomCharge","4","8","10","Not published by MEVnet","Not published by MEVnet","Not published by MEVnet","Not published by MEVnet","PLANMalaysia MEVnet","https://portaldev.planmalaysia.gov.my/portal/apps/dashboards/bba366dc3d144510bfd7cda771795f3d","894","2026-07-26T09:23:16Z"
"mevnet-894-zap","mevnet-894","Zap","4","8","10","Not published by MEVnet","Not published by MEVnet","Not published by MEVnet","Not published by MEVnet","PLANMalaysia MEVnet","https://portaldev.planmalaysia.gov.my/portal/apps/dashboards/bba366dc3d144510bfd7cda771795f3d","894","2026-07-26T09:23:16Z"
"mevnet-898-chargev","mevnet-898","chargEV","2","2","0","Not published by MEVnet","Not published by MEVnet","Not published by MEVnet","Not published by MEVnet","PLANMalaysia MEVnet","https://portaldev.planmalaysia.gov.my/portal/apps/dashboards/bba366dc3d144510bfd7cda771795f3d","898","2026-07-26T09:23:16Z"
"mevnet-905-others","mevnet-905","Others","2","2","0","Not published by MEVnet","Not published by MEVnet","Not published by MEVnet","Not published by MEVnet","PLANMalaysia MEVnet","https://portaldev.planmalaysia.gov.my/portal/apps/dashboards/bba366dc3d144510bfd7cda771795f3d","905","2026-07-26T09:23:16Z"
"mevnet-906-zap","mevnet-906","Zap","3","3","0","Not published by MEVnet","Not published by MEVnet","Not published by MEVnet","Not published by MEVnet","PLANMalaysia MEVnet","https://portaldev.planmalaysia.gov.my/portal/apps/dashboards/bba366dc3d144510bfd7cda771795f3d","906","2026-07-26T09:23:16Z"
"mevnet-909-chargev","mevnet-909","chargEV","6","18","0","Not published by MEVnet","Not published by MEVnet","Not published by MEVnet","Not published by MEVnet","PLANMalaysia MEVnet","https://portaldev.planmalaysia.gov.my/portal/apps/dashboards/bba366dc3d144510bfd7cda771795f3d","909","2026-07-26T09:23:16Z"
"mevnet-909-gentari","mevnet-909","Gentari","12","18","0","Not published by MEVnet","Not published by MEVnet","Not published by MEVnet","Not published by MEVnet","PLANMalaysia MEVnet","https://portaldev.planmalaysia.gov.my/portal/apps/dashboards/bba366dc3d144510bfd7cda771795f3d","909","2026-07-26T09:23:16Z"
"mevnet-910-chargev","mevnet-910","chargEV","3","3","0","Not published by MEVnet","Not published by MEVnet","Not published by MEVnet","Not published by MEVnet","PLANMalaysia MEVnet","https://portaldev.planmalaysia.gov.my/portal/apps/dashboards/bba366dc3d144510bfd7cda771795f3d","910","2026-07-26T09:23:16Z"
"mevnet-913-chargev","mevnet-913","chargEV","2","5","0","Not published by MEVnet","Not published by MEVnet","Not published by MEVnet","Not published by MEVnet","PLANMalaysia MEVnet","https://portaldev.planmalaysia.gov.my/portal/apps/dashboards/bba366dc3d144510bfd7cda771795f3d","913","2026-07-26T09:23:16Z"
"mevnet-913-shell-recharge","mevnet-913","Shell Recharge","3","5","0","Not published by MEVnet","Not published by MEVnet","Not published by MEVnet","Not published by MEVnet","PLANMalaysia MEVnet","https://portaldev.planmalaysia.gov.my/portal/apps/dashboards/bba366dc3d144510bfd7cda771795f3d","913","2026-07-26T09:23:16Z"
"mevnet-916-jomcharge","mevnet-916","JomCharge","5","5","0","Not published by MEVnet","Not published by MEVnet","Not published by MEVnet","Not published by MEVnet","PLANMalaysia MEVnet","https://portaldev.planmalaysia.gov.my/portal/apps/dashboards/bba366dc3d144510bfd7cda771795f3d","916","2026-07-26T09:23:16Z"
"mevnet-917-others","mevnet-917","Others","1","1","0","Not published by MEVnet","Not published by MEVnet","Not published by MEVnet","Not published by MEVnet","PLANMalaysia MEVnet","https://portaldev.planmalaysia.gov.my/portal/apps/dashboards/bba366dc3d144510bfd7cda771795f3d","917","2026-07-26T09:23:16Z"
"mevnet-918-chargev","mevnet-918","chargEV","1","1","0","Not published by MEVnet","Not published by MEVnet","Not published by MEVnet","Not published by MEVnet","PLANMalaysia MEVnet","https://portaldev.planmalaysia.gov.my/portal/apps/dashboards/bba366dc3d144510bfd7cda771795f3d","918","2026-07-26T09:23:16Z"
"mevnet-919-flexi-parking","mevnet-919","Flexi Parking","2","2","0","Not published by MEVnet","Not published by MEVnet","Not published by MEVnet","Not published by MEVnet","PLANMalaysia MEVnet","https://portaldev.planmalaysia.gov.my/portal/apps/dashboards/bba366dc3d144510bfd7cda771795f3d","919","2026-07-26T09:23:16Z"
"mevnet-920-flexi-parking","mevnet-920","Flexi Parking","2","2","0","Not published by MEVnet","Not published by MEVnet","Not published by MEVnet","Not published by MEVnet","PLANMalaysia MEVnet","https://portaldev.planmalaysia.gov.my/portal/apps/dashboards/bba366dc3d144510bfd7cda771795f3d","920","2026-07-26T09:23:16Z"
"mevnet-924-chargev","mevnet-924","chargEV","7","5","2","Not published by MEVnet","Not published by MEVnet","Not published by MEVnet","Not published by MEVnet","PLANMalaysia MEVnet","https://portaldev.planmalaysia.gov.my/portal/apps/dashboards/bba366dc3d144510bfd7cda771795f3d","924","2026-07-26T09:23:16Z"
"mevnet-925-chargev","mevnet-925","chargEV","2","2","0","Not published by MEVnet","Not published by MEVnet","Not published by MEVnet","Not published by MEVnet","PLANMalaysia MEVnet","https://portaldev.planmalaysia.gov.my/portal/apps/dashboards/bba366dc3d144510bfd7cda771795f3d","925","2026-07-26T09:23:16Z"
"mevnet-928-chargev","mevnet-928","chargEV","4","2","2","Not published by MEVnet","Not published by MEVnet","Not published by MEVnet","Not published by MEVnet","PLANMalaysia MEVnet","https://portaldev.planmalaysia.gov.my/portal/apps/dashboards/bba366dc3d144510bfd7cda771795f3d","928","2026-07-26T09:23:16Z"
"mevnet-930-chargev","mevnet-930","chargEV","1","19","7","Not published by MEVnet","Not published by MEVnet","Not published by MEVnet","Not published by MEVnet","PLANMalaysia MEVnet","https://portaldev.planmalaysia.gov.my/portal/apps/dashboards/bba366dc3d144510bfd7cda771795f3d","930","2026-07-26T09:23:16Z"
"mevnet-930-shell-recharge","mevnet-930","Shell Recharge","10","19","7","Not published by MEVnet","Not published by MEVnet","Not published by MEVnet","Not published by MEVnet","PLANMalaysia MEVnet","https://portaldev.planmalaysia.gov.my/portal/apps/dashboards/bba366dc3d144510bfd7cda771795f3d","930","2026-07-26T09:23:16Z"
"mevnet-930-others","mevnet-930","Others","15","19","7","Not published by MEVnet","Not published by MEVnet","Not published by MEVnet","Not published by MEVnet","PLANMalaysia MEVnet","https://portaldev.planmalaysia.gov.my/portal/apps/dashboards/bba366dc3d144510bfd7cda771795f3d","930","2026-07-26T09:23:16Z"
"mevnet-932-others","mevnet-932","Others","3","3","0","Not published by MEVnet","Not published by MEVnet","Not published by MEVnet","Not published by MEVnet","PLANMalaysia MEVnet","https://portaldev.planmalaysia.gov.my/portal/apps/dashboards/bba366dc3d144510bfd7cda771795f3d","932","2026-07-26T09:23:16Z"
"mevnet-938-shell-recharge","mevnet-938","Shell Recharge","2","2","0","Not published by MEVnet","Not published by MEVnet","Not published by MEVnet","Not published by MEVnet","PLANMalaysia MEVnet","https://portaldev.planmalaysia.gov.my/portal/apps/dashboards/bba366dc3d144510bfd7cda771795f3d","938","2026-07-26T09:23:16Z"
"mevnet-941-chargesini","mevnet-941","ChargeSini","2","0","2","Not published by MEVnet","Not published by MEVnet","Not published by MEVnet","Not published by MEVnet","PLANMalaysia MEVnet","https://portaldev.planmalaysia.gov.my/portal/apps/dashboards/bba366dc3d144510bfd7cda771795f3d","941","2026-07-26T09:23:16Z"
"mevnet-944-flexi-parking","mevnet-944","Flexi Parking","2","2","0","Not published by MEVnet","Not published by MEVnet","Not published by MEVnet","Not published by MEVnet","PLANMalaysia MEVnet","https://portaldev.planmalaysia.gov.my/portal/apps/dashboards/bba366dc3d144510bfd7cda771795f3d","944","2026-07-26T09:23:16Z"
"mevnet-948-chargesini","mevnet-948","ChargeSini","2","0","2","Not published by MEVnet","Not published by MEVnet","Not published by MEVnet","Not published by MEVnet","PLANMalaysia MEVnet","https://portaldev.planmalaysia.gov.my/portal/apps/dashboards/bba366dc3d144510bfd7cda771795f3d","948","2026-07-26T09:23:16Z"
"mevnet-953-chargev","mevnet-953","chargEV","1","1","0","Not published by MEVnet","Not published by MEVnet","Not published by MEVnet","Not published by MEVnet","PLANMalaysia MEVnet","https://portaldev.planmalaysia.gov.my/portal/apps/dashboards/bba366dc3d144510bfd7cda771795f3d","953","2026-07-26T09:23:16Z"
"mevnet-954-gentari","mevnet-954","Gentari","1","0","1","Not published by MEVnet","Not published by MEVnet","Not published by MEVnet","Not published by MEVnet","PLANMalaysia MEVnet","https://portaldev.planmalaysia.gov.my/portal/apps/dashboards/bba366dc3d144510bfd7cda771795f3d","954","2026-07-26T09:23:16Z"
"mevnet-963-chargev","mevnet-963","chargEV","2","2","0","Not published by MEVnet","Not published by MEVnet","Not published by MEVnet","Not published by MEVnet","PLANMalaysia MEVnet","https://portaldev.planmalaysia.gov.my/portal/apps/dashboards/bba366dc3d144510bfd7cda771795f3d","963","2026-07-26T09:23:16Z"
"mevnet-964-chargev","mevnet-964","chargEV","2","2","0","Not published by MEVnet","Not published by MEVnet","Not published by MEVnet","Not published by MEVnet","PLANMalaysia MEVnet","https://portaldev.planmalaysia.gov.my/portal/apps/dashboards/bba366dc3d144510bfd7cda771795f3d","964","2026-07-26T09:23:16Z"
"mevnet-965-chargev","mevnet-965","chargEV","8","2","6","Not published by MEVnet","Not published by MEVnet","Not published by MEVnet","Not published by MEVnet","PLANMalaysia MEVnet","https://portaldev.planmalaysia.gov.my/portal/apps/dashboards/bba366dc3d144510bfd7cda771795f3d","965","2026-07-26T09:23:16Z"
"mevnet-966-parkeasy","mevnet-966","ParkEasy","4","4","0","Not published by MEVnet","Not published by MEVnet","Not published by MEVnet","Not published by MEVnet","PLANMalaysia MEVnet","https://portaldev.planmalaysia.gov.my/portal/apps/dashboards/bba366dc3d144510bfd7cda771795f3d","966","2026-07-26T09:23:16Z"
"mevnet-967-shell-recharge","mevnet-967","Shell Recharge","3","3","0","Not published by MEVnet","Not published by MEVnet","Not published by MEVnet","Not published by MEVnet","PLANMalaysia MEVnet","https://portaldev.planmalaysia.gov.my/portal/apps/dashboards/bba366dc3d144510bfd7cda771795f3d","967","2026-07-26T09:23:16Z"
"mevnet-968-chargev","mevnet-968","chargEV","2","2","0","Not published by MEVnet","Not published by MEVnet","Not published by MEVnet","Not published by MEVnet","PLANMalaysia MEVnet","https://portaldev.planmalaysia.gov.my/portal/apps/dashboards/bba366dc3d144510bfd7cda771795f3d","968","2026-07-26T09:23:16Z"
"mevnet-969-chargev","mevnet-969","chargEV","1","1","0","Not published by MEVnet","Not published by MEVnet","Not published by MEVnet","Not published by MEVnet","PLANMalaysia MEVnet","https://portaldev.planmalaysia.gov.my/portal/apps/dashboards/bba366dc3d144510bfd7cda771795f3d","969","2026-07-26T09:23:16Z"
"mevnet-976-shell-recharge","mevnet-976","Shell Recharge","3","4","1","Not published by MEVnet","Not published by MEVnet","Not published by MEVnet","Not published by MEVnet","PLANMalaysia MEVnet","https://portaldev.planmalaysia.gov.my/portal/apps/dashboards/bba366dc3d144510bfd7cda771795f3d","976","2026-07-26T09:23:16Z"
"mevnet-976-others","mevnet-976","Others","2","4","1","Not published by MEVnet","Not published by MEVnet","Not published by MEVnet","Not published by MEVnet","PLANMalaysia MEVnet","https://portaldev.planmalaysia.gov.my/portal/apps/dashboards/bba366dc3d144510bfd7cda771795f3d","976","2026-07-26T09:23:16Z"
"mevnet-977-others","mevnet-977","Others","1","1","0","Not published by MEVnet","Not published by MEVnet","Not published by MEVnet","Not published by MEVnet","PLANMalaysia MEVnet","https://portaldev.planmalaysia.gov.my/portal/apps/dashboards/bba366dc3d144510bfd7cda771795f3d","977","2026-07-26T09:23:16Z"
"mevnet-978-shell-recharge","mevnet-978","Shell Recharge","2","2","0","Not published by MEVnet","Not published by MEVnet","Not published by MEVnet","Not published by MEVnet","PLANMalaysia MEVnet","https://portaldev.planmalaysia.gov.my/portal/apps/dashboards/bba366dc3d144510bfd7cda771795f3d","978","2026-07-26T09:23:16Z"
"mevnet-980-chargev","mevnet-980","chargEV","4","2","2","Not published by MEVnet","Not published by MEVnet","Not published by MEVnet","Not published by MEVnet","PLANMalaysia MEVnet","https://portaldev.planmalaysia.gov.my/portal/apps/dashboards/bba366dc3d144510bfd7cda771795f3d","980","2026-07-26T09:23:16Z"
"mevnet-983-jomcharge","mevnet-983","JomCharge","3","3","0","Not published by MEVnet","Not published by MEVnet","Not published by MEVnet","Not published by MEVnet","PLANMalaysia MEVnet","https://portaldev.planmalaysia.gov.my/portal/apps/dashboards/bba366dc3d144510bfd7cda771795f3d","983","2026-07-26T09:23:16Z"
"mevnet-984-chargev","mevnet-984","chargEV","4","2","2","Not published by MEVnet","Not published by MEVnet","Not published by MEVnet","Not published by MEVnet","PLANMalaysia MEVnet","https://portaldev.planmalaysia.gov.my/portal/apps/dashboards/bba366dc3d144510bfd7cda771795f3d","984","2026-07-26T09:23:16Z"
"mevnet-985-chargesini","mevnet-985","ChargeSini","3","6","3","Not published by MEVnet","Not published by MEVnet","Not published by MEVnet","Not published by MEVnet","PLANMalaysia MEVnet","https://portaldev.planmalaysia.gov.my/portal/apps/dashboards/bba366dc3d144510bfd7cda771795f3d","985","2026-07-26T09:23:16Z"
"mevnet-985-shell-recharge","mevnet-985","Shell Recharge","3","6","3","Not published by MEVnet","Not published by MEVnet","Not published by MEVnet","Not published by MEVnet","PLANMalaysia MEVnet","https://portaldev.planmalaysia.gov.my/portal/apps/dashboards/bba366dc3d144510bfd7cda771795f3d","985","2026-07-26T09:23:16Z"
"mevnet-985-others","mevnet-985","Others","3","6","3","Not published by MEVnet","Not published by MEVnet","Not published by MEVnet","Not published by MEVnet","PLANMalaysia MEVnet","https://portaldev.planmalaysia.gov.my/portal/apps/dashboards/bba366dc3d144510bfd7cda771795f3d","985","2026-07-26T09:23:16Z"
"mevnet-986-parkeasy","mevnet-986","ParkEasy","2","2","0","Not published by MEVnet","Not published by MEVnet","Not published by MEVnet","Not published by MEVnet","PLANMalaysia MEVnet","https://portaldev.planmalaysia.gov.my/portal/apps/dashboards/bba366dc3d144510bfd7cda771795f3d","986","2026-07-26T09:23:16Z"
"mevnet-988-parkeasy","mevnet-988","ParkEasy","4","6","6","Not published by MEVnet","Not published by MEVnet","Not published by MEVnet","Not published by MEVnet","PLANMalaysia MEVnet","https://portaldev.planmalaysia.gov.my/portal/apps/dashboards/bba366dc3d144510bfd7cda771795f3d","988","2026-07-26T09:23:16Z"
"mevnet-988-others","mevnet-988","Others","8","6","6","Not published by MEVnet","Not published by MEVnet","Not published by MEVnet","Not published by MEVnet","PLANMalaysia MEVnet","https://portaldev.planmalaysia.gov.my/portal/apps/dashboards/bba366dc3d144510bfd7cda771795f3d","988","2026-07-26T09:23:16Z"
"mevnet-990-gentari","mevnet-990","Gentari","5","3","2","Not published by MEVnet","Not published by MEVnet","Not published by MEVnet","Not published by MEVnet","PLANMalaysia MEVnet","https://portaldev.planmalaysia.gov.my/portal/apps/dashboards/bba366dc3d144510bfd7cda771795f3d","990","2026-07-26T09:23:16Z"
"mevnet-991-gentari","mevnet-991","Gentari","5","10","6","Not published by MEVnet","Not published by MEVnet","Not published by MEVnet","Not published by MEVnet","PLANMalaysia MEVnet","https://portaldev.planmalaysia.gov.my/portal/apps/dashboards/bba366dc3d144510bfd7cda771795f3d","991","2026-07-26T09:23:16Z"
"mevnet-991-kineta","mevnet-991","Kineta","6","10","6","Not published by MEVnet","Not published by MEVnet","Not published by MEVnet","Not published by MEVnet","PLANMalaysia MEVnet","https://portaldev.planmalaysia.gov.my/portal/apps/dashboards/bba366dc3d144510bfd7cda771795f3d","991","2026-07-26T09:23:16Z"
"mevnet-991-zap","mevnet-991","Zap","5","10","6","Not published by MEVnet","Not published by MEVnet","Not published by MEVnet","Not published by MEVnet","PLANMalaysia MEVnet","https://portaldev.planmalaysia.gov.my/portal/apps/dashboards/bba366dc3d144510bfd7cda771795f3d","991","2026-07-26T09:23:16Z"
"mevnet-992-chargev","mevnet-992","chargEV","2","2","0","Not published by MEVnet","Not published by MEVnet","Not published by MEVnet","Not published by MEVnet","PLANMalaysia MEVnet","https://portaldev.planmalaysia.gov.my/portal/apps/dashboards/bba366dc3d144510bfd7cda771795f3d","992","2026-07-26T09:23:16Z"
"mevnet-994-others","mevnet-994","Others","3","2","1","Not published by MEVnet","Not published by MEVnet","Not published by MEVnet","Not published by MEVnet","PLANMalaysia MEVnet","https://portaldev.planmalaysia.gov.my/portal/apps/dashboards/bba366dc3d144510bfd7cda771795f3d","994","2026-07-26T09:23:16Z"
"mevnet-997-shell-recharge","mevnet-997","Shell Recharge","3","1","10","Not published by MEVnet","Not published by MEVnet","Not published by MEVnet","Not published by MEVnet","PLANMalaysia MEVnet","https://portaldev.planmalaysia.gov.my/portal/apps/dashboards/bba366dc3d144510bfd7cda771795f3d","997","2026-07-26T09:23:16Z"
"mevnet-997-others","mevnet-997","Others","8","1","10","Not published by MEVnet","Not published by MEVnet","Not published by MEVnet","Not published by MEVnet","PLANMalaysia MEVnet","https://portaldev.planmalaysia.gov.my/portal/apps/dashboards/bba366dc3d144510bfd7cda771795f3d","997","2026-07-26T09:23:16Z"
"mevnet-998-chargev","mevnet-998","chargEV","7","3","4","Not published by MEVnet","Not published by MEVnet","Not published by MEVnet","Not published by MEVnet","PLANMalaysia MEVnet","https://portaldev.planmalaysia.gov.my/portal/apps/dashboards/bba366dc3d144510bfd7cda771795f3d","998","2026-07-26T09:23:16Z"
"mevnet-999-chargev","mevnet-999","chargEV","10","6","4","Not published by MEVnet","Not published by MEVnet","Not published by MEVnet","Not published by MEVnet","PLANMalaysia MEVnet","https://portaldev.planmalaysia.gov.my/portal/apps/dashboards/bba366dc3d144510bfd7cda771795f3d","999","2026-07-26T09:23:16Z"
"mevnet-1001-others","mevnet-1001","Others","3","3","0","Not published by MEVnet","Not published by MEVnet","Not published by MEVnet","Not published by MEVnet","PLANMalaysia MEVnet","https://portaldev.planmalaysia.gov.my/portal/apps/dashboards/bba366dc3d144510bfd7cda771795f3d","1001","2026-07-26T09:23:16Z"
"mevnet-1002-chargev","mevnet-1002","chargEV","4","2","2","Not published by MEVnet","Not published by MEVnet","Not published by MEVnet","Not published by MEVnet","PLANMalaysia MEVnet","https://portaldev.planmalaysia.gov.my/portal/apps/dashboards/bba366dc3d144510bfd7cda771795f3d","1002","2026-07-26T09:23:16Z"
"mevnet-1003-chargev","mevnet-1003","chargEV","3","3","0","Not published by MEVnet","Not published by MEVnet","Not published by MEVnet","Not published by MEVnet","PLANMalaysia MEVnet","https://portaldev.planmalaysia.gov.my/portal/apps/dashboards/bba366dc3d144510bfd7cda771795f3d","1003","2026-07-26T09:23:16Z"
"mevnet-1005-gentari","mevnet-1005","Gentari","2","0","4","Not published by MEVnet","Not published by MEVnet","Not published by MEVnet","Not published by MEVnet","PLANMalaysia MEVnet","https://portaldev.planmalaysia.gov.my/portal/apps/dashboards/bba366dc3d144510bfd7cda771795f3d","1005","2026-07-26T09:23:16Z"
"mevnet-1005-zap","mevnet-1005","Zap","2","0","4","Not published by MEVnet","Not published by MEVnet","Not published by MEVnet","Not published by MEVnet","PLANMalaysia MEVnet","https://portaldev.planmalaysia.gov.my/portal/apps/dashboards/bba366dc3d144510bfd7cda771795f3d","1005","2026-07-26T09:23:16Z"
"mevnet-1006-shell-recharge","mevnet-1006","Shell Recharge","3","3","0","Not published by MEVnet","Not published by MEVnet","Not published by MEVnet","Not published by MEVnet","PLANMalaysia MEVnet","https://portaldev.planmalaysia.gov.my/portal/apps/dashboards/bba366dc3d144510bfd7cda771795f3d","1006","2026-07-26T09:23:16Z"
"mevnet-1008-others","mevnet-1008","Others","2","2","0","Not published by MEVnet","Not published by MEVnet","Not published by MEVnet","Not published by MEVnet","PLANMalaysia MEVnet","https://portaldev.planmalaysia.gov.my/portal/apps/dashboards/bba366dc3d144510bfd7cda771795f3d","1008","2026-07-26T09:23:16Z"
"mevnet-1009-parkeasy","mevnet-1009","ParkEasy","3","3","0","Not published by MEVnet","Not published by MEVnet","Not published by MEVnet","Not published by MEVnet","PLANMalaysia MEVnet","https://portaldev.planmalaysia.gov.my/portal/apps/dashboards/bba366dc3d144510bfd7cda771795f3d","1009","2026-07-26T09:23:16Z"
"mevnet-1013-others","mevnet-1013","Others","2","0","2","Not published by MEVnet","Not published by MEVnet","Not published by MEVnet","Not published by MEVnet","PLANMalaysia MEVnet","https://portaldev.planmalaysia.gov.my/portal/apps/dashboards/bba366dc3d144510bfd7cda771795f3d","1013","2026-07-26T09:23:16Z"
"mevnet-1014-parkeasy","mevnet-1014","ParkEasy","2","2","0","Not published by MEVnet","Not published by MEVnet","Not published by MEVnet","Not published by MEVnet","PLANMalaysia MEVnet","https://portaldev.planmalaysia.gov.my/portal/apps/dashboards/bba366dc3d144510bfd7cda771795f3d","1014","2026-07-26T09:23:16Z"
"mevnet-1016-gentari","mevnet-1016","Gentari","3","9","0","Not published by MEVnet","Not published by MEVnet","Not published by MEVnet","Not published by MEVnet","PLANMalaysia MEVnet","https://portaldev.planmalaysia.gov.my/portal/apps/dashboards/bba366dc3d144510bfd7cda771795f3d","1016","2026-07-26T09:23:16Z"
"mevnet-1016-others","mevnet-1016","Others","6","9","0","Not published by MEVnet","Not published by MEVnet","Not published by MEVnet","Not published by MEVnet","PLANMalaysia MEVnet","https://portaldev.planmalaysia.gov.my/portal/apps/dashboards/bba366dc3d144510bfd7cda771795f3d","1016","2026-07-26T09:23:16Z"
"mevnet-1017-zap","mevnet-1017","Zap","2","2","0","Not published by MEVnet","Not published by MEVnet","Not published by MEVnet","Not published by MEVnet","PLANMalaysia MEVnet","https://portaldev.planmalaysia.gov.my/portal/apps/dashboards/bba366dc3d144510bfd7cda771795f3d","1017","2026-07-26T09:23:16Z"
"mevnet-1018-others","mevnet-1018","Others","2","2","0","Not published by MEVnet","Not published by MEVnet","Not published by MEVnet","Not published by MEVnet","PLANMalaysia MEVnet","https://portaldev.planmalaysia.gov.my/portal/apps/dashboards/bba366dc3d144510bfd7cda771795f3d","1018","2026-07-26T09:23:16Z"
"mevnet-1019-tnbx-gotou-","mevnet-1019","TNBX (GoToU)","2","0","2","Not published by MEVnet","Not published by MEVnet","Not published by MEVnet","Not published by MEVnet","PLANMalaysia MEVnet","https://portaldev.planmalaysia.gov.my/portal/apps/dashboards/bba366dc3d144510bfd7cda771795f3d","1019","2026-07-26T09:23:16Z"
"mevnet-1023-jomcharge","mevnet-1023","JomCharge","2","2","0","Not published by MEVnet","Not published by MEVnet","Not published by MEVnet","Not published by MEVnet","PLANMalaysia MEVnet","https://portaldev.planmalaysia.gov.my/portal/apps/dashboards/bba366dc3d144510bfd7cda771795f3d","1023","2026-07-26T09:23:16Z"
"mevnet-1027-bmw","mevnet-1027","BMW","2","4","4","Not published by MEVnet","Not published by MEVnet","Not published by MEVnet","Not published by MEVnet","PLANMalaysia MEVnet","https://portaldev.planmalaysia.gov.my/portal/apps/dashboards/bba366dc3d144510bfd7cda771795f3d","1027","2026-07-26T09:23:16Z"
"mevnet-1027-chargev","mevnet-1027","chargEV","6","4","4","Not published by MEVnet","Not published by MEVnet","Not published by MEVnet","Not published by MEVnet","PLANMalaysia MEVnet","https://portaldev.planmalaysia.gov.my/portal/apps/dashboards/bba366dc3d144510bfd7cda771795f3d","1027","2026-07-26T09:23:16Z"
"mevnet-1031-chargengo","mevnet-1031","ChargeNGo","2","2","0","Not published by MEVnet","Not published by MEVnet","Not published by MEVnet","Not published by MEVnet","PLANMalaysia MEVnet","https://portaldev.planmalaysia.gov.my/portal/apps/dashboards/bba366dc3d144510bfd7cda771795f3d","1031","2026-07-26T09:23:16Z"
"mevnet-1045-others","mevnet-1045","Others","2","2","0","Not published by MEVnet","Not published by MEVnet","Not published by MEVnet","Not published by MEVnet","PLANMalaysia MEVnet","https://portaldev.planmalaysia.gov.my/portal/apps/dashboards/bba366dc3d144510bfd7cda771795f3d","1045","2026-07-26T09:23:16Z"
"mevnet-1046-bmw","mevnet-1046","BMW","10","10","2","Not published by MEVnet","Not published by MEVnet","Not published by MEVnet","Not published by MEVnet","PLANMalaysia MEVnet","https://portaldev.planmalaysia.gov.my/portal/apps/dashboards/bba366dc3d144510bfd7cda771795f3d","1046","2026-07-26T09:23:16Z"
"mevnet-1046-tnbx-gotou-","mevnet-1046","TNBX (GoToU)","2","10","2","Not published by MEVnet","Not published by MEVnet","Not published by MEVnet","Not published by MEVnet","PLANMalaysia MEVnet","https://portaldev.planmalaysia.gov.my/portal/apps/dashboards/bba366dc3d144510bfd7cda771795f3d","1046","2026-07-26T09:23:16Z"
"mevnet-1052-others","mevnet-1052","Others","2","2","0","Not published by MEVnet","Not published by MEVnet","Not published by MEVnet","Not published by MEVnet","PLANMalaysia MEVnet","https://portaldev.planmalaysia.gov.my/portal/apps/dashboards/bba366dc3d144510bfd7cda771795f3d","1052","2026-07-26T09:23:16Z"
"mevnet-1054-jomcharge","mevnet-1054","JomCharge","1","0","1","Not published by MEVnet","Not published by MEVnet","Not published by MEVnet","Not published by MEVnet","PLANMalaysia MEVnet","https://portaldev.planmalaysia.gov.my/portal/apps/dashboards/bba366dc3d144510bfd7cda771795f3d","1054","2026-07-26T09:23:16Z"
"mevnet-1056-abb","mevnet-1056","ABB","1","1","0","Not published by MEVnet","Not published by MEVnet","Not published by MEVnet","Not published by MEVnet","PLANMalaysia MEVnet","https://portaldev.planmalaysia.gov.my/portal/apps/dashboards/bba366dc3d144510bfd7cda771795f3d","1056","2026-07-26T09:23:16Z"
"mevnet-1064-chargev","mevnet-1064","chargEV","1","1","0","Not published by MEVnet","Not published by MEVnet","Not published by MEVnet","Not published by MEVnet","PLANMalaysia MEVnet","https://portaldev.planmalaysia.gov.my/portal/apps/dashboards/bba366dc3d144510bfd7cda771795f3d","1064","2026-07-26T09:23:16Z"
"mevnet-1067-others","mevnet-1067","Others","2","2","0","Not published by MEVnet","Not published by MEVnet","Not published by MEVnet","Not published by MEVnet","PLANMalaysia MEVnet","https://portaldev.planmalaysia.gov.my/portal/apps/dashboards/bba366dc3d144510bfd7cda771795f3d","1067","2026-07-26T09:23:16Z"
"mevnet-1074-chargesini","mevnet-1074","ChargeSini","4","2","2","Not published by MEVnet","Not published by MEVnet","Not published by MEVnet","Not published by MEVnet","PLANMalaysia MEVnet","https://portaldev.planmalaysia.gov.my/portal/apps/dashboards/bba366dc3d144510bfd7cda771795f3d","1074","2026-07-26T09:23:16Z"
"mevnet-1079-chargesini","mevnet-1079","ChargeSini","2","0","2","Not published by MEVnet","Not published by MEVnet","Not published by MEVnet","Not published by MEVnet","PLANMalaysia MEVnet","https://portaldev.planmalaysia.gov.my/portal/apps/dashboards/bba366dc3d144510bfd7cda771795f3d","1079","2026-07-26T09:23:16Z"
"mevnet-1093-kineta","mevnet-1093","Kineta","2","2","0","Not published by MEVnet","Not published by MEVnet","Not published by MEVnet","Not published by MEVnet","PLANMalaysia MEVnet","https://portaldev.planmalaysia.gov.my/portal/apps/dashboards/bba366dc3d144510bfd7cda771795f3d","1093","2026-07-26T09:23:16Z"
"mevnet-1094-chargesini","mevnet-1094","ChargeSini","4","0","4","Not published by MEVnet","Not published by MEVnet","Not published by MEVnet","Not published by MEVnet","PLANMalaysia MEVnet","https://portaldev.planmalaysia.gov.my/portal/apps/dashboards/bba366dc3d144510bfd7cda771795f3d","1094","2026-07-26T09:23:16Z"
"mevnet-1096-shell-recharge","mevnet-1096","Shell Recharge","2","2","0","Not published by MEVnet","Not published by MEVnet","Not published by MEVnet","Not published by MEVnet","PLANMalaysia MEVnet","https://portaldev.planmalaysia.gov.my/portal/apps/dashboards/bba366dc3d144510bfd7cda771795f3d","1096","2026-07-26T09:23:16Z"
"mevnet-1099-chargev","mevnet-1099","chargEV","2","2","0","Not published by MEVnet","Not published by MEVnet","Not published by MEVnet","Not published by MEVnet","PLANMalaysia MEVnet","https://portaldev.planmalaysia.gov.my/portal/apps/dashboards/bba366dc3d144510bfd7cda771795f3d","1099","2026-07-26T09:23:16Z"
"mevnet-1103-shell-recharge","mevnet-1103","Shell Recharge","2","2","0","Not published by MEVnet","Not published by MEVnet","Not published by MEVnet","Not published by MEVnet","PLANMalaysia MEVnet","https://portaldev.planmalaysia.gov.my/portal/apps/dashboards/bba366dc3d144510bfd7cda771795f3d","1103","2026-07-26T09:23:16Z"
"mevnet-1112-gentari","mevnet-1112","Gentari","1","0","1","Not published by MEVnet","Not published by MEVnet","Not published by MEVnet","Not published by MEVnet","PLANMalaysia MEVnet","https://portaldev.planmalaysia.gov.my/portal/apps/dashboards/bba366dc3d144510bfd7cda771795f3d","1112","2026-07-26T09:23:16Z"
"mevnet-1121-shell-recharge","mevnet-1121","Shell Recharge","4","2","2","Not published by MEVnet","Not published by MEVnet","Not published by MEVnet","Not published by MEVnet","PLANMalaysia MEVnet","https://portaldev.planmalaysia.gov.my/portal/apps/dashboards/bba366dc3d144510bfd7cda771795f3d","1121","2026-07-26T09:23:16Z"
"mevnet-1127-others","mevnet-1127","Others","2","2","0","Not published by MEVnet","Not published by MEVnet","Not published by MEVnet","Not published by MEVnet","PLANMalaysia MEVnet","https://portaldev.planmalaysia.gov.my/portal/apps/dashboards/bba366dc3d144510bfd7cda771795f3d","1127","2026-07-26T09:23:16Z"
"mevnet-1132-chargev","mevnet-1132","chargEV","3","12","2","Not published by MEVnet","Not published by MEVnet","Not published by MEVnet","Not published by MEVnet","PLANMalaysia MEVnet","https://portaldev.planmalaysia.gov.my/portal/apps/dashboards/bba366dc3d144510bfd7cda771795f3d","1132","2026-07-26T09:23:16Z"
"mevnet-1132-chargesini","mevnet-1132","ChargeSini","11","12","2","Not published by MEVnet","Not published by MEVnet","Not published by MEVnet","Not published by MEVnet","PLANMalaysia MEVnet","https://portaldev.planmalaysia.gov.my/portal/apps/dashboards/bba366dc3d144510bfd7cda771795f3d","1132","2026-07-26T09:23:16Z"
"mevnet-1147-chargesini","mevnet-1147","ChargeSini","2","0","2","Not published by MEVnet","Not published by MEVnet","Not published by MEVnet","Not published by MEVnet","PLANMalaysia MEVnet","https://portaldev.planmalaysia.gov.my/portal/apps/dashboards/bba366dc3d144510bfd7cda771795f3d","1147","2026-07-26T09:23:16Z"
"mevnet-1148-chargev","mevnet-1148","chargEV","1","1","0","Not published by MEVnet","Not published by MEVnet","Not published by MEVnet","Not published by MEVnet","PLANMalaysia MEVnet","https://portaldev.planmalaysia.gov.my/portal/apps/dashboards/bba366dc3d144510bfd7cda771795f3d","1148","2026-07-26T09:23:16Z"
"mevnet-1149-chargev","mevnet-1149","chargEV","1","1","0","Not published by MEVnet","Not published by MEVnet","Not published by MEVnet","Not published by MEVnet","PLANMalaysia MEVnet","https://portaldev.planmalaysia.gov.my/portal/apps/dashboards/bba366dc3d144510bfd7cda771795f3d","1149","2026-07-26T09:23:16Z"
"mevnet-1165-bmw","mevnet-1165","BMW","8","9","0","Not published by MEVnet","Not published by MEVnet","Not published by MEVnet","Not published by MEVnet","PLANMalaysia MEVnet","https://portaldev.planmalaysia.gov.my/portal/apps/dashboards/bba366dc3d144510bfd7cda771795f3d","1165","2026-07-26T09:23:16Z"
"mevnet-1165-chargev","mevnet-1165","chargEV","1","9","0","Not published by MEVnet","Not published by MEVnet","Not published by MEVnet","Not published by MEVnet","PLANMalaysia MEVnet","https://portaldev.planmalaysia.gov.my/portal/apps/dashboards/bba366dc3d144510bfd7cda771795f3d","1165","2026-07-26T09:23:16Z"
"mevnet-1169-gentari","mevnet-1169","Gentari","1","0","1","Not published by MEVnet","Not published by MEVnet","Not published by MEVnet","Not published by MEVnet","PLANMalaysia MEVnet","https://portaldev.planmalaysia.gov.my/portal/apps/dashboards/bba366dc3d144510bfd7cda771795f3d","1169","2026-07-26T09:23:16Z"
"mevnet-1170-chargev","mevnet-1170","chargEV","1","1","0","Not published by MEVnet","Not published by MEVnet","Not published by MEVnet","Not published by MEVnet","PLANMalaysia MEVnet","https://portaldev.planmalaysia.gov.my/portal/apps/dashboards/bba366dc3d144510bfd7cda771795f3d","1170","2026-07-26T09:23:16Z"
"mevnet-1172-bmw","mevnet-1172","BMW","2","20","12","Not published by MEVnet","Not published by MEVnet","Not published by MEVnet","Not published by MEVnet","PLANMalaysia MEVnet","https://portaldev.planmalaysia.gov.my/portal/apps/dashboards/bba366dc3d144510bfd7cda771795f3d","1172","2026-07-26T09:23:16Z"
"mevnet-1172-evwave","mevnet-1172","Evwave","2","20","12","Not published by MEVnet","Not published by MEVnet","Not published by MEVnet","Not published by MEVnet","PLANMalaysia MEVnet","https://portaldev.planmalaysia.gov.my/portal/apps/dashboards/bba366dc3d144510bfd7cda771795f3d","1172","2026-07-26T09:23:16Z"
"mevnet-1172-gentari","mevnet-1172","Gentari","4","20","12","Not published by MEVnet","Not published by MEVnet","Not published by MEVnet","Not published by MEVnet","PLANMalaysia MEVnet","https://portaldev.planmalaysia.gov.my/portal/apps/dashboards/bba366dc3d144510bfd7cda771795f3d","1172","2026-07-26T09:23:16Z"
"mevnet-1172-others","mevnet-1172","Others","24","20","12","Not published by MEVnet","Not published by MEVnet","Not published by MEVnet","Not published by MEVnet","PLANMalaysia MEVnet","https://portaldev.planmalaysia.gov.my/portal/apps/dashboards/bba366dc3d144510bfd7cda771795f3d","1172","2026-07-26T09:23:16Z"
"mevnet-1183-flexi-parking","mevnet-1183","Flexi Parking","3","3","0","Not published by MEVnet","Not published by MEVnet","Not published by MEVnet","Not published by MEVnet","PLANMalaysia MEVnet","https://portaldev.planmalaysia.gov.my/portal/apps/dashboards/bba366dc3d144510bfd7cda771795f3d","1183","2026-07-26T09:23:16Z"
"mevnet-1221-gentari","mevnet-1221","Gentari","1","1","0","Not published by MEVnet","Not published by MEVnet","Not published by MEVnet","Not published by MEVnet","PLANMalaysia MEVnet","https://portaldev.planmalaysia.gov.my/portal/apps/dashboards/bba366dc3d144510bfd7cda771795f3d","1221","2026-07-26T09:23:16Z"
"mevnet-1224-gentari","mevnet-1224","Gentari","1","0","1","Not published by MEVnet","Not published by MEVnet","Not published by MEVnet","Not published by MEVnet","PLANMalaysia MEVnet","https://portaldev.planmalaysia.gov.my/portal/apps/dashboards/bba366dc3d144510bfd7cda771795f3d","1224","2026-07-26T09:23:16Z"
"mevnet-1238-kineta","mevnet-1238","Kineta","3","0","3","Not published by MEVnet","Not published by MEVnet","Not published by MEVnet","Not published by MEVnet","PLANMalaysia MEVnet","https://portaldev.planmalaysia.gov.my/portal/apps/dashboards/bba366dc3d144510bfd7cda771795f3d","1238","2026-07-26T09:23:16Z"
"mevnet-1262-gentari","mevnet-1262","Gentari","3","0","3","Not published by MEVnet","Not published by MEVnet","Not published by MEVnet","Not published by MEVnet","PLANMalaysia MEVnet","https://portaldev.planmalaysia.gov.my/portal/apps/dashboards/bba366dc3d144510bfd7cda771795f3d","1262","2026-07-26T09:23:16Z"
"mevnet-1276-chargev","mevnet-1276","chargEV","2","0","2","Not published by MEVnet","Not published by MEVnet","Not published by MEVnet","Not published by MEVnet","PLANMalaysia MEVnet","https://portaldev.planmalaysia.gov.my/portal/apps/dashboards/bba366dc3d144510bfd7cda771795f3d","1276","2026-07-26T09:23:16Z"
"mevnet-1277-chargev","mevnet-1277","chargEV","4","2","2","Not published by MEVnet","Not published by MEVnet","Not published by MEVnet","Not published by MEVnet","PLANMalaysia MEVnet","https://portaldev.planmalaysia.gov.my/portal/apps/dashboards/bba366dc3d144510bfd7cda771795f3d","1277","2026-07-26T09:23:16Z"
"mevnet-1280-gentari","mevnet-1280","Gentari","3","0","3","Not published by MEVnet","Not published by MEVnet","Not published by MEVnet","Not published by MEVnet","PLANMalaysia MEVnet","https://portaldev.planmalaysia.gov.my/portal/apps/dashboards/bba366dc3d144510bfd7cda771795f3d","1280","2026-07-26T09:23:16Z"
"mevnet-1372-chargev","mevnet-1372","chargEV","1","1","0","Not published by MEVnet","Not published by MEVnet","Not published by MEVnet","Not published by MEVnet","PLANMalaysia MEVnet","https://portaldev.planmalaysia.gov.my/portal/apps/dashboards/bba366dc3d144510bfd7cda771795f3d","1372","2026-07-26T09:23:16Z"
"mevnet-1394-others","mevnet-1394","Others","3","2","1","Not published by MEVnet","Not published by MEVnet","Not published by MEVnet","Not published by MEVnet","PLANMalaysia MEVnet","https://portaldev.planmalaysia.gov.my/portal/apps/dashboards/bba366dc3d144510bfd7cda771795f3d","1394","2026-07-26T09:23:16Z"
"mevnet-1398-chargev","mevnet-1398","chargEV","2","0","2","Not published by MEVnet","Not published by MEVnet","Not published by MEVnet","Not published by MEVnet","PLANMalaysia MEVnet","https://portaldev.planmalaysia.gov.my/portal/apps/dashboards/bba366dc3d144510bfd7cda771795f3d","1398","2026-07-26T09:23:16Z"
"mevnet-1405-others","mevnet-1405","Others","2","2","0","Not published by MEVnet","Not published by MEVnet","Not published by MEVnet","Not published by MEVnet","PLANMalaysia MEVnet","https://portaldev.planmalaysia.gov.my/portal/apps/dashboards/bba366dc3d144510bfd7cda771795f3d","1405","2026-07-26T09:23:16Z"
"mevnet-1417-gentari","mevnet-1417","Gentari","1","0","1","Not published by MEVnet","Not published by MEVnet","Not published by MEVnet","Not published by MEVnet","PLANMalaysia MEVnet","https://portaldev.planmalaysia.gov.my/portal/apps/dashboards/bba366dc3d144510bfd7cda771795f3d","1417","2026-07-26T09:23:16Z"
"mevnet-1432-chargev","mevnet-1432","chargEV","2","0","2","Not published by MEVnet","Not published by MEVnet","Not published by MEVnet","Not published by MEVnet","PLANMalaysia MEVnet","https://portaldev.planmalaysia.gov.my/portal/apps/dashboards/bba366dc3d144510bfd7cda771795f3d","1432","2026-07-26T09:23:16Z"
"mevnet-1439-gentari","mevnet-1439","Gentari","11","5","6","Not published by MEVnet","Not published by MEVnet","Not published by MEVnet","Not published by MEVnet","PLANMalaysia MEVnet","https://portaldev.planmalaysia.gov.my/portal/apps/dashboards/bba366dc3d144510bfd7cda771795f3d","1439","2026-07-26T09:23:16Z"
"mevnet-1441-chargesini","mevnet-1441","ChargeSini","2","2","0","Not published by MEVnet","Not published by MEVnet","Not published by MEVnet","Not published by MEVnet","PLANMalaysia MEVnet","https://portaldev.planmalaysia.gov.my/portal/apps/dashboards/bba366dc3d144510bfd7cda771795f3d","1441","2026-07-26T09:23:16Z"
"mevnet-1444-gentari","mevnet-1444","Gentari","1","1","0","Not published by MEVnet","Not published by MEVnet","Not published by MEVnet","Not published by MEVnet","PLANMalaysia MEVnet","https://portaldev.planmalaysia.gov.my/portal/apps/dashboards/bba366dc3d144510bfd7cda771795f3d","1444","2026-07-26T09:23:16Z"
"mevnet-1453-gentari","mevnet-1453","Gentari","2","0","2","Not published by MEVnet","Not published by MEVnet","Not published by MEVnet","Not published by MEVnet","PLANMalaysia MEVnet","https://portaldev.planmalaysia.gov.my/portal/apps/dashboards/bba366dc3d144510bfd7cda771795f3d","1453","2026-07-26T09:23:16Z"
"mevnet-1454-flexi-parking","mevnet-1454","Flexi Parking","1","4","0","Not published by MEVnet","Not published by MEVnet","Not published by MEVnet","Not published by MEVnet","PLANMalaysia MEVnet","https://portaldev.planmalaysia.gov.my/portal/apps/dashboards/bba366dc3d144510bfd7cda771795f3d","1454","2026-07-26T09:23:16Z"
"mevnet-1454-gentari","mevnet-1454","Gentari","3","4","0","Not published by MEVnet","Not published by MEVnet","Not published by MEVnet","Not published by MEVnet","PLANMalaysia MEVnet","https://portaldev.planmalaysia.gov.my/portal/apps/dashboards/bba366dc3d144510bfd7cda771795f3d","1454","2026-07-26T09:23:16Z"
"mevnet-1480-chargev","mevnet-1480","chargEV","8","4","8","Not published by MEVnet","Not published by MEVnet","Not published by MEVnet","Not published by MEVnet","PLANMalaysia MEVnet","https://portaldev.planmalaysia.gov.my/portal/apps/dashboards/bba366dc3d144510bfd7cda771795f3d","1480","2026-07-26T09:23:16Z"
"mevnet-1480-shell-recharge","mevnet-1480","Shell Recharge","4","4","8","Not published by MEVnet","Not published by MEVnet","Not published by MEVnet","Not published by MEVnet","PLANMalaysia MEVnet","https://portaldev.planmalaysia.gov.my/portal/apps/dashboards/bba366dc3d144510bfd7cda771795f3d","1480","2026-07-26T09:23:16Z"
"mevnet-1498-others","mevnet-1498","Others","2","2","0","Not published by MEVnet","Not published by MEVnet","Not published by MEVnet","Not published by MEVnet","PLANMalaysia MEVnet","https://portaldev.planmalaysia.gov.my/portal/apps/dashboards/bba366dc3d144510bfd7cda771795f3d","1498","2026-07-26T09:23:16Z"
"mevnet-1508-gentari","mevnet-1508","Gentari","3","3","0","Not published by MEVnet","Not published by MEVnet","Not published by MEVnet","Not published by MEVnet","PLANMalaysia MEVnet","https://portaldev.planmalaysia.gov.my/portal/apps/dashboards/bba366dc3d144510bfd7cda771795f3d","1508","2026-07-26T09:23:16Z"
"mevnet-1517-chargev","mevnet-1517","chargEV","1","1","0","Not published by MEVnet","Not published by MEVnet","Not published by MEVnet","Not published by MEVnet","PLANMalaysia MEVnet","https://portaldev.planmalaysia.gov.my/portal/apps/dashboards/bba366dc3d144510bfd7cda771795f3d","1517","2026-07-26T09:23:16Z"
"mevnet-1526-flexi-parking","mevnet-1526","Flexi Parking","2","2","0","Not published by MEVnet","Not published by MEVnet","Not published by MEVnet","Not published by MEVnet","PLANMalaysia MEVnet","https://portaldev.planmalaysia.gov.my/portal/apps/dashboards/bba366dc3d144510bfd7cda771795f3d","1526","2026-07-26T09:23:16Z"
"mevnet-1527-shell-recharge","mevnet-1527","Shell Recharge","4","4","0","Not published by MEVnet","Not published by MEVnet","Not published by MEVnet","Not published by MEVnet","PLANMalaysia MEVnet","https://portaldev.planmalaysia.gov.my/portal/apps/dashboards/bba366dc3d144510bfd7cda771795f3d","1527","2026-07-26T09:23:16Z"
"mevnet-1529-chargev","mevnet-1529","chargEV","3","3","0","Not published by MEVnet","Not published by MEVnet","Not published by MEVnet","Not published by MEVnet","PLANMalaysia MEVnet","https://portaldev.planmalaysia.gov.my/portal/apps/dashboards/bba366dc3d144510bfd7cda771795f3d","1529","2026-07-26T09:23:16Z"
"mevnet-1530-chargev","mevnet-1530","chargEV","2","2","4","Not published by MEVnet","Not published by MEVnet","Not published by MEVnet","Not published by MEVnet","PLANMalaysia MEVnet","https://portaldev.planmalaysia.gov.my/portal/apps/dashboards/bba366dc3d144510bfd7cda771795f3d","1530","2026-07-26T09:23:16Z"
"mevnet-1530-chargesini","mevnet-1530","ChargeSini","4","2","4","Not published by MEVnet","Not published by MEVnet","Not published by MEVnet","Not published by MEVnet","PLANMalaysia MEVnet","https://portaldev.planmalaysia.gov.my/portal/apps/dashboards/bba366dc3d144510bfd7cda771795f3d","1530","2026-07-26T09:23:16Z"
"mevnet-1545-chargesini","mevnet-1545","ChargeSini","2","2","0","Not published by MEVnet","Not published by MEVnet","Not published by MEVnet","Not published by MEVnet","PLANMalaysia MEVnet","https://portaldev.planmalaysia.gov.my/portal/apps/dashboards/bba366dc3d144510bfd7cda771795f3d","1545","2026-07-26T09:23:16Z"
"mevnet-1551-others","mevnet-1551","Others","8","8","0","Not published by MEVnet","Not published by MEVnet","Not published by MEVnet","Not published by MEVnet","PLANMalaysia MEVnet","https://portaldev.planmalaysia.gov.my/portal/apps/dashboards/bba366dc3d144510bfd7cda771795f3d","1551","2026-07-26T09:23:16Z"
"mevnet-1556-chargev","mevnet-1556","chargEV","1","1","0","Not published by MEVnet","Not published by MEVnet","Not published by MEVnet","Not published by MEVnet","PLANMalaysia MEVnet","https://portaldev.planmalaysia.gov.my/portal/apps/dashboards/bba366dc3d144510bfd7cda771795f3d","1556","2026-07-26T09:23:16Z"
"mevnet-1560-gentari","mevnet-1560","Gentari","1","0","1","Not published by MEVnet","Not published by MEVnet","Not published by MEVnet","Not published by MEVnet","PLANMalaysia MEVnet","https://portaldev.planmalaysia.gov.my/portal/apps/dashboards/bba366dc3d144510bfd7cda771795f3d","1560","2026-07-26T09:23:16Z"
"mevnet-1577-chargev","mevnet-1577","chargEV","1","1","0","Not published by MEVnet","Not published by MEVnet","Not published by MEVnet","Not published by MEVnet","PLANMalaysia MEVnet","https://portaldev.planmalaysia.gov.my/portal/apps/dashboards/bba366dc3d144510bfd7cda771795f3d","1577","2026-07-26T09:23:16Z"
"mevnet-1587-gentari","mevnet-1587","Gentari","1","0","1","Not published by MEVnet","Not published by MEVnet","Not published by MEVnet","Not published by MEVnet","PLANMalaysia MEVnet","https://portaldev.planmalaysia.gov.my/portal/apps/dashboards/bba366dc3d144510bfd7cda771795f3d","1587","2026-07-26T09:23:16Z"
"mevnet-1594-chargev","mevnet-1594","chargEV","10","6","4","Not published by MEVnet","Not published by MEVnet","Not published by MEVnet","Not published by MEVnet","PLANMalaysia MEVnet","https://portaldev.planmalaysia.gov.my/portal/apps/dashboards/bba366dc3d144510bfd7cda771795f3d","1594","2026-07-26T09:23:16Z"
"mevnet-1602-parkeasy","mevnet-1602","ParkEasy","2","2","0","Not published by MEVnet","Not published by MEVnet","Not published by MEVnet","Not published by MEVnet","PLANMalaysia MEVnet","https://portaldev.planmalaysia.gov.my/portal/apps/dashboards/bba366dc3d144510bfd7cda771795f3d","1602","2026-07-26T09:23:16Z"
"mevnet-1616-gentari","mevnet-1616","Gentari","1","0","1","Not published by MEVnet","Not published by MEVnet","Not published by MEVnet","Not published by MEVnet","PLANMalaysia MEVnet","https://portaldev.planmalaysia.gov.my/portal/apps/dashboards/bba366dc3d144510bfd7cda771795f3d","1616","2026-07-26T09:23:16Z"
"mevnet-1626-zap","mevnet-1626","Zap","2","2","0","Not published by MEVnet","Not published by MEVnet","Not published by MEVnet","Not published by MEVnet","PLANMalaysia MEVnet","https://portaldev.planmalaysia.gov.my/portal/apps/dashboards/bba366dc3d144510bfd7cda771795f3d","1626","2026-07-26T09:23:16Z"
"mevnet-1629-chargesini","mevnet-1629","ChargeSini","4","2","2","Not published by MEVnet","Not published by MEVnet","Not published by MEVnet","Not published by MEVnet","PLANMalaysia MEVnet","https://portaldev.planmalaysia.gov.my/portal/apps/dashboards/bba366dc3d144510bfd7cda771795f3d","1629","2026-07-26T09:23:16Z"
"mevnet-1636-jomcharge","mevnet-1636","JomCharge","6","3","3","Not published by MEVnet","Not published by MEVnet","Not published by MEVnet","Not published by MEVnet","PLANMalaysia MEVnet","https://portaldev.planmalaysia.gov.my/portal/apps/dashboards/bba366dc3d144510bfd7cda771795f3d","1636","2026-07-26T09:23:16Z"
"mevnet-1639-bmw","mevnet-1639","BMW","3","3","1","Not published by MEVnet","Not published by MEVnet","Not published by MEVnet","Not published by MEVnet","PLANMalaysia MEVnet","https://portaldev.planmalaysia.gov.my/portal/apps/dashboards/bba366dc3d144510bfd7cda771795f3d","1639","2026-07-26T09:23:16Z"
"mevnet-1639-chargev","mevnet-1639","chargEV","1","3","1","Not published by MEVnet","Not published by MEVnet","Not published by MEVnet","Not published by MEVnet","PLANMalaysia MEVnet","https://portaldev.planmalaysia.gov.my/portal/apps/dashboards/bba366dc3d144510bfd7cda771795f3d","1639","2026-07-26T09:23:16Z"
"mevnet-1641-shell-recharge","mevnet-1641","Shell Recharge","3","3","0","Not published by MEVnet","Not published by MEVnet","Not published by MEVnet","Not published by MEVnet","PLANMalaysia MEVnet","https://portaldev.planmalaysia.gov.my/portal/apps/dashboards/bba366dc3d144510bfd7cda771795f3d","1641","2026-07-26T09:23:16Z"
"mevnet-1646-chargev","mevnet-1646","chargEV","1","1","0","Not published by MEVnet","Not published by MEVnet","Not published by MEVnet","Not published by MEVnet","PLANMalaysia MEVnet","https://portaldev.planmalaysia.gov.my/portal/apps/dashboards/bba366dc3d144510bfd7cda771795f3d","1646","2026-07-26T09:23:16Z"
"mevnet-1650-others","mevnet-1650","Others","1","1","0","Not published by MEVnet","Not published by MEVnet","Not published by MEVnet","Not published by MEVnet","PLANMalaysia MEVnet","https://portaldev.planmalaysia.gov.my/portal/apps/dashboards/bba366dc3d144510bfd7cda771795f3d","1650","2026-07-26T09:23:16Z"
"mevnet-1657-flexi-parking","mevnet-1657","Flexi Parking","2","2","0","Not published by MEVnet","Not published by MEVnet","Not published by MEVnet","Not published by MEVnet","PLANMalaysia MEVnet","https://portaldev.planmalaysia.gov.my/portal/apps/dashboards/bba366dc3d144510bfd7cda771795f3d","1657","2026-07-26T09:23:16Z"
"mevnet-1700-chargev","mevnet-1700","chargEV","1","1","0","Not published by MEVnet","Not published by MEVnet","Not published by MEVnet","Not published by MEVnet","PLANMalaysia MEVnet","https://portaldev.planmalaysia.gov.my/portal/apps/dashboards/bba366dc3d144510bfd7cda771795f3d","1700","2026-07-26T09:23:16Z"
"mevnet-1711-gentari","mevnet-1711","Gentari","2","0","2","Not published by MEVnet","Not published by MEVnet","Not published by MEVnet","Not published by MEVnet","PLANMalaysia MEVnet","https://portaldev.planmalaysia.gov.my/portal/apps/dashboards/bba366dc3d144510bfd7cda771795f3d","1711","2026-07-26T09:23:16Z"
"mevnet-1713-parkeasy","mevnet-1713","ParkEasy","2","2","0","Not published by MEVnet","Not published by MEVnet","Not published by MEVnet","Not published by MEVnet","PLANMalaysia MEVnet","https://portaldev.planmalaysia.gov.my/portal/apps/dashboards/bba366dc3d144510bfd7cda771795f3d","1713","2026-07-26T09:23:16Z"
"mevnet-1780-gentari","mevnet-1780","Gentari","3","0","3","Not published by MEVnet","Not published by MEVnet","Not published by MEVnet","Not published by MEVnet","PLANMalaysia MEVnet","https://portaldev.planmalaysia.gov.my/portal/apps/dashboards/bba366dc3d144510bfd7cda771795f3d","1780","2026-07-26T09:23:16Z"
"mevnet-1823-chargev","mevnet-1823","chargEV","2","2","0","Not published by MEVnet","Not published by MEVnet","Not published by MEVnet","Not published by MEVnet","PLANMalaysia MEVnet","https://portaldev.planmalaysia.gov.my/portal/apps/dashboards/bba366dc3d144510bfd7cda771795f3d","1823","2026-07-26T09:23:16Z"
"mevnet-1832-gentari","mevnet-1832","Gentari","3","0","3","Not published by MEVnet","Not published by MEVnet","Not published by MEVnet","Not published by MEVnet","PLANMalaysia MEVnet","https://portaldev.planmalaysia.gov.my/portal/apps/dashboards/bba366dc3d144510bfd7cda771795f3d","1832","2026-07-26T09:23:16Z"
"mevnet-1833-chargev","mevnet-1833","chargEV","1","1","0","Not published by MEVnet","Not published by MEVnet","Not published by MEVnet","Not published by MEVnet","PLANMalaysia MEVnet","https://portaldev.planmalaysia.gov.my/portal/apps/dashboards/bba366dc3d144510bfd7cda771795f3d","1833","2026-07-26T09:23:16Z"
"mevnet-1838-chargev","mevnet-1838","chargEV","2","2","0","Not published by MEVnet","Not published by MEVnet","Not published by MEVnet","Not published by MEVnet","PLANMalaysia MEVnet","https://portaldev.planmalaysia.gov.my/portal/apps/dashboards/bba366dc3d144510bfd7cda771795f3d","1838","2026-07-26T09:23:16Z"
"mevnet-1872-chargesini","mevnet-1872","ChargeSini","6","6","0","Not published by MEVnet","Not published by MEVnet","Not published by MEVnet","Not published by MEVnet","PLANMalaysia MEVnet","https://portaldev.planmalaysia.gov.my/portal/apps/dashboards/bba366dc3d144510bfd7cda771795f3d","1872","2026-07-26T09:23:16Z"
"mevnet-1886-jomcharge","mevnet-1886","JomCharge","2","0","2","Not published by MEVnet","Not published by MEVnet","Not published by MEVnet","Not published by MEVnet","PLANMalaysia MEVnet","https://portaldev.planmalaysia.gov.my/portal/apps/dashboards/bba366dc3d144510bfd7cda771795f3d","1886","2026-07-26T09:23:16Z"
"mevnet-1909-gentari","mevnet-1909","Gentari","13","13","0","Not published by MEVnet","Not published by MEVnet","Not published by MEVnet","Not published by MEVnet","PLANMalaysia MEVnet","https://portaldev.planmalaysia.gov.my/portal/apps/dashboards/bba366dc3d144510bfd7cda771795f3d","1909","2026-07-26T09:23:16Z"
"mevnet-1912-chargesini","mevnet-1912","ChargeSini","2","0","2","Not published by MEVnet","Not published by MEVnet","Not published by MEVnet","Not published by MEVnet","PLANMalaysia MEVnet","https://portaldev.planmalaysia.gov.my/portal/apps/dashboards/bba366dc3d144510bfd7cda771795f3d","1912","2026-07-26T09:23:16Z"
"mevnet-1916-chargev","mevnet-1916","chargEV","3","6","0","Not published by MEVnet","Not published by MEVnet","Not published by MEVnet","Not published by MEVnet","PLANMalaysia MEVnet","https://portaldev.planmalaysia.gov.my/portal/apps/dashboards/bba366dc3d144510bfd7cda771795f3d","1916","2026-07-26T09:23:16Z"
"mevnet-1916-others","mevnet-1916","Others","3","6","0","Not published by MEVnet","Not published by MEVnet","Not published by MEVnet","Not published by MEVnet","PLANMalaysia MEVnet","https://portaldev.planmalaysia.gov.my/portal/apps/dashboards/bba366dc3d144510bfd7cda771795f3d","1916","2026-07-26T09:23:16Z"
"mevnet-1924-bmw","mevnet-1924","BMW","4","5","1","Not published by MEVnet","Not published by MEVnet","Not published by MEVnet","Not published by MEVnet","PLANMalaysia MEVnet","https://portaldev.planmalaysia.gov.my/portal/apps/dashboards/bba366dc3d144510bfd7cda771795f3d","1924","2026-07-26T09:23:16Z"
"mevnet-1924-chargev","mevnet-1924","chargEV","1","5","1","Not published by MEVnet","Not published by MEVnet","Not published by MEVnet","Not published by MEVnet","PLANMalaysia MEVnet","https://portaldev.planmalaysia.gov.my/portal/apps/dashboards/bba366dc3d144510bfd7cda771795f3d","1924","2026-07-26T09:23:16Z"
"mevnet-1924-tnbx-gotou-","mevnet-1924","TNBX (GoToU)","1","5","1","Not published by MEVnet","Not published by MEVnet","Not published by MEVnet","Not published by MEVnet","PLANMalaysia MEVnet","https://portaldev.planmalaysia.gov.my/portal/apps/dashboards/bba366dc3d144510bfd7cda771795f3d","1924","2026-07-26T09:23:16Z"
"mevnet-1950-others","mevnet-1950","Others","6","0","6","Not published by MEVnet","Not published by MEVnet","Not published by MEVnet","Not published by MEVnet","PLANMalaysia MEVnet","https://portaldev.planmalaysia.gov.my/portal/apps/dashboards/bba366dc3d144510bfd7cda771795f3d","1950","2026-07-26T09:23:16Z"
"mevnet-1952-jomcharge","mevnet-1952","JomCharge","2","2","0","Not published by MEVnet","Not published by MEVnet","Not published by MEVnet","Not published by MEVnet","PLANMalaysia MEVnet","https://portaldev.planmalaysia.gov.my/portal/apps/dashboards/bba366dc3d144510bfd7cda771795f3d","1952","2026-07-26T09:23:16Z"
"mevnet-1953-others","mevnet-1953","Others","6","6","0","Not published by MEVnet","Not published by MEVnet","Not published by MEVnet","Not published by MEVnet","PLANMalaysia MEVnet","https://portaldev.planmalaysia.gov.my/portal/apps/dashboards/bba366dc3d144510bfd7cda771795f3d","1953","2026-07-26T09:23:16Z"
"mevnet-1954-gentari","mevnet-1954","Gentari","1","0","1","Not published by MEVnet","Not published by MEVnet","Not published by MEVnet","Not published by MEVnet","PLANMalaysia MEVnet","https://portaldev.planmalaysia.gov.my/portal/apps/dashboards/bba366dc3d144510bfd7cda771795f3d","1954","2026-07-26T09:23:16Z"
"mevnet-1958-gentari","mevnet-1958","Gentari","12","12","0","Not published by MEVnet","Not published by MEVnet","Not published by MEVnet","Not published by MEVnet","PLANMalaysia MEVnet","https://portaldev.planmalaysia.gov.my/portal/apps/dashboards/bba366dc3d144510bfd7cda771795f3d","1958","2026-07-26T09:23:16Z"
"mevnet-1972-gentari","mevnet-1972","Gentari","1","0","1","Not published by MEVnet","Not published by MEVnet","Not published by MEVnet","Not published by MEVnet","PLANMalaysia MEVnet","https://portaldev.planmalaysia.gov.my/portal/apps/dashboards/bba366dc3d144510bfd7cda771795f3d","1972","2026-07-26T09:23:16Z"
"mevnet-1975-chargesini","mevnet-1975","ChargeSini","2","0","2","Not published by MEVnet","Not published by MEVnet","Not published by MEVnet","Not published by MEVnet","PLANMalaysia MEVnet","https://portaldev.planmalaysia.gov.my/portal/apps/dashboards/bba366dc3d144510bfd7cda771795f3d","1975","2026-07-26T09:23:16Z"
"mevnet-1977-shell-recharge","mevnet-1977","Shell Recharge","3","3","0","Not published by MEVnet","Not published by MEVnet","Not published by MEVnet","Not published by MEVnet","PLANMalaysia MEVnet","https://portaldev.planmalaysia.gov.my/portal/apps/dashboards/bba366dc3d144510bfd7cda771795f3d","1977","2026-07-26T09:23:16Z"
"mevnet-1991-others","mevnet-1991","Others","4","0","4","Not published by MEVnet","Not published by MEVnet","Not published by MEVnet","Not published by MEVnet","PLANMalaysia MEVnet","https://portaldev.planmalaysia.gov.my/portal/apps/dashboards/bba366dc3d144510bfd7cda771795f3d","1991","2026-07-26T09:23:16Z"
"mevnet-1992-gentari","mevnet-1992","Gentari","1","0","1","Not published by MEVnet","Not published by MEVnet","Not published by MEVnet","Not published by MEVnet","PLANMalaysia MEVnet","https://portaldev.planmalaysia.gov.my/portal/apps/dashboards/bba366dc3d144510bfd7cda771795f3d","1992","2026-07-26T09:23:16Z"
"mevnet-2016-chargesini","mevnet-2016","ChargeSini","4","2","2","Not published by MEVnet","Not published by MEVnet","Not published by MEVnet","Not published by MEVnet","PLANMalaysia MEVnet","https://portaldev.planmalaysia.gov.my/portal/apps/dashboards/bba366dc3d144510bfd7cda771795f3d","2016","2026-07-26T09:23:16Z"
"mevnet-2070-gentari","mevnet-2070","Gentari","2","0","2","Not published by MEVnet","Not published by MEVnet","Not published by MEVnet","Not published by MEVnet","PLANMalaysia MEVnet","https://portaldev.planmalaysia.gov.my/portal/apps/dashboards/bba366dc3d144510bfd7cda771795f3d","2070","2026-07-26T09:23:16Z"
"mevnet-2085-chargesini","mevnet-2085","ChargeSini","2","0","2","Not published by MEVnet","Not published by MEVnet","Not published by MEVnet","Not published by MEVnet","PLANMalaysia MEVnet","https://portaldev.planmalaysia.gov.my/portal/apps/dashboards/bba366dc3d144510bfd7cda771795f3d","2085","2026-07-26T09:23:16Z"
"mevnet-2146-tnbx-gotou-","mevnet-2146","TNBX (GoToU)","2","0","2","Not published by MEVnet","Not published by MEVnet","Not published by MEVnet","Not published by MEVnet","PLANMalaysia MEVnet","https://portaldev.planmalaysia.gov.my/portal/apps/dashboards/bba366dc3d144510bfd7cda771795f3d","2146","2026-07-26T09:23:16Z"
"mevnet-2177-gentari","mevnet-2177","Gentari","3","2","1","Not published by MEVnet","Not published by MEVnet","Not published by MEVnet","Not published by MEVnet","PLANMalaysia MEVnet","https://portaldev.planmalaysia.gov.my/portal/apps/dashboards/bba366dc3d144510bfd7cda771795f3d","2177","2026-07-26T09:23:16Z"
"mevnet-2211-tnbx-gotou-","mevnet-2211","TNBX (GoToU)","2","0","2","Not published by MEVnet","Not published by MEVnet","Not published by MEVnet","Not published by MEVnet","PLANMalaysia MEVnet","https://portaldev.planmalaysia.gov.my/portal/apps/dashboards/bba366dc3d144510bfd7cda771795f3d","2211","2026-07-26T09:23:16Z"
"mevnet-2239-others","mevnet-2239","Others","2","0","2","Not published by MEVnet","Not published by MEVnet","Not published by MEVnet","Not published by MEVnet","PLANMalaysia MEVnet","https://portaldev.planmalaysia.gov.my/portal/apps/dashboards/bba366dc3d144510bfd7cda771795f3d","2239","2026-07-26T09:23:16Z"
"mevnet-2257-gentari","mevnet-2257","Gentari","4","0","4","Not published by MEVnet","Not published by MEVnet","Not published by MEVnet","Not published by MEVnet","PLANMalaysia MEVnet","https://portaldev.planmalaysia.gov.my/portal/apps/dashboards/bba366dc3d144510bfd7cda771795f3d","2257","2026-07-26T09:23:16Z"
"mevnet-2263-others","mevnet-2263","Others","1","1","0","Not published by MEVnet","Not published by MEVnet","Not published by MEVnet","Not published by MEVnet","PLANMalaysia MEVnet","https://portaldev.planmalaysia.gov.my/portal/apps/dashboards/bba366dc3d144510bfd7cda771795f3d","2263","2026-07-26T09:23:16Z"
"mevnet-2264-others","mevnet-2264","Others","1","1","0","Not published by MEVnet","Not published by MEVnet","Not published by MEVnet","Not published by MEVnet","PLANMalaysia MEVnet","https://portaldev.planmalaysia.gov.my/portal/apps/dashboards/bba366dc3d144510bfd7cda771795f3d","2264","2026-07-26T09:23:16Z"
"mevnet-2265-others","mevnet-2265","Others","2","2","0","Not published by MEVnet","Not published by MEVnet","Not published by MEVnet","Not published by MEVnet","PLANMalaysia MEVnet","https://portaldev.planmalaysia.gov.my/portal/apps/dashboards/bba366dc3d144510bfd7cda771795f3d","2265","2026-07-26T09:23:16Z"
"mevnet-2269-gentari","mevnet-2269","Gentari","4","0","4","Not published by MEVnet","Not published by MEVnet","Not published by MEVnet","Not published by MEVnet","PLANMalaysia MEVnet","https://portaldev.planmalaysia.gov.my/portal/apps/dashboards/bba366dc3d144510bfd7cda771795f3d","2269","2026-07-26T09:23:16Z"
"mevnet-2279-chargev","mevnet-2279","chargEV","2","0","2","Not published by MEVnet","Not published by MEVnet","Not published by MEVnet","Not published by MEVnet","PLANMalaysia MEVnet","https://portaldev.planmalaysia.gov.my/portal/apps/dashboards/bba366dc3d144510bfd7cda771795f3d","2279","2026-07-26T09:23:16Z"
"mevnet-2295-gentari","mevnet-2295","Gentari","3","3","0","Not published by MEVnet","Not published by MEVnet","Not published by MEVnet","Not published by MEVnet","PLANMalaysia MEVnet","https://portaldev.planmalaysia.gov.my/portal/apps/dashboards/bba366dc3d144510bfd7cda771795f3d","2295","2026-07-26T09:23:16Z"
"mevnet-2296-gentari","mevnet-2296","Gentari","2","2","0","Not published by MEVnet","Not published by MEVnet","Not published by MEVnet","Not published by MEVnet","PLANMalaysia MEVnet","https://portaldev.planmalaysia.gov.my/portal/apps/dashboards/bba366dc3d144510bfd7cda771795f3d","2296","2026-07-26T09:23:16Z"
"mevnet-2297-gentari","mevnet-2297","Gentari","3","3","0","Not published by MEVnet","Not published by MEVnet","Not published by MEVnet","Not published by MEVnet","PLANMalaysia MEVnet","https://portaldev.planmalaysia.gov.my/portal/apps/dashboards/bba366dc3d144510bfd7cda771795f3d","2297","2026-07-26T09:23:16Z"
"mevnet-2303-gentari","mevnet-2303","Gentari","3","3","0","Not published by MEVnet","Not published by MEVnet","Not published by MEVnet","Not published by MEVnet","PLANMalaysia MEVnet","https://portaldev.planmalaysia.gov.my/portal/apps/dashboards/bba366dc3d144510bfd7cda771795f3d","2303","2026-07-26T09:23:16Z"
"mevnet-2309-flexi-parking","mevnet-2309","Flexi Parking","2","2","0","Not published by MEVnet","Not published by MEVnet","Not published by MEVnet","Not published by MEVnet","PLANMalaysia MEVnet","https://portaldev.planmalaysia.gov.my/portal/apps/dashboards/bba366dc3d144510bfd7cda771795f3d","2309","2026-07-26T09:23:16Z"
"mevnet-2324-others","mevnet-2324","Others","2","0","2","Not published by MEVnet","Not published by MEVnet","Not published by MEVnet","Not published by MEVnet","PLANMalaysia MEVnet","https://portaldev.planmalaysia.gov.my/portal/apps/dashboards/bba366dc3d144510bfd7cda771795f3d","2324","2026-07-26T09:23:16Z"
"mevnet-2329-others","mevnet-2329","Others","2","2","0","Not published by MEVnet","Not published by MEVnet","Not published by MEVnet","Not published by MEVnet","PLANMalaysia MEVnet","https://portaldev.planmalaysia.gov.my/portal/apps/dashboards/bba366dc3d144510bfd7cda771795f3d","2329","2026-07-26T09:23:16Z"
"mevnet-2340-chargev","mevnet-2340","chargEV","6","6","0","Not published by MEVnet","Not published by MEVnet","Not published by MEVnet","Not published by MEVnet","PLANMalaysia MEVnet","https://portaldev.planmalaysia.gov.my/portal/apps/dashboards/bba366dc3d144510bfd7cda771795f3d","2340","2026-07-26T09:23:16Z"
"mevnet-2344-chargev","mevnet-2344","chargEV","12","2","14","Not published by MEVnet","Not published by MEVnet","Not published by MEVnet","Not published by MEVnet","PLANMalaysia MEVnet","https://portaldev.planmalaysia.gov.my/portal/apps/dashboards/bba366dc3d144510bfd7cda771795f3d","2344","2026-07-26T09:23:16Z"
"mevnet-2344-jomcharge","mevnet-2344","JomCharge","4","2","14","Not published by MEVnet","Not published by MEVnet","Not published by MEVnet","Not published by MEVnet","PLANMalaysia MEVnet","https://portaldev.planmalaysia.gov.my/portal/apps/dashboards/bba366dc3d144510bfd7cda771795f3d","2344","2026-07-26T09:23:16Z"
"mevnet-2346-chargev","mevnet-2346","chargEV","4","2","2","Not published by MEVnet","Not published by MEVnet","Not published by MEVnet","Not published by MEVnet","PLANMalaysia MEVnet","https://portaldev.planmalaysia.gov.my/portal/apps/dashboards/bba366dc3d144510bfd7cda771795f3d","2346","2026-07-26T09:23:16Z"
"mevnet-2347-gentari","mevnet-2347","Gentari","3","3","0","Not published by MEVnet","Not published by MEVnet","Not published by MEVnet","Not published by MEVnet","PLANMalaysia MEVnet","https://portaldev.planmalaysia.gov.my/portal/apps/dashboards/bba366dc3d144510bfd7cda771795f3d","2347","2026-07-26T09:23:16Z"
"mevnet-2352-zap","mevnet-2352","Zap","2","2","0","Not published by MEVnet","Not published by MEVnet","Not published by MEVnet","Not published by MEVnet","PLANMalaysia MEVnet","https://portaldev.planmalaysia.gov.my/portal/apps/dashboards/bba366dc3d144510bfd7cda771795f3d","2352","2026-07-26T09:23:16Z"
"mevnet-2356-tnbx-gotou-","mevnet-2356","TNBX (GoToU)","2","0","2","Not published by MEVnet","Not published by MEVnet","Not published by MEVnet","Not published by MEVnet","PLANMalaysia MEVnet","https://portaldev.planmalaysia.gov.my/portal/apps/dashboards/bba366dc3d144510bfd7cda771795f3d","2356","2026-07-26T09:23:16Z"
"mevnet-2357-chargev","mevnet-2357","chargEV","12","2","24","Not published by MEVnet","Not published by MEVnet","Not published by MEVnet","Not published by MEVnet","PLANMalaysia MEVnet","https://portaldev.planmalaysia.gov.my/portal/apps/dashboards/bba366dc3d144510bfd7cda771795f3d","2357","2026-07-26T09:23:16Z"
"mevnet-2357-others","mevnet-2357","Others","14","2","24","Not published by MEVnet","Not published by MEVnet","Not published by MEVnet","Not published by MEVnet","PLANMalaysia MEVnet","https://portaldev.planmalaysia.gov.my/portal/apps/dashboards/bba366dc3d144510bfd7cda771795f3d","2357","2026-07-26T09:23:16Z"
"mevnet-2358-chargev","mevnet-2358","chargEV","4","2","2","Not published by MEVnet","Not published by MEVnet","Not published by MEVnet","Not published by MEVnet","PLANMalaysia MEVnet","https://portaldev.planmalaysia.gov.my/portal/apps/dashboards/bba366dc3d144510bfd7cda771795f3d","2358","2026-07-26T09:23:16Z"
"mevnet-2368-chargev","mevnet-2368","chargEV","2","2","0","Not published by MEVnet","Not published by MEVnet","Not published by MEVnet","Not published by MEVnet","PLANMalaysia MEVnet","https://portaldev.planmalaysia.gov.my/portal/apps/dashboards/bba366dc3d144510bfd7cda771795f3d","2368","2026-07-26T09:23:16Z"
"mevnet-2371-chargesini","mevnet-2371","ChargeSini","10","6","4","Not published by MEVnet","Not published by MEVnet","Not published by MEVnet","Not published by MEVnet","PLANMalaysia MEVnet","https://portaldev.planmalaysia.gov.my/portal/apps/dashboards/bba366dc3d144510bfd7cda771795f3d","2371","2026-07-26T09:23:16Z"
"mevnet-2372-chargesini","mevnet-2372","ChargeSini","2","0","2","Not published by MEVnet","Not published by MEVnet","Not published by MEVnet","Not published by MEVnet","PLANMalaysia MEVnet","https://portaldev.planmalaysia.gov.my/portal/apps/dashboards/bba366dc3d144510bfd7cda771795f3d","2372","2026-07-26T09:23:16Z"
"mevnet-2375-tnbx-gotou-","mevnet-2375","TNBX (GoToU)","2","0","2","Not published by MEVnet","Not published by MEVnet","Not published by MEVnet","Not published by MEVnet","PLANMalaysia MEVnet","https://portaldev.planmalaysia.gov.my/portal/apps/dashboards/bba366dc3d144510bfd7cda771795f3d","2375","2026-07-26T09:23:16Z"
"mevnet-2376-others","mevnet-2376","Others","8","8","0","Not published by MEVnet","Not published by MEVnet","Not published by MEVnet","Not published by MEVnet","PLANMalaysia MEVnet","https://portaldev.planmalaysia.gov.my/portal/apps/dashboards/bba366dc3d144510bfd7cda771795f3d","2376","2026-07-26T09:23:16Z"
"mevnet-2377-chargev","mevnet-2377","chargEV","4","2","2","Not published by MEVnet","Not published by MEVnet","Not published by MEVnet","Not published by MEVnet","PLANMalaysia MEVnet","https://portaldev.planmalaysia.gov.my/portal/apps/dashboards/bba366dc3d144510bfd7cda771795f3d","2377","2026-07-26T09:23:16Z"
"mevnet-2382-others","mevnet-2382","Others","1","1","0","Not published by MEVnet","Not published by MEVnet","Not published by MEVnet","Not published by MEVnet","PLANMalaysia MEVnet","https://portaldev.planmalaysia.gov.my/portal/apps/dashboards/bba366dc3d144510bfd7cda771795f3d","2382","2026-07-26T09:23:16Z"
"mevnet-2385-gentari","mevnet-2385","Gentari","2","0","2","Not published by MEVnet","Not published by MEVnet","Not published by MEVnet","Not published by MEVnet","PLANMalaysia MEVnet","https://portaldev.planmalaysia.gov.my/portal/apps/dashboards/bba366dc3d144510bfd7cda771795f3d","2385","2026-07-26T09:23:16Z"
"mevnet-2390-others","mevnet-2390","Others","2","2","0","Not published by MEVnet","Not published by MEVnet","Not published by MEVnet","Not published by MEVnet","PLANMalaysia MEVnet","https://portaldev.planmalaysia.gov.my/portal/apps/dashboards/bba366dc3d144510bfd7cda771795f3d","2390","2026-07-26T09:23:16Z"
"mevnet-2391-chargev","mevnet-2391","chargEV","2","2","0","Not published by MEVnet","Not published by MEVnet","Not published by MEVnet","Not published by MEVnet","PLANMalaysia MEVnet","https://portaldev.planmalaysia.gov.my/portal/apps/dashboards/bba366dc3d144510bfd7cda771795f3d","2391","2026-07-26T09:23:16Z"
"mevnet-2410-zap","mevnet-2410","Zap","2","2","0","Not published by MEVnet","Not published by MEVnet","Not published by MEVnet","Not published by MEVnet","PLANMalaysia MEVnet","https://portaldev.planmalaysia.gov.my/portal/apps/dashboards/bba366dc3d144510bfd7cda771795f3d","2410","2026-07-26T09:23:16Z"
"mevnet-2411-gentari","mevnet-2411","Gentari","6","9","0","Not published by MEVnet","Not published by MEVnet","Not published by MEVnet","Not published by MEVnet","PLANMalaysia MEVnet","https://portaldev.planmalaysia.gov.my/portal/apps/dashboards/bba366dc3d144510bfd7cda771795f3d","2411","2026-07-26T09:23:16Z"
"mevnet-2411-shell-recharge","mevnet-2411","Shell Recharge","3","9","0","Not published by MEVnet","Not published by MEVnet","Not published by MEVnet","Not published by MEVnet","PLANMalaysia MEVnet","https://portaldev.planmalaysia.gov.my/portal/apps/dashboards/bba366dc3d144510bfd7cda771795f3d","2411","2026-07-26T09:23:16Z"
"mevnet-2412-chargesini","mevnet-2412","ChargeSini","8","8","9","Not published by MEVnet","Not published by MEVnet","Not published by MEVnet","Not published by MEVnet","PLANMalaysia MEVnet","https://portaldev.planmalaysia.gov.my/portal/apps/dashboards/bba366dc3d144510bfd7cda771795f3d","2412","2026-07-26T09:23:16Z"
"mevnet-2412-jomcharge","mevnet-2412","JomCharge","9","8","9","Not published by MEVnet","Not published by MEVnet","Not published by MEVnet","Not published by MEVnet","PLANMalaysia MEVnet","https://portaldev.planmalaysia.gov.my/portal/apps/dashboards/bba366dc3d144510bfd7cda771795f3d","2412","2026-07-26T09:23:16Z"
"mevnet-2413-chargesini","mevnet-2413","ChargeSini","3","3","0","Not published by MEVnet","Not published by MEVnet","Not published by MEVnet","Not published by MEVnet","PLANMalaysia MEVnet","https://portaldev.planmalaysia.gov.my/portal/apps/dashboards/bba366dc3d144510bfd7cda771795f3d","2413","2026-07-26T09:23:16Z"
"mevnet-2421-chargesini","mevnet-2421","ChargeSini","3","3","0","Not published by MEVnet","Not published by MEVnet","Not published by MEVnet","Not published by MEVnet","PLANMalaysia MEVnet","https://portaldev.planmalaysia.gov.my/portal/apps/dashboards/bba366dc3d144510bfd7cda771795f3d","2421","2026-07-26T09:23:16Z"
"mevnet-2432-gentari","mevnet-2432","Gentari","6","6","0","Not published by MEVnet","Not published by MEVnet","Not published by MEVnet","Not published by MEVnet","PLANMalaysia MEVnet","https://portaldev.planmalaysia.gov.my/portal/apps/dashboards/bba366dc3d144510bfd7cda771795f3d","2432","2026-07-26T09:23:16Z"
"mevnet-2440-gentari","mevnet-2440","Gentari","6","6","0","Not published by MEVnet","Not published by MEVnet","Not published by MEVnet","Not published by MEVnet","PLANMalaysia MEVnet","https://portaldev.planmalaysia.gov.my/portal/apps/dashboards/bba366dc3d144510bfd7cda771795f3d","2440","2026-07-26T09:23:16Z"
"mevnet-2443-chargesini","mevnet-2443","ChargeSini","2","0","2","Not published by MEVnet","Not published by MEVnet","Not published by MEVnet","Not published by MEVnet","PLANMalaysia MEVnet","https://portaldev.planmalaysia.gov.my/portal/apps/dashboards/bba366dc3d144510bfd7cda771795f3d","2443","2026-07-26T09:23:16Z"
"mevnet-2453-jomcharge","mevnet-2453","JomCharge","4","2","2","Not published by MEVnet","Not published by MEVnet","Not published by MEVnet","Not published by MEVnet","PLANMalaysia MEVnet","https://portaldev.planmalaysia.gov.my/portal/apps/dashboards/bba366dc3d144510bfd7cda771795f3d","2453","2026-07-26T09:23:16Z"
"mevnet-2454-others","mevnet-2454","Others","2","2","0","Not published by MEVnet","Not published by MEVnet","Not published by MEVnet","Not published by MEVnet","PLANMalaysia MEVnet","https://portaldev.planmalaysia.gov.my/portal/apps/dashboards/bba366dc3d144510bfd7cda771795f3d","2454","2026-07-26T09:23:16Z"
"mevnet-2455-chargesini","mevnet-2455","ChargeSini","2","0","2","Not published by MEVnet","Not published by MEVnet","Not published by MEVnet","Not published by MEVnet","PLANMalaysia MEVnet","https://portaldev.planmalaysia.gov.my/portal/apps/dashboards/bba366dc3d144510bfd7cda771795f3d","2455","2026-07-26T09:23:16Z"
"mevnet-2459-gentari","mevnet-2459","Gentari","1","0","1","Not published by MEVnet","Not published by MEVnet","Not published by MEVnet","Not published by MEVnet","PLANMalaysia MEVnet","https://portaldev.planmalaysia.gov.my/portal/apps/dashboards/bba366dc3d144510bfd7cda771795f3d","2459","2026-07-26T09:23:16Z"
"mevnet-2465-jomcharge","mevnet-2465","JomCharge","1","1","0","Not published by MEVnet","Not published by MEVnet","Not published by MEVnet","Not published by MEVnet","PLANMalaysia MEVnet","https://portaldev.planmalaysia.gov.my/portal/apps/dashboards/bba366dc3d144510bfd7cda771795f3d","2465","2026-07-26T09:23:16Z"
"mevnet-2487-zap","mevnet-2487","Zap","2","2","0","Not published by MEVnet","Not published by MEVnet","Not published by MEVnet","Not published by MEVnet","PLANMalaysia MEVnet","https://portaldev.planmalaysia.gov.my/portal/apps/dashboards/bba366dc3d144510bfd7cda771795f3d","2487","2026-07-26T09:23:16Z"
"mevnet-2517-others","mevnet-2517","Others","2","2","0","Not published by MEVnet","Not published by MEVnet","Not published by MEVnet","Not published by MEVnet","PLANMalaysia MEVnet","https://portaldev.planmalaysia.gov.my/portal/apps/dashboards/bba366dc3d144510bfd7cda771795f3d","2517","2026-07-26T09:23:16Z"
"mevnet-2524-kineta","mevnet-2524","Kineta","3","3","0","Not published by MEVnet","Not published by MEVnet","Not published by MEVnet","Not published by MEVnet","PLANMalaysia MEVnet","https://portaldev.planmalaysia.gov.my/portal/apps/dashboards/bba366dc3d144510bfd7cda771795f3d","2524","2026-07-26T09:23:16Z"
"mevnet-2527-bmw","mevnet-2527","BMW","2","2","0","Not published by MEVnet","Not published by MEVnet","Not published by MEVnet","Not published by MEVnet","PLANMalaysia MEVnet","https://portaldev.planmalaysia.gov.my/portal/apps/dashboards/bba366dc3d144510bfd7cda771795f3d","2527","2026-07-26T09:23:16Z"
"mevnet-2531-chargev","mevnet-2531","chargEV","2","2","0","Not published by MEVnet","Not published by MEVnet","Not published by MEVnet","Not published by MEVnet","PLANMalaysia MEVnet","https://portaldev.planmalaysia.gov.my/portal/apps/dashboards/bba366dc3d144510bfd7cda771795f3d","2531","2026-07-26T09:23:16Z"
"mevnet-2533-gentari","mevnet-2533","Gentari","2","2","0","Not published by MEVnet","Not published by MEVnet","Not published by MEVnet","Not published by MEVnet","PLANMalaysia MEVnet","https://portaldev.planmalaysia.gov.my/portal/apps/dashboards/bba366dc3d144510bfd7cda771795f3d","2533","2026-07-26T09:23:16Z"
"mevnet-2577-bmw","mevnet-2577","BMW","2","0","3","Not published by MEVnet","Not published by MEVnet","Not published by MEVnet","Not published by MEVnet","PLANMalaysia MEVnet","https://portaldev.planmalaysia.gov.my/portal/apps/dashboards/bba366dc3d144510bfd7cda771795f3d","2577","2026-07-26T09:23:16Z"
"mevnet-2577-tnbx-gotou-","mevnet-2577","TNBX (GoToU)","1","0","3","Not published by MEVnet","Not published by MEVnet","Not published by MEVnet","Not published by MEVnet","PLANMalaysia MEVnet","https://portaldev.planmalaysia.gov.my/portal/apps/dashboards/bba366dc3d144510bfd7cda771795f3d","2577","2026-07-26T09:23:16Z"
"mevnet-2587-chargesini","mevnet-2587","ChargeSini","3","3","0","Not published by MEVnet","Not published by MEVnet","Not published by MEVnet","Not published by MEVnet","PLANMalaysia MEVnet","https://portaldev.planmalaysia.gov.my/portal/apps/dashboards/bba366dc3d144510bfd7cda771795f3d","2587","2026-07-26T09:23:16Z"
"mevnet-2601-chargesini","mevnet-2601","ChargeSini","2","0","2","Not published by MEVnet","Not published by MEVnet","Not published by MEVnet","Not published by MEVnet","PLANMalaysia MEVnet","https://portaldev.planmalaysia.gov.my/portal/apps/dashboards/bba366dc3d144510bfd7cda771795f3d","2601","2026-07-26T09:23:16Z"
"mevnet-2606-chargev","mevnet-2606","chargEV","2","2","0","Not published by MEVnet","Not published by MEVnet","Not published by MEVnet","Not published by MEVnet","PLANMalaysia MEVnet","https://portaldev.planmalaysia.gov.my/portal/apps/dashboards/bba366dc3d144510bfd7cda771795f3d","2606","2026-07-26T09:23:16Z"
"mevnet-2614-gentari","mevnet-2614","Gentari","5","5","0","Not published by MEVnet","Not published by MEVnet","Not published by MEVnet","Not published by MEVnet","PLANMalaysia MEVnet","https://portaldev.planmalaysia.gov.my/portal/apps/dashboards/bba366dc3d144510bfd7cda771795f3d","2614","2026-07-26T09:23:16Z"
"mevnet-2636-gentari","mevnet-2636","Gentari","1","0","1","Not published by MEVnet","Not published by MEVnet","Not published by MEVnet","Not published by MEVnet","PLANMalaysia MEVnet","https://portaldev.planmalaysia.gov.my/portal/apps/dashboards/bba366dc3d144510bfd7cda771795f3d","2636","2026-07-26T09:23:16Z"
"mevnet-2641-gentari","mevnet-2641","Gentari","7","0","7","Not published by MEVnet","Not published by MEVnet","Not published by MEVnet","Not published by MEVnet","PLANMalaysia MEVnet","https://portaldev.planmalaysia.gov.my/portal/apps/dashboards/bba366dc3d144510bfd7cda771795f3d","2641","2026-07-26T09:23:16Z"
"mevnet-2683-chargesini","mevnet-2683","ChargeSini","4","2","2","Not published by MEVnet","Not published by MEVnet","Not published by MEVnet","Not published by MEVnet","PLANMalaysia MEVnet","https://portaldev.planmalaysia.gov.my/portal/apps/dashboards/bba366dc3d144510bfd7cda771795f3d","2683","2026-07-26T09:23:16Z"
"mevnet-2716-others","mevnet-2716","Others","1","1","0","Not published by MEVnet","Not published by MEVnet","Not published by MEVnet","Not published by MEVnet","PLANMalaysia MEVnet","https://portaldev.planmalaysia.gov.my/portal/apps/dashboards/bba366dc3d144510bfd7cda771795f3d","2716","2026-07-26T09:23:16Z"
"mevnet-2722-others","mevnet-2722","Others","1","1","0","Not published by MEVnet","Not published by MEVnet","Not published by MEVnet","Not published by MEVnet","PLANMalaysia MEVnet","https://portaldev.planmalaysia.gov.my/portal/apps/dashboards/bba366dc3d144510bfd7cda771795f3d","2722","2026-07-26T09:23:16Z"
"mevnet-2746-shell-recharge","mevnet-2746","Shell Recharge","2","0","2","Not published by MEVnet","Not published by MEVnet","Not published by MEVnet","Not published by MEVnet","PLANMalaysia MEVnet","https://portaldev.planmalaysia.gov.my/portal/apps/dashboards/bba366dc3d144510bfd7cda771795f3d","2746","2026-07-26T09:23:16Z"
"mevnet-2777-gentari","mevnet-2777","Gentari","2","2","0","Not published by MEVnet","Not published by MEVnet","Not published by MEVnet","Not published by MEVnet","PLANMalaysia MEVnet","https://portaldev.planmalaysia.gov.my/portal/apps/dashboards/bba366dc3d144510bfd7cda771795f3d","2777","2026-07-26T09:23:16Z"
"mevnet-2784-chargesini","mevnet-2784","ChargeSini","3","3","0","Not published by MEVnet","Not published by MEVnet","Not published by MEVnet","Not published by MEVnet","PLANMalaysia MEVnet","https://portaldev.planmalaysia.gov.my/portal/apps/dashboards/bba366dc3d144510bfd7cda771795f3d","2784","2026-07-26T09:23:16Z"
"mevnet-2812-chargev","mevnet-2812","chargEV","1","1","0","Not published by MEVnet","Not published by MEVnet","Not published by MEVnet","Not published by MEVnet","PLANMalaysia MEVnet","https://portaldev.planmalaysia.gov.my/portal/apps/dashboards/bba366dc3d144510bfd7cda771795f3d","2812","2026-07-26T09:23:16Z"
"mevnet-2813-chargev","mevnet-2813","chargEV","2","2","0","Not published by MEVnet","Not published by MEVnet","Not published by MEVnet","Not published by MEVnet","PLANMalaysia MEVnet","https://portaldev.planmalaysia.gov.my/portal/apps/dashboards/bba366dc3d144510bfd7cda771795f3d","2813","2026-07-26T09:23:16Z"
"mevnet-2817-chargev","mevnet-2817","chargEV","1","1","0","Not published by MEVnet","Not published by MEVnet","Not published by MEVnet","Not published by MEVnet","PLANMalaysia MEVnet","https://portaldev.planmalaysia.gov.my/portal/apps/dashboards/bba366dc3d144510bfd7cda771795f3d","2817","2026-07-26T09:23:16Z"
"mevnet-2862-chargev","mevnet-2862","chargEV","2","2","0","Not published by MEVnet","Not published by MEVnet","Not published by MEVnet","Not published by MEVnet","PLANMalaysia MEVnet","https://portaldev.planmalaysia.gov.my/portal/apps/dashboards/bba366dc3d144510bfd7cda771795f3d","2862","2026-07-26T09:23:16Z"
"mevnet-2866-gentari","mevnet-2866","Gentari","3","0","3","Not published by MEVnet","Not published by MEVnet","Not published by MEVnet","Not published by MEVnet","PLANMalaysia MEVnet","https://portaldev.planmalaysia.gov.my/portal/apps/dashboards/bba366dc3d144510bfd7cda771795f3d","2866","2026-07-26T09:23:16Z"
"mevnet-2885-others","mevnet-2885","Others","4","2","2","Not published by MEVnet","Not published by MEVnet","Not published by MEVnet","Not published by MEVnet","PLANMalaysia MEVnet","https://portaldev.planmalaysia.gov.my/portal/apps/dashboards/bba366dc3d144510bfd7cda771795f3d","2885","2026-07-26T09:23:16Z"
"mevnet-2892-others","mevnet-2892","Others","1","1","0","Not published by MEVnet","Not published by MEVnet","Not published by MEVnet","Not published by MEVnet","PLANMalaysia MEVnet","https://portaldev.planmalaysia.gov.my/portal/apps/dashboards/bba366dc3d144510bfd7cda771795f3d","2892","2026-07-26T09:23:16Z"
"mevnet-2901-others","mevnet-2901","Others","4","4","0","Not published by MEVnet","Not published by MEVnet","Not published by MEVnet","Not published by MEVnet","PLANMalaysia MEVnet","https://portaldev.planmalaysia.gov.my/portal/apps/dashboards/bba366dc3d144510bfd7cda771795f3d","2901","2026-07-26T09:23:16Z"
"mevnet-2949-tnbx-gotou-","mevnet-2949","TNBX (GoToU)","2","0","2","Not published by MEVnet","Not published by MEVnet","Not published by MEVnet","Not published by MEVnet","PLANMalaysia MEVnet","https://portaldev.planmalaysia.gov.my/portal/apps/dashboards/bba366dc3d144510bfd7cda771795f3d","2949","2026-07-26T09:23:16Z"
"mevnet-2951-chargesini","mevnet-2951","ChargeSini","5","3","2","Not published by MEVnet","Not published by MEVnet","Not published by MEVnet","Not published by MEVnet","PLANMalaysia MEVnet","https://portaldev.planmalaysia.gov.my/portal/apps/dashboards/bba366dc3d144510bfd7cda771795f3d","2951","2026-07-26T09:23:16Z"
"mevnet-2955-chargesini","mevnet-2955","ChargeSini","2","2","0","Not published by MEVnet","Not published by MEVnet","Not published by MEVnet","Not published by MEVnet","PLANMalaysia MEVnet","https://portaldev.planmalaysia.gov.my/portal/apps/dashboards/bba366dc3d144510bfd7cda771795f3d","2955","2026-07-26T09:23:16Z"
"mevnet-2956-parkeasy","mevnet-2956","ParkEasy","3","3","0","Not published by MEVnet","Not published by MEVnet","Not published by MEVnet","Not published by MEVnet","PLANMalaysia MEVnet","https://portaldev.planmalaysia.gov.my/portal/apps/dashboards/bba366dc3d144510bfd7cda771795f3d","2956","2026-07-26T09:23:16Z"
"mevnet-2957-chargesini","mevnet-2957","ChargeSini","2","0","2","Not published by MEVnet","Not published by MEVnet","Not published by MEVnet","Not published by MEVnet","PLANMalaysia MEVnet","https://portaldev.planmalaysia.gov.my/portal/apps/dashboards/bba366dc3d144510bfd7cda771795f3d","2957","2026-07-26T09:23:16Z"
"mevnet-2977-flexi-parking","mevnet-2977","Flexi Parking","2","2","0","Not published by MEVnet","Not published by MEVnet","Not published by MEVnet","Not published by MEVnet","PLANMalaysia MEVnet","https://portaldev.planmalaysia.gov.my/portal/apps/dashboards/bba366dc3d144510bfd7cda771795f3d","2977","2026-07-26T09:23:16Z"
"mevnet-2999-chargev","mevnet-2999","chargEV","3","3","0","Not published by MEVnet","Not published by MEVnet","Not published by MEVnet","Not published by MEVnet","PLANMalaysia MEVnet","https://portaldev.planmalaysia.gov.my/portal/apps/dashboards/bba366dc3d144510bfd7cda771795f3d","2999","2026-07-26T09:23:16Z"
"mevnet-3000-chargesini","mevnet-3000","ChargeSini","2","0","2","Not published by MEVnet","Not published by MEVnet","Not published by MEVnet","Not published by MEVnet","PLANMalaysia MEVnet","https://portaldev.planmalaysia.gov.my/portal/apps/dashboards/bba366dc3d144510bfd7cda771795f3d","3000","2026-07-26T09:23:16Z"
"mevnet-3009-others","mevnet-3009","Others","4","4","0","Not published by MEVnet","Not published by MEVnet","Not published by MEVnet","Not published by MEVnet","PLANMalaysia MEVnet","https://portaldev.planmalaysia.gov.my/portal/apps/dashboards/bba366dc3d144510bfd7cda771795f3d","3009","2026-07-26T09:23:16Z"
"mevnet-3017-chargev","mevnet-3017","chargEV","4","2","2","Not published by MEVnet","Not published by MEVnet","Not published by MEVnet","Not published by MEVnet","PLANMalaysia MEVnet","https://portaldev.planmalaysia.gov.my/portal/apps/dashboards/bba366dc3d144510bfd7cda771795f3d","3017","2026-07-26T09:23:16Z"
"mevnet-3028-gentari","mevnet-3028","Gentari","3","3","0","Not published by MEVnet","Not published by MEVnet","Not published by MEVnet","Not published by MEVnet","PLANMalaysia MEVnet","https://portaldev.planmalaysia.gov.my/portal/apps/dashboards/bba366dc3d144510bfd7cda771795f3d","3028","2026-07-26T09:23:16Z"
"mevnet-3047-chargesini","mevnet-3047","ChargeSini","2","0","2","Not published by MEVnet","Not published by MEVnet","Not published by MEVnet","Not published by MEVnet","PLANMalaysia MEVnet","https://portaldev.planmalaysia.gov.my/portal/apps/dashboards/bba366dc3d144510bfd7cda771795f3d","3047","2026-07-26T09:23:16Z"
"mevnet-3062-zap","mevnet-3062","Zap","2","0","2","Not published by MEVnet","Not published by MEVnet","Not published by MEVnet","Not published by MEVnet","PLANMalaysia MEVnet","https://portaldev.planmalaysia.gov.my/portal/apps/dashboards/bba366dc3d144510bfd7cda771795f3d","3062","2026-07-26T09:23:16Z"
"mevnet-3074-tnbx-gotou-","mevnet-3074","TNBX (GoToU)","2","0","2","Not published by MEVnet","Not published by MEVnet","Not published by MEVnet","Not published by MEVnet","PLANMalaysia MEVnet","https://portaldev.planmalaysia.gov.my/portal/apps/dashboards/bba366dc3d144510bfd7cda771795f3d","3074","2026-07-26T09:23:16Z"
"mevnet-3077-others","mevnet-3077","Others","4","0","4","Not published by MEVnet","Not published by MEVnet","Not published by MEVnet","Not published by MEVnet","PLANMalaysia MEVnet","https://portaldev.planmalaysia.gov.my/portal/apps/dashboards/bba366dc3d144510bfd7cda771795f3d","3077","2026-07-26T09:23:16Z"
"mevnet-3078-chargesini","mevnet-3078","ChargeSini","2","0","2","Not published by MEVnet","Not published by MEVnet","Not published by MEVnet","Not published by MEVnet","PLANMalaysia MEVnet","https://portaldev.planmalaysia.gov.my/portal/apps/dashboards/bba366dc3d144510bfd7cda771795f3d","3078","2026-07-26T09:23:16Z"
"mevnet-3094-chargev","mevnet-3094","chargEV","4","2","2","Not published by MEVnet","Not published by MEVnet","Not published by MEVnet","Not published by MEVnet","PLANMalaysia MEVnet","https://portaldev.planmalaysia.gov.my/portal/apps/dashboards/bba366dc3d144510bfd7cda771795f3d","3094","2026-07-26T09:23:16Z"
"mevnet-3096-chargev","mevnet-3096","chargEV","3","3","0","Not published by MEVnet","Not published by MEVnet","Not published by MEVnet","Not published by MEVnet","PLANMalaysia MEVnet","https://portaldev.planmalaysia.gov.my/portal/apps/dashboards/bba366dc3d144510bfd7cda771795f3d","3096","2026-07-26T09:23:16Z"
"mevnet-3098-others","mevnet-3098","Others","5","5","0","Not published by MEVnet","Not published by MEVnet","Not published by MEVnet","Not published by MEVnet","PLANMalaysia MEVnet","https://portaldev.planmalaysia.gov.my/portal/apps/dashboards/bba366dc3d144510bfd7cda771795f3d","3098","2026-07-26T09:23:16Z"
"mevnet-3112-zap","mevnet-3112","Zap","3","3","0","Not published by MEVnet","Not published by MEVnet","Not published by MEVnet","Not published by MEVnet","PLANMalaysia MEVnet","https://portaldev.planmalaysia.gov.my/portal/apps/dashboards/bba366dc3d144510bfd7cda771795f3d","3112","2026-07-26T09:23:16Z"
"mevnet-3115-chargesini","mevnet-3115","ChargeSini","2","0","2","Not published by MEVnet","Not published by MEVnet","Not published by MEVnet","Not published by MEVnet","PLANMalaysia MEVnet","https://portaldev.planmalaysia.gov.my/portal/apps/dashboards/bba366dc3d144510bfd7cda771795f3d","3115","2026-07-26T09:23:16Z"
"mevnet-3119-chargesini","mevnet-3119","ChargeSini","5","5","0","Not published by MEVnet","Not published by MEVnet","Not published by MEVnet","Not published by MEVnet","PLANMalaysia MEVnet","https://portaldev.planmalaysia.gov.my/portal/apps/dashboards/bba366dc3d144510bfd7cda771795f3d","3119","2026-07-26T09:23:16Z"
"mevnet-3127-chargesini","mevnet-3127","ChargeSini","2","0","2","Not published by MEVnet","Not published by MEVnet","Not published by MEVnet","Not published by MEVnet","PLANMalaysia MEVnet","https://portaldev.planmalaysia.gov.my/portal/apps/dashboards/bba366dc3d144510bfd7cda771795f3d","3127","2026-07-26T09:23:16Z"
"mevnet-3265-others","mevnet-3265","Others","2","2","0","Not published by MEVnet","Not published by MEVnet","Not published by MEVnet","Not published by MEVnet","PLANMalaysia MEVnet","https://portaldev.planmalaysia.gov.my/portal/apps/dashboards/bba366dc3d144510bfd7cda771795f3d","3265","2026-07-26T09:23:16Z"
"mevnet-3276-others","mevnet-3276","Others","2","2","0","Not published by MEVnet","Not published by MEVnet","Not published by MEVnet","Not published by MEVnet","PLANMalaysia MEVnet","https://portaldev.planmalaysia.gov.my/portal/apps/dashboards/bba366dc3d144510bfd7cda771795f3d","3276","2026-07-26T09:23:16Z"
"mevnet-3277-jomcharge","mevnet-3277","JomCharge","1","3","1","Not published by MEVnet","Not published by MEVnet","Not published by MEVnet","Not published by MEVnet","PLANMalaysia MEVnet","https://portaldev.planmalaysia.gov.my/portal/apps/dashboards/bba366dc3d144510bfd7cda771795f3d","3277","2026-07-26T09:23:16Z"
"mevnet-3277-others","mevnet-3277","Others","3","3","1","Not published by MEVnet","Not published by MEVnet","Not published by MEVnet","Not published by MEVnet","PLANMalaysia MEVnet","https://portaldev.planmalaysia.gov.my/portal/apps/dashboards/bba366dc3d144510bfd7cda771795f3d","3277","2026-07-26T09:23:16Z"
"mevnet-3281-chargesini","mevnet-3281","ChargeSini","2","2","4","Not published by MEVnet","Not published by MEVnet","Not published by MEVnet","Not published by MEVnet","PLANMalaysia MEVnet","https://portaldev.planmalaysia.gov.my/portal/apps/dashboards/bba366dc3d144510bfd7cda771795f3d","3281","2026-07-26T09:23:16Z"
"mevnet-3281-others","mevnet-3281","Others","4","2","4","Not published by MEVnet","Not published by MEVnet","Not published by MEVnet","Not published by MEVnet","PLANMalaysia MEVnet","https://portaldev.planmalaysia.gov.my/portal/apps/dashboards/bba366dc3d144510bfd7cda771795f3d","3281","2026-07-26T09:23:16Z"
"mevnet-3294-chargesini","mevnet-3294","ChargeSini","2","2","2","Not published by MEVnet","Not published by MEVnet","Not published by MEVnet","Not published by MEVnet","PLANMalaysia MEVnet","https://portaldev.planmalaysia.gov.my/portal/apps/dashboards/bba366dc3d144510bfd7cda771795f3d","3294","2026-07-26T09:23:16Z"
"mevnet-3294-others","mevnet-3294","Others","2","2","2","Not published by MEVnet","Not published by MEVnet","Not published by MEVnet","Not published by MEVnet","PLANMalaysia MEVnet","https://portaldev.planmalaysia.gov.my/portal/apps/dashboards/bba366dc3d144510bfd7cda771795f3d","3294","2026-07-26T09:23:16Z"
"mevnet-3314-abb","mevnet-3314","ABB","2","0","2","Not published by MEVnet","Not published by MEVnet","Not published by MEVnet","Not published by MEVnet","PLANMalaysia MEVnet","https://portaldev.planmalaysia.gov.my/portal/apps/dashboards/bba366dc3d144510bfd7cda771795f3d","3314","2026-07-26T09:23:16Z"
"mevnet-3315-chargesini","mevnet-3315","ChargeSini","2","2","0","Not published by MEVnet","Not published by MEVnet","Not published by MEVnet","Not published by MEVnet","PLANMalaysia MEVnet","https://portaldev.planmalaysia.gov.my/portal/apps/dashboards/bba366dc3d144510bfd7cda771795f3d","3315","2026-07-26T09:23:16Z"
"mevnet-3316-chargesini","mevnet-3316","ChargeSini","2","2","0","Not published by MEVnet","Not published by MEVnet","Not published by MEVnet","Not published by MEVnet","PLANMalaysia MEVnet","https://portaldev.planmalaysia.gov.my/portal/apps/dashboards/bba366dc3d144510bfd7cda771795f3d","3316","2026-07-26T09:23:16Z"
"mevnet-3318-chargesini","mevnet-3318","ChargeSini","2","2","0","Not published by MEVnet","Not published by MEVnet","Not published by MEVnet","Not published by MEVnet","PLANMalaysia MEVnet","https://portaldev.planmalaysia.gov.my/portal/apps/dashboards/bba366dc3d144510bfd7cda771795f3d","3318","2026-07-26T09:23:16Z"
"mevnet-3319-chargesini","mevnet-3319","ChargeSini","2","2","0","Not published by MEVnet","Not published by MEVnet","Not published by MEVnet","Not published by MEVnet","PLANMalaysia MEVnet","https://portaldev.planmalaysia.gov.my/portal/apps/dashboards/bba366dc3d144510bfd7cda771795f3d","3319","2026-07-26T09:23:16Z"
"mevnet-3320-chargesini","mevnet-3320","ChargeSini","1","1","0","Not published by MEVnet","Not published by MEVnet","Not published by MEVnet","Not published by MEVnet","PLANMalaysia MEVnet","https://portaldev.planmalaysia.gov.my/portal/apps/dashboards/bba366dc3d144510bfd7cda771795f3d","3320","2026-07-26T09:23:16Z"
"mevnet-3321-chargesini","mevnet-3321","ChargeSini","3","1","2","Not published by MEVnet","Not published by MEVnet","Not published by MEVnet","Not published by MEVnet","PLANMalaysia MEVnet","https://portaldev.planmalaysia.gov.my/portal/apps/dashboards/bba366dc3d144510bfd7cda771795f3d","3321","2026-07-26T09:23:16Z"
"mevnet-3322-chargesini","mevnet-3322","ChargeSini","1","1","0","Not published by MEVnet","Not published by MEVnet","Not published by MEVnet","Not published by MEVnet","PLANMalaysia MEVnet","https://portaldev.planmalaysia.gov.my/portal/apps/dashboards/bba366dc3d144510bfd7cda771795f3d","3322","2026-07-26T09:23:16Z"
"mevnet-3323-chargesini","mevnet-3323","ChargeSini","2","2","0","Not published by MEVnet","Not published by MEVnet","Not published by MEVnet","Not published by MEVnet","PLANMalaysia MEVnet","https://portaldev.planmalaysia.gov.my/portal/apps/dashboards/bba366dc3d144510bfd7cda771795f3d","3323","2026-07-26T09:23:16Z"
"mevnet-3324-chargesini","mevnet-3324","ChargeSini","2","2","0","Not published by MEVnet","Not published by MEVnet","Not published by MEVnet","Not published by MEVnet","PLANMalaysia MEVnet","https://portaldev.planmalaysia.gov.my/portal/apps/dashboards/bba366dc3d144510bfd7cda771795f3d","3324","2026-07-26T09:23:16Z"
"mevnet-3325-chargesini","mevnet-3325","ChargeSini","2","2","0","Not published by MEVnet","Not published by MEVnet","Not published by MEVnet","Not published by MEVnet","PLANMalaysia MEVnet","https://portaldev.planmalaysia.gov.my/portal/apps/dashboards/bba366dc3d144510bfd7cda771795f3d","3325","2026-07-26T09:23:16Z"
"mevnet-3326-chargesini","mevnet-3326","ChargeSini","2","2","0","Not published by MEVnet","Not published by MEVnet","Not published by MEVnet","Not published by MEVnet","PLANMalaysia MEVnet","https://portaldev.planmalaysia.gov.my/portal/apps/dashboards/bba366dc3d144510bfd7cda771795f3d","3326","2026-07-26T09:23:16Z"
"mevnet-3327-chargesini","mevnet-3327","ChargeSini","4","2","2","Not published by MEVnet","Not published by MEVnet","Not published by MEVnet","Not published by MEVnet","PLANMalaysia MEVnet","https://portaldev.planmalaysia.gov.my/portal/apps/dashboards/bba366dc3d144510bfd7cda771795f3d","3327","2026-07-26T09:23:16Z"
"mevnet-3329-bmw","mevnet-3329","BMW","2","2","0","Not published by MEVnet","Not published by MEVnet","Not published by MEVnet","Not published by MEVnet","PLANMalaysia MEVnet","https://portaldev.planmalaysia.gov.my/portal/apps/dashboards/bba366dc3d144510bfd7cda771795f3d","3329","2026-07-26T09:23:16Z"
"mevnet-3330-bmw","mevnet-3330","BMW","2","3","1","Not published by MEVnet","Not published by MEVnet","Not published by MEVnet","Not published by MEVnet","PLANMalaysia MEVnet","https://portaldev.planmalaysia.gov.my/portal/apps/dashboards/bba366dc3d144510bfd7cda771795f3d","3330","2026-07-26T09:23:16Z"
"mevnet-3330-chargev","mevnet-3330","chargEV","1","3","1","Not published by MEVnet","Not published by MEVnet","Not published by MEVnet","Not published by MEVnet","PLANMalaysia MEVnet","https://portaldev.planmalaysia.gov.my/portal/apps/dashboards/bba366dc3d144510bfd7cda771795f3d","3330","2026-07-26T09:23:16Z"
"mevnet-3330-tnbx-gotou-","mevnet-3330","TNBX (GoToU)","1","3","1","Not published by MEVnet","Not published by MEVnet","Not published by MEVnet","Not published by MEVnet","PLANMalaysia MEVnet","https://portaldev.planmalaysia.gov.my/portal/apps/dashboards/bba366dc3d144510bfd7cda771795f3d","3330","2026-07-26T09:23:16Z"
"mevnet-3331-bmw","mevnet-3331","BMW","3","4","1","Not published by MEVnet","Not published by MEVnet","Not published by MEVnet","Not published by MEVnet","PLANMalaysia MEVnet","https://portaldev.planmalaysia.gov.my/portal/apps/dashboards/bba366dc3d144510bfd7cda771795f3d","3331","2026-07-26T09:23:16Z"
"mevnet-3331-chargev","mevnet-3331","chargEV","1","4","1","Not published by MEVnet","Not published by MEVnet","Not published by MEVnet","Not published by MEVnet","PLANMalaysia MEVnet","https://portaldev.planmalaysia.gov.my/portal/apps/dashboards/bba366dc3d144510bfd7cda771795f3d","3331","2026-07-26T09:23:16Z"
"mevnet-3331-tnbx-gotou-","mevnet-3331","TNBX (GoToU)","1","4","1","Not published by MEVnet","Not published by MEVnet","Not published by MEVnet","Not published by MEVnet","PLANMalaysia MEVnet","https://portaldev.planmalaysia.gov.my/portal/apps/dashboards/bba366dc3d144510bfd7cda771795f3d","3331","2026-07-26T09:23:16Z"
"mevnet-3332-bmw","mevnet-3332","BMW","4","5","1","Not published by MEVnet","Not published by MEVnet","Not published by MEVnet","Not published by MEVnet","PLANMalaysia MEVnet","https://portaldev.planmalaysia.gov.my/portal/apps/dashboards/bba366dc3d144510bfd7cda771795f3d","3332","2026-07-26T09:23:16Z"
"mevnet-3332-chargev","mevnet-3332","chargEV","1","5","1","Not published by MEVnet","Not published by MEVnet","Not published by MEVnet","Not published by MEVnet","PLANMalaysia MEVnet","https://portaldev.planmalaysia.gov.my/portal/apps/dashboards/bba366dc3d144510bfd7cda771795f3d","3332","2026-07-26T09:23:16Z"
"mevnet-3332-tnbx-gotou-","mevnet-3332","TNBX (GoToU)","1","5","1","Not published by MEVnet","Not published by MEVnet","Not published by MEVnet","Not published by MEVnet","PLANMalaysia MEVnet","https://portaldev.planmalaysia.gov.my/portal/apps/dashboards/bba366dc3d144510bfd7cda771795f3d","3332","2026-07-26T09:23:16Z"
"mevnet-3333-bmw","mevnet-3333","BMW","3","3","4","Not published by MEVnet","Not published by MEVnet","Not published by MEVnet","Not published by MEVnet","PLANMalaysia MEVnet","https://portaldev.planmalaysia.gov.my/portal/apps/dashboards/bba366dc3d144510bfd7cda771795f3d","3333","2026-07-26T09:23:16Z"
"mevnet-3333-chargev","mevnet-3333","chargEV","2","3","4","Not published by MEVnet","Not published by MEVnet","Not published by MEVnet","Not published by MEVnet","PLANMalaysia MEVnet","https://portaldev.planmalaysia.gov.my/portal/apps/dashboards/bba366dc3d144510bfd7cda771795f3d","3333","2026-07-26T09:23:16Z"
"mevnet-3333-gentari","mevnet-3333","Gentari","2","3","4","Not published by MEVnet","Not published by MEVnet","Not published by MEVnet","Not published by MEVnet","PLANMalaysia MEVnet","https://portaldev.planmalaysia.gov.my/portal/apps/dashboards/bba366dc3d144510bfd7cda771795f3d","3333","2026-07-26T09:23:16Z"
"mevnet-3334-bmw","mevnet-3334","BMW","1","2","1","Not published by MEVnet","Not published by MEVnet","Not published by MEVnet","Not published by MEVnet","PLANMalaysia MEVnet","https://portaldev.planmalaysia.gov.my/portal/apps/dashboards/bba366dc3d144510bfd7cda771795f3d","3334","2026-07-26T09:23:16Z"
"mevnet-3334-chargev","mevnet-3334","chargEV","2","2","1","Not published by MEVnet","Not published by MEVnet","Not published by MEVnet","Not published by MEVnet","PLANMalaysia MEVnet","https://portaldev.planmalaysia.gov.my/portal/apps/dashboards/bba366dc3d144510bfd7cda771795f3d","3334","2026-07-26T09:23:16Z"
"mevnet-3335-bmw","mevnet-3335","BMW","1","1","1","Not published by MEVnet","Not published by MEVnet","Not published by MEVnet","Not published by MEVnet","PLANMalaysia MEVnet","https://portaldev.planmalaysia.gov.my/portal/apps/dashboards/bba366dc3d144510bfd7cda771795f3d","3335","2026-07-26T09:23:16Z"
"mevnet-3335-chargev","mevnet-3335","chargEV","1","1","1","Not published by MEVnet","Not published by MEVnet","Not published by MEVnet","Not published by MEVnet","PLANMalaysia MEVnet","https://portaldev.planmalaysia.gov.my/portal/apps/dashboards/bba366dc3d144510bfd7cda771795f3d","3335","2026-07-26T09:23:16Z"
"mevnet-3336-bmw","mevnet-3336","BMW","2","2","1","Not published by MEVnet","Not published by MEVnet","Not published by MEVnet","Not published by MEVnet","PLANMalaysia MEVnet","https://portaldev.planmalaysia.gov.my/portal/apps/dashboards/bba366dc3d144510bfd7cda771795f3d","3336","2026-07-26T09:23:16Z"
"mevnet-3336-chargev","mevnet-3336","chargEV","1","2","1","Not published by MEVnet","Not published by MEVnet","Not published by MEVnet","Not published by MEVnet","PLANMalaysia MEVnet","https://portaldev.planmalaysia.gov.my/portal/apps/dashboards/bba366dc3d144510bfd7cda771795f3d","3336","2026-07-26T09:23:16Z"
"mevnet-3337-chargev","mevnet-3337","chargEV","1","0","1","Not published by MEVnet","Not published by MEVnet","Not published by MEVnet","Not published by MEVnet","PLANMalaysia MEVnet","https://portaldev.planmalaysia.gov.my/portal/apps/dashboards/bba366dc3d144510bfd7cda771795f3d","3337","2026-07-26T09:23:16Z"
"mevnet-3338-chargev","mevnet-3338","chargEV","1","0","1","Not published by MEVnet","Not published by MEVnet","Not published by MEVnet","Not published by MEVnet","PLANMalaysia MEVnet","https://portaldev.planmalaysia.gov.my/portal/apps/dashboards/bba366dc3d144510bfd7cda771795f3d","3338","2026-07-26T09:23:16Z"
"mevnet-3339-bmw","mevnet-3339","BMW","1","1","1","Not published by MEVnet","Not published by MEVnet","Not published by MEVnet","Not published by MEVnet","PLANMalaysia MEVnet","https://portaldev.planmalaysia.gov.my/portal/apps/dashboards/bba366dc3d144510bfd7cda771795f3d","3339","2026-07-26T09:23:16Z"
"mevnet-3339-chargev","mevnet-3339","chargEV","1","1","1","Not published by MEVnet","Not published by MEVnet","Not published by MEVnet","Not published by MEVnet","PLANMalaysia MEVnet","https://portaldev.planmalaysia.gov.my/portal/apps/dashboards/bba366dc3d144510bfd7cda771795f3d","3339","2026-07-26T09:23:16Z"
"mevnet-3340-bmw","mevnet-3340","BMW","2","2","1","Not published by MEVnet","Not published by MEVnet","Not published by MEVnet","Not published by MEVnet","PLANMalaysia MEVnet","https://portaldev.planmalaysia.gov.my/portal/apps/dashboards/bba366dc3d144510bfd7cda771795f3d","3340","2026-07-26T09:23:16Z"
"mevnet-3340-chargev","mevnet-3340","chargEV","1","2","1","Not published by MEVnet","Not published by MEVnet","Not published by MEVnet","Not published by MEVnet","PLANMalaysia MEVnet","https://portaldev.planmalaysia.gov.my/portal/apps/dashboards/bba366dc3d144510bfd7cda771795f3d","3340","2026-07-26T09:23:16Z"
"mevnet-3341-chargev","mevnet-3341","chargEV","1","2","2","Not published by MEVnet","Not published by MEVnet","Not published by MEVnet","Not published by MEVnet","PLANMalaysia MEVnet","https://portaldev.planmalaysia.gov.my/portal/apps/dashboards/bba366dc3d144510bfd7cda771795f3d","3341","2026-07-26T09:23:16Z"
"mevnet-3341-gentari","mevnet-3341","Gentari","1","2","2","Not published by MEVnet","Not published by MEVnet","Not published by MEVnet","Not published by MEVnet","PLANMalaysia MEVnet","https://portaldev.planmalaysia.gov.my/portal/apps/dashboards/bba366dc3d144510bfd7cda771795f3d","3341","2026-07-26T09:23:16Z"
"mevnet-3341-others","mevnet-3341","Others","2","2","2","Not published by MEVnet","Not published by MEVnet","Not published by MEVnet","Not published by MEVnet","PLANMalaysia MEVnet","https://portaldev.planmalaysia.gov.my/portal/apps/dashboards/bba366dc3d144510bfd7cda771795f3d","3341","2026-07-26T09:23:16Z"
"mevnet-3342-bmw","mevnet-3342","BMW","1","1","1","Not published by MEVnet","Not published by MEVnet","Not published by MEVnet","Not published by MEVnet","PLANMalaysia MEVnet","https://portaldev.planmalaysia.gov.my/portal/apps/dashboards/bba366dc3d144510bfd7cda771795f3d","3342","2026-07-26T09:23:16Z"
"mevnet-3342-chargev","mevnet-3342","chargEV","1","1","1","Not published by MEVnet","Not published by MEVnet","Not published by MEVnet","Not published by MEVnet","PLANMalaysia MEVnet","https://portaldev.planmalaysia.gov.my/portal/apps/dashboards/bba366dc3d144510bfd7cda771795f3d","3342","2026-07-26T09:23:16Z"
"mevnet-3343-bmw","mevnet-3343","BMW","1","0","3","Not published by MEVnet","Not published by MEVnet","Not published by MEVnet","Not published by MEVnet","PLANMalaysia MEVnet","https://portaldev.planmalaysia.gov.my/portal/apps/dashboards/bba366dc3d144510bfd7cda771795f3d","3343","2026-07-26T09:23:16Z"
"mevnet-3343-chargev","mevnet-3343","chargEV","2","0","3","Not published by MEVnet","Not published by MEVnet","Not published by MEVnet","Not published by MEVnet","PLANMalaysia MEVnet","https://portaldev.planmalaysia.gov.my/portal/apps/dashboards/bba366dc3d144510bfd7cda771795f3d","3343","2026-07-26T09:23:16Z"
"mevnet-3344-bmw","mevnet-3344","BMW","2","3","2","Not published by MEVnet","Not published by MEVnet","Not published by MEVnet","Not published by MEVnet","PLANMalaysia MEVnet","https://portaldev.planmalaysia.gov.my/portal/apps/dashboards/bba366dc3d144510bfd7cda771795f3d","3344","2026-07-26T09:23:16Z"
"mevnet-3344-chargev","mevnet-3344","chargEV","3","3","2","Not published by MEVnet","Not published by MEVnet","Not published by MEVnet","Not published by MEVnet","PLANMalaysia MEVnet","https://portaldev.planmalaysia.gov.my/portal/apps/dashboards/bba366dc3d144510bfd7cda771795f3d","3344","2026-07-26T09:23:16Z"
"mevnet-3345-bmw","mevnet-3345","BMW","2","2","4","Not published by MEVnet","Not published by MEVnet","Not published by MEVnet","Not published by MEVnet","PLANMalaysia MEVnet","https://portaldev.planmalaysia.gov.my/portal/apps/dashboards/bba366dc3d144510bfd7cda771795f3d","3345","2026-07-26T09:23:16Z"
"mevnet-3345-gentari","mevnet-3345","Gentari","4","2","4","Not published by MEVnet","Not published by MEVnet","Not published by MEVnet","Not published by MEVnet","PLANMalaysia MEVnet","https://portaldev.planmalaysia.gov.my/portal/apps/dashboards/bba366dc3d144510bfd7cda771795f3d","3345","2026-07-26T09:23:16Z"
"mevnet-3346-bmw","mevnet-3346","BMW","2","6","0","Not published by MEVnet","Not published by MEVnet","Not published by MEVnet","Not published by MEVnet","PLANMalaysia MEVnet","https://portaldev.planmalaysia.gov.my/portal/apps/dashboards/bba366dc3d144510bfd7cda771795f3d","3346","2026-07-26T09:23:16Z"
"mevnet-3346-chargesini","mevnet-3346","ChargeSini","4","6","0","Not published by MEVnet","Not published by MEVnet","Not published by MEVnet","Not published by MEVnet","PLANMalaysia MEVnet","https://portaldev.planmalaysia.gov.my/portal/apps/dashboards/bba366dc3d144510bfd7cda771795f3d","3346","2026-07-26T09:23:16Z"
"mevnet-3347-bmw","mevnet-3347","BMW","2","6","0","Not published by MEVnet","Not published by MEVnet","Not published by MEVnet","Not published by MEVnet","PLANMalaysia MEVnet","https://portaldev.planmalaysia.gov.my/portal/apps/dashboards/bba366dc3d144510bfd7cda771795f3d","3347","2026-07-26T09:23:16Z"
"mevnet-3347-chargesini","mevnet-3347","ChargeSini","4","6","0","Not published by MEVnet","Not published by MEVnet","Not published by MEVnet","Not published by MEVnet","PLANMalaysia MEVnet","https://portaldev.planmalaysia.gov.my/portal/apps/dashboards/bba366dc3d144510bfd7cda771795f3d","3347","2026-07-26T09:23:16Z"
"mevnet-3348-bmw","mevnet-3348","BMW","2","4","0","Not published by MEVnet","Not published by MEVnet","Not published by MEVnet","Not published by MEVnet","PLANMalaysia MEVnet","https://portaldev.planmalaysia.gov.my/portal/apps/dashboards/bba366dc3d144510bfd7cda771795f3d","3348","2026-07-26T09:23:16Z"
"mevnet-3348-jomcharge","mevnet-3348","JomCharge","2","4","0","Not published by MEVnet","Not published by MEVnet","Not published by MEVnet","Not published by MEVnet","PLANMalaysia MEVnet","https://portaldev.planmalaysia.gov.my/portal/apps/dashboards/bba366dc3d144510bfd7cda771795f3d","3348","2026-07-26T09:23:16Z"
"mevnet-3349-bmw","mevnet-3349","BMW","2","2","0","Not published by MEVnet","Not published by MEVnet","Not published by MEVnet","Not published by MEVnet","PLANMalaysia MEVnet","https://portaldev.planmalaysia.gov.my/portal/apps/dashboards/bba366dc3d144510bfd7cda771795f3d","3349","2026-07-26T09:23:16Z"
"mevnet-3350-others","mevnet-3350","Others","2","2","0","Not published by MEVnet","Not published by MEVnet","Not published by MEVnet","Not published by MEVnet","PLANMalaysia MEVnet","https://portaldev.planmalaysia.gov.my/portal/apps/dashboards/bba366dc3d144510bfd7cda771795f3d","3350","2026-07-26T09:23:16Z"
"mevnet-3351-chargev","mevnet-3351","chargEV","1","1","0","Not published by MEVnet","Not published by MEVnet","Not published by MEVnet","Not published by MEVnet","PLANMalaysia MEVnet","https://portaldev.planmalaysia.gov.my/portal/apps/dashboards/bba366dc3d144510bfd7cda771795f3d","3351","2026-07-26T09:23:16Z"
"mevnet-3352-chargev","mevnet-3352","chargEV","1","1","0","Not published by MEVnet","Not published by MEVnet","Not published by MEVnet","Not published by MEVnet","PLANMalaysia MEVnet","https://portaldev.planmalaysia.gov.my/portal/apps/dashboards/bba366dc3d144510bfd7cda771795f3d","3352","2026-07-26T09:23:16Z"
"mevnet-3354-chargev","mevnet-3354","chargEV","2","2","0","Not published by MEVnet","Not published by MEVnet","Not published by MEVnet","Not published by MEVnet","PLANMalaysia MEVnet","https://portaldev.planmalaysia.gov.my/portal/apps/dashboards/bba366dc3d144510bfd7cda771795f3d","3354","2026-07-26T09:23:16Z"
"mevnet-3355-chargev","mevnet-3355","chargEV","2","11","0","Not published by MEVnet","Not published by MEVnet","Not published by MEVnet","Not published by MEVnet","PLANMalaysia MEVnet","https://portaldev.planmalaysia.gov.my/portal/apps/dashboards/bba366dc3d144510bfd7cda771795f3d","3355","2026-07-26T09:23:16Z"
"mevnet-3355-zap","mevnet-3355","Zap","9","11","0","Not published by MEVnet","Not published by MEVnet","Not published by MEVnet","Not published by MEVnet","PLANMalaysia MEVnet","https://portaldev.planmalaysia.gov.my/portal/apps/dashboards/bba366dc3d144510bfd7cda771795f3d","3355","2026-07-26T09:23:16Z"
"mevnet-3357-chargev","mevnet-3357","chargEV","2","2","0","Not published by MEVnet","Not published by MEVnet","Not published by MEVnet","Not published by MEVnet","PLANMalaysia MEVnet","https://portaldev.planmalaysia.gov.my/portal/apps/dashboards/bba366dc3d144510bfd7cda771795f3d","3357","2026-07-26T09:23:16Z"
"mevnet-3358-chargev","mevnet-3358","chargEV","1","1","2","Not published by MEVnet","Not published by MEVnet","Not published by MEVnet","Not published by MEVnet","PLANMalaysia MEVnet","https://portaldev.planmalaysia.gov.my/portal/apps/dashboards/bba366dc3d144510bfd7cda771795f3d","3358","2026-07-26T09:23:16Z"
"mevnet-3358-others","mevnet-3358","Others","2","1","2","Not published by MEVnet","Not published by MEVnet","Not published by MEVnet","Not published by MEVnet","PLANMalaysia MEVnet","https://portaldev.planmalaysia.gov.my/portal/apps/dashboards/bba366dc3d144510bfd7cda771795f3d","3358","2026-07-26T09:23:16Z"
"mevnet-3359-chargev","mevnet-3359","chargEV","4","4","0","Not published by MEVnet","Not published by MEVnet","Not published by MEVnet","Not published by MEVnet","PLANMalaysia MEVnet","https://portaldev.planmalaysia.gov.my/portal/apps/dashboards/bba366dc3d144510bfd7cda771795f3d","3359","2026-07-26T09:23:16Z"
"mevnet-3360-chargev","mevnet-3360","chargEV","2","2","0","Not published by MEVnet","Not published by MEVnet","Not published by MEVnet","Not published by MEVnet","PLANMalaysia MEVnet","https://portaldev.planmalaysia.gov.my/portal/apps/dashboards/bba366dc3d144510bfd7cda771795f3d","3360","2026-07-26T09:23:16Z"
"mevnet-3361-chargev","mevnet-3361","chargEV","2","2","0","Not published by MEVnet","Not published by MEVnet","Not published by MEVnet","Not published by MEVnet","PLANMalaysia MEVnet","https://portaldev.planmalaysia.gov.my/portal/apps/dashboards/bba366dc3d144510bfd7cda771795f3d","3361","2026-07-26T09:23:16Z"
"mevnet-3362-chargev","mevnet-3362","chargEV","1","1","0","Not published by MEVnet","Not published by MEVnet","Not published by MEVnet","Not published by MEVnet","PLANMalaysia MEVnet","https://portaldev.planmalaysia.gov.my/portal/apps/dashboards/bba366dc3d144510bfd7cda771795f3d","3362","2026-07-26T09:23:16Z"
"mevnet-3363-chargev","mevnet-3363","chargEV","1","1","0","Not published by MEVnet","Not published by MEVnet","Not published by MEVnet","Not published by MEVnet","PLANMalaysia MEVnet","https://portaldev.planmalaysia.gov.my/portal/apps/dashboards/bba366dc3d144510bfd7cda771795f3d","3363","2026-07-26T09:23:16Z"
"mevnet-3364-chargev","mevnet-3364","chargEV","1","0","1","Not published by MEVnet","Not published by MEVnet","Not published by MEVnet","Not published by MEVnet","PLANMalaysia MEVnet","https://portaldev.planmalaysia.gov.my/portal/apps/dashboards/bba366dc3d144510bfd7cda771795f3d","3364","2026-07-26T09:23:16Z"
"mevnet-3365-chargev","mevnet-3365","chargEV","2","2","0","Not published by MEVnet","Not published by MEVnet","Not published by MEVnet","Not published by MEVnet","PLANMalaysia MEVnet","https://portaldev.planmalaysia.gov.my/portal/apps/dashboards/bba366dc3d144510bfd7cda771795f3d","3365","2026-07-26T09:23:16Z"
"mevnet-3367-chargev","mevnet-3367","chargEV","1","1","0","Not published by MEVnet","Not published by MEVnet","Not published by MEVnet","Not published by MEVnet","PLANMalaysia MEVnet","https://portaldev.planmalaysia.gov.my/portal/apps/dashboards/bba366dc3d144510bfd7cda771795f3d","3367","2026-07-26T09:23:16Z"
"mevnet-3368-kineta","mevnet-3368","Kineta","4","6","0","Not published by MEVnet","Not published by MEVnet","Not published by MEVnet","Not published by MEVnet","PLANMalaysia MEVnet","https://portaldev.planmalaysia.gov.my/portal/apps/dashboards/bba366dc3d144510bfd7cda771795f3d","3368","2026-07-26T09:23:16Z"
"mevnet-3368-others","mevnet-3368","Others","2","6","0","Not published by MEVnet","Not published by MEVnet","Not published by MEVnet","Not published by MEVnet","PLANMalaysia MEVnet","https://portaldev.planmalaysia.gov.my/portal/apps/dashboards/bba366dc3d144510bfd7cda771795f3d","3368","2026-07-26T09:23:16Z"
"mevnet-3369-chargev","mevnet-3369","chargEV","3","3","0","Not published by MEVnet","Not published by MEVnet","Not published by MEVnet","Not published by MEVnet","PLANMalaysia MEVnet","https://portaldev.planmalaysia.gov.my/portal/apps/dashboards/bba366dc3d144510bfd7cda771795f3d","3369","2026-07-26T09:23:16Z"
"mevnet-3370-chargev","mevnet-3370","chargEV","3","3","0","Not published by MEVnet","Not published by MEVnet","Not published by MEVnet","Not published by MEVnet","PLANMalaysia MEVnet","https://portaldev.planmalaysia.gov.my/portal/apps/dashboards/bba366dc3d144510bfd7cda771795f3d","3370","2026-07-26T09:23:16Z"
"mevnet-3371-chargev","mevnet-3371","chargEV","2","2","0","Not published by MEVnet","Not published by MEVnet","Not published by MEVnet","Not published by MEVnet","PLANMalaysia MEVnet","https://portaldev.planmalaysia.gov.my/portal/apps/dashboards/bba366dc3d144510bfd7cda771795f3d","3371","2026-07-26T09:23:16Z"
"mevnet-3372-flexi-parking","mevnet-3372","Flexi Parking","3","5","0","Not published by MEVnet","Not published by MEVnet","Not published by MEVnet","Not published by MEVnet","PLANMalaysia MEVnet","https://portaldev.planmalaysia.gov.my/portal/apps/dashboards/bba366dc3d144510bfd7cda771795f3d","3372","2026-07-26T09:23:16Z"
"mevnet-3372-zap","mevnet-3372","Zap","2","5","0","Not published by MEVnet","Not published by MEVnet","Not published by MEVnet","Not published by MEVnet","PLANMalaysia MEVnet","https://portaldev.planmalaysia.gov.my/portal/apps/dashboards/bba366dc3d144510bfd7cda771795f3d","3372","2026-07-26T09:23:16Z"
"mevnet-3373-chargev","mevnet-3373","chargEV","2","2","0","Not published by MEVnet","Not published by MEVnet","Not published by MEVnet","Not published by MEVnet","PLANMalaysia MEVnet","https://portaldev.planmalaysia.gov.my/portal/apps/dashboards/bba366dc3d144510bfd7cda771795f3d","3373","2026-07-26T09:23:16Z"
"mevnet-3374-chargev","mevnet-3374","chargEV","2","2","0","Not published by MEVnet","Not published by MEVnet","Not published by MEVnet","Not published by MEVnet","PLANMalaysia MEVnet","https://portaldev.planmalaysia.gov.my/portal/apps/dashboards/bba366dc3d144510bfd7cda771795f3d","3374","2026-07-26T09:23:16Z"
"mevnet-3375-chargev","mevnet-3375","chargEV","1","1","0","Not published by MEVnet","Not published by MEVnet","Not published by MEVnet","Not published by MEVnet","PLANMalaysia MEVnet","https://portaldev.planmalaysia.gov.my/portal/apps/dashboards/bba366dc3d144510bfd7cda771795f3d","3375","2026-07-26T09:23:16Z"
"mevnet-3376-chargev","mevnet-3376","chargEV","2","10","0","Not published by MEVnet","Not published by MEVnet","Not published by MEVnet","Not published by MEVnet","PLANMalaysia MEVnet","https://portaldev.planmalaysia.gov.my/portal/apps/dashboards/bba366dc3d144510bfd7cda771795f3d","3376","2026-07-26T09:23:16Z"
"mevnet-3376-gentari","mevnet-3376","Gentari","8","10","0","Not published by MEVnet","Not published by MEVnet","Not published by MEVnet","Not published by MEVnet","PLANMalaysia MEVnet","https://portaldev.planmalaysia.gov.my/portal/apps/dashboards/bba366dc3d144510bfd7cda771795f3d","3376","2026-07-26T09:23:16Z"
"mevnet-3377-chargev","mevnet-3377","chargEV","2","2","0","Not published by MEVnet","Not published by MEVnet","Not published by MEVnet","Not published by MEVnet","PLANMalaysia MEVnet","https://portaldev.planmalaysia.gov.my/portal/apps/dashboards/bba366dc3d144510bfd7cda771795f3d","3377","2026-07-26T09:23:16Z"
"mevnet-3378-chargev","mevnet-3378","chargEV","1","1","0","Not published by MEVnet","Not published by MEVnet","Not published by MEVnet","Not published by MEVnet","PLANMalaysia MEVnet","https://portaldev.planmalaysia.gov.my/portal/apps/dashboards/bba366dc3d144510bfd7cda771795f3d","3378","2026-07-26T09:23:16Z"
"mevnet-3381-chargev","mevnet-3381","chargEV","2","2","0","Not published by MEVnet","Not published by MEVnet","Not published by MEVnet","Not published by MEVnet","PLANMalaysia MEVnet","https://portaldev.planmalaysia.gov.my/portal/apps/dashboards/bba366dc3d144510bfd7cda771795f3d","3381","2026-07-26T09:23:16Z"
"mevnet-3382-chargev","mevnet-3382","chargEV","1","1","0","Not published by MEVnet","Not published by MEVnet","Not published by MEVnet","Not published by MEVnet","PLANMalaysia MEVnet","https://portaldev.planmalaysia.gov.my/portal/apps/dashboards/bba366dc3d144510bfd7cda771795f3d","3382","2026-07-26T09:23:16Z"
"mevnet-3383-chargev","mevnet-3383","chargEV","1","1","0","Not published by MEVnet","Not published by MEVnet","Not published by MEVnet","Not published by MEVnet","PLANMalaysia MEVnet","https://portaldev.planmalaysia.gov.my/portal/apps/dashboards/bba366dc3d144510bfd7cda771795f3d","3383","2026-07-26T09:23:16Z"
"mevnet-3385-chargev","mevnet-3385","chargEV","1","1","0","Not published by MEVnet","Not published by MEVnet","Not published by MEVnet","Not published by MEVnet","PLANMalaysia MEVnet","https://portaldev.planmalaysia.gov.my/portal/apps/dashboards/bba366dc3d144510bfd7cda771795f3d","3385","2026-07-26T09:23:16Z"
"mevnet-3386-chargev","mevnet-3386","chargEV","1","4","0","Not published by MEVnet","Not published by MEVnet","Not published by MEVnet","Not published by MEVnet","PLANMalaysia MEVnet","https://portaldev.planmalaysia.gov.my/portal/apps/dashboards/bba366dc3d144510bfd7cda771795f3d","3386","2026-07-26T09:23:16Z"
"mevnet-3386-gentari","mevnet-3386","Gentari","2","4","0","Not published by MEVnet","Not published by MEVnet","Not published by MEVnet","Not published by MEVnet","PLANMalaysia MEVnet","https://portaldev.planmalaysia.gov.my/portal/apps/dashboards/bba366dc3d144510bfd7cda771795f3d","3386","2026-07-26T09:23:16Z"
"mevnet-3386-shell-recharge","mevnet-3386","Shell Recharge","1","4","0","Not published by MEVnet","Not published by MEVnet","Not published by MEVnet","Not published by MEVnet","PLANMalaysia MEVnet","https://portaldev.planmalaysia.gov.my/portal/apps/dashboards/bba366dc3d144510bfd7cda771795f3d","3386","2026-07-26T09:23:16Z"
"mevnet-3387-chargev","mevnet-3387","chargEV","1","1","0","Not published by MEVnet","Not published by MEVnet","Not published by MEVnet","Not published by MEVnet","PLANMalaysia MEVnet","https://portaldev.planmalaysia.gov.my/portal/apps/dashboards/bba366dc3d144510bfd7cda771795f3d","3387","2026-07-26T09:23:16Z"
"mevnet-3388-chargev","mevnet-3388","chargEV","1","1","0","Not published by MEVnet","Not published by MEVnet","Not published by MEVnet","Not published by MEVnet","PLANMalaysia MEVnet","https://portaldev.planmalaysia.gov.my/portal/apps/dashboards/bba366dc3d144510bfd7cda771795f3d","3388","2026-07-26T09:23:16Z"
"mevnet-3389-chargev","mevnet-3389","chargEV","1","1","0","Not published by MEVnet","Not published by MEVnet","Not published by MEVnet","Not published by MEVnet","PLANMalaysia MEVnet","https://portaldev.planmalaysia.gov.my/portal/apps/dashboards/bba366dc3d144510bfd7cda771795f3d","3389","2026-07-26T09:23:16Z"
"mevnet-3390-chargev","mevnet-3390","chargEV","2","2","0","Not published by MEVnet","Not published by MEVnet","Not published by MEVnet","Not published by MEVnet","PLANMalaysia MEVnet","https://portaldev.planmalaysia.gov.my/portal/apps/dashboards/bba366dc3d144510bfd7cda771795f3d","3390","2026-07-26T09:23:16Z"
"mevnet-3391-chargev","mevnet-3391","chargEV","2","2","0","Not published by MEVnet","Not published by MEVnet","Not published by MEVnet","Not published by MEVnet","PLANMalaysia MEVnet","https://portaldev.planmalaysia.gov.my/portal/apps/dashboards/bba366dc3d144510bfd7cda771795f3d","3391","2026-07-26T09:23:16Z"
"mevnet-3392-chargev","mevnet-3392","chargEV","2","2","0","Not published by MEVnet","Not published by MEVnet","Not published by MEVnet","Not published by MEVnet","PLANMalaysia MEVnet","https://portaldev.planmalaysia.gov.my/portal/apps/dashboards/bba366dc3d144510bfd7cda771795f3d","3392","2026-07-26T09:23:16Z"
"mevnet-3393-chargev","mevnet-3393","chargEV","2","2","0","Not published by MEVnet","Not published by MEVnet","Not published by MEVnet","Not published by MEVnet","PLANMalaysia MEVnet","https://portaldev.planmalaysia.gov.my/portal/apps/dashboards/bba366dc3d144510bfd7cda771795f3d","3393","2026-07-26T09:23:16Z"
"mevnet-3395-chargev","mevnet-3395","chargEV","2","2","0","Not published by MEVnet","Not published by MEVnet","Not published by MEVnet","Not published by MEVnet","PLANMalaysia MEVnet","https://portaldev.planmalaysia.gov.my/portal/apps/dashboards/bba366dc3d144510bfd7cda771795f3d","3395","2026-07-26T09:23:16Z"
"mevnet-3396-chargev","mevnet-3396","chargEV","1","1","0","Not published by MEVnet","Not published by MEVnet","Not published by MEVnet","Not published by MEVnet","PLANMalaysia MEVnet","https://portaldev.planmalaysia.gov.my/portal/apps/dashboards/bba366dc3d144510bfd7cda771795f3d","3396","2026-07-26T09:23:16Z"
"mevnet-3397-chargev","mevnet-3397","chargEV","2","5","1","Not published by MEVnet","Not published by MEVnet","Not published by MEVnet","Not published by MEVnet","PLANMalaysia MEVnet","https://portaldev.planmalaysia.gov.my/portal/apps/dashboards/bba366dc3d144510bfd7cda771795f3d","3397","2026-07-26T09:23:16Z"
"mevnet-3397-flexi-parking","mevnet-3397","Flexi Parking","2","5","1","Not published by MEVnet","Not published by MEVnet","Not published by MEVnet","Not published by MEVnet","PLANMalaysia MEVnet","https://portaldev.planmalaysia.gov.my/portal/apps/dashboards/bba366dc3d144510bfd7cda771795f3d","3397","2026-07-26T09:23:16Z"
"mevnet-3397-others","mevnet-3397","Others","2","5","1","Not published by MEVnet","Not published by MEVnet","Not published by MEVnet","Not published by MEVnet","PLANMalaysia MEVnet","https://portaldev.planmalaysia.gov.my/portal/apps/dashboards/bba366dc3d144510bfd7cda771795f3d","3397","2026-07-26T09:23:16Z"
"mevnet-3398-chargev","mevnet-3398","chargEV","2","0","2","Not published by MEVnet","Not published by MEVnet","Not published by MEVnet","Not published by MEVnet","PLANMalaysia MEVnet","https://portaldev.planmalaysia.gov.my/portal/apps/dashboards/bba366dc3d144510bfd7cda771795f3d","3398","2026-07-26T09:23:16Z"
"mevnet-3399-chargev","mevnet-3399","chargEV","2","2","0","Not published by MEVnet","Not published by MEVnet","Not published by MEVnet","Not published by MEVnet","PLANMalaysia MEVnet","https://portaldev.planmalaysia.gov.my/portal/apps/dashboards/bba366dc3d144510bfd7cda771795f3d","3399","2026-07-26T09:23:16Z"
"mevnet-3401-chargev","mevnet-3401","chargEV","1","1","0","Not published by MEVnet","Not published by MEVnet","Not published by MEVnet","Not published by MEVnet","PLANMalaysia MEVnet","https://portaldev.planmalaysia.gov.my/portal/apps/dashboards/bba366dc3d144510bfd7cda771795f3d","3401","2026-07-26T09:23:16Z"
"mevnet-3402-chargev","mevnet-3402","chargEV","1","1","0","Not published by MEVnet","Not published by MEVnet","Not published by MEVnet","Not published by MEVnet","PLANMalaysia MEVnet","https://portaldev.planmalaysia.gov.my/portal/apps/dashboards/bba366dc3d144510bfd7cda771795f3d","3402","2026-07-26T09:23:16Z"
"mevnet-3403-gentari","mevnet-3403","Gentari","1","0","1","Not published by MEVnet","Not published by MEVnet","Not published by MEVnet","Not published by MEVnet","PLANMalaysia MEVnet","https://portaldev.planmalaysia.gov.my/portal/apps/dashboards/bba366dc3d144510bfd7cda771795f3d","3403","2026-07-26T09:23:16Z"
"mevnet-3404-gentari","mevnet-3404","Gentari","2","0","2","Not published by MEVnet","Not published by MEVnet","Not published by MEVnet","Not published by MEVnet","PLANMalaysia MEVnet","https://portaldev.planmalaysia.gov.my/portal/apps/dashboards/bba366dc3d144510bfd7cda771795f3d","3404","2026-07-26T09:23:16Z"
"mevnet-3407-gentari","mevnet-3407","Gentari","1","0","1","Not published by MEVnet","Not published by MEVnet","Not published by MEVnet","Not published by MEVnet","PLANMalaysia MEVnet","https://portaldev.planmalaysia.gov.my/portal/apps/dashboards/bba366dc3d144510bfd7cda771795f3d","3407","2026-07-26T09:23:16Z"
"mevnet-3408-gentari","mevnet-3408","Gentari","1","0","1","Not published by MEVnet","Not published by MEVnet","Not published by MEVnet","Not published by MEVnet","PLANMalaysia MEVnet","https://portaldev.planmalaysia.gov.my/portal/apps/dashboards/bba366dc3d144510bfd7cda771795f3d","3408","2026-07-26T09:23:16Z"
"mevnet-3409-gentari","mevnet-3409","Gentari","1","0","1","Not published by MEVnet","Not published by MEVnet","Not published by MEVnet","Not published by MEVnet","PLANMalaysia MEVnet","https://portaldev.planmalaysia.gov.my/portal/apps/dashboards/bba366dc3d144510bfd7cda771795f3d","3409","2026-07-26T09:23:16Z"
"mevnet-3410-gentari","mevnet-3410","Gentari","2","0","2","Not published by MEVnet","Not published by MEVnet","Not published by MEVnet","Not published by MEVnet","PLANMalaysia MEVnet","https://portaldev.planmalaysia.gov.my/portal/apps/dashboards/bba366dc3d144510bfd7cda771795f3d","3410","2026-07-26T09:23:16Z"
"mevnet-3412-gentari","mevnet-3412","Gentari","2","0","2","Not published by MEVnet","Not published by MEVnet","Not published by MEVnet","Not published by MEVnet","PLANMalaysia MEVnet","https://portaldev.planmalaysia.gov.my/portal/apps/dashboards/bba366dc3d144510bfd7cda771795f3d","3412","2026-07-26T09:23:16Z"
"mevnet-3413-gentari","mevnet-3413","Gentari","1","0","1","Not published by MEVnet","Not published by MEVnet","Not published by MEVnet","Not published by MEVnet","PLANMalaysia MEVnet","https://portaldev.planmalaysia.gov.my/portal/apps/dashboards/bba366dc3d144510bfd7cda771795f3d","3413","2026-07-26T09:23:16Z"
"mevnet-3415-gentari","mevnet-3415","Gentari","2","0","2","Not published by MEVnet","Not published by MEVnet","Not published by MEVnet","Not published by MEVnet","PLANMalaysia MEVnet","https://portaldev.planmalaysia.gov.my/portal/apps/dashboards/bba366dc3d144510bfd7cda771795f3d","3415","2026-07-26T09:23:16Z"
"mevnet-3416-gentari","mevnet-3416","Gentari","1","0","1","Not published by MEVnet","Not published by MEVnet","Not published by MEVnet","Not published by MEVnet","PLANMalaysia MEVnet","https://portaldev.planmalaysia.gov.my/portal/apps/dashboards/bba366dc3d144510bfd7cda771795f3d","3416","2026-07-26T09:23:16Z"
"mevnet-3417-gentari","mevnet-3417","Gentari","1","0","1","Not published by MEVnet","Not published by MEVnet","Not published by MEVnet","Not published by MEVnet","PLANMalaysia MEVnet","https://portaldev.planmalaysia.gov.my/portal/apps/dashboards/bba366dc3d144510bfd7cda771795f3d","3417","2026-07-26T09:23:16Z"
"mevnet-3418-gentari","mevnet-3418","Gentari","2","0","2","Not published by MEVnet","Not published by MEVnet","Not published by MEVnet","Not published by MEVnet","PLANMalaysia MEVnet","https://portaldev.planmalaysia.gov.my/portal/apps/dashboards/bba366dc3d144510bfd7cda771795f3d","3418","2026-07-26T09:23:16Z"
"mevnet-3425-chargev","mevnet-3425","chargEV","7","8","2","Not published by MEVnet","Not published by MEVnet","Not published by MEVnet","Not published by MEVnet","PLANMalaysia MEVnet","https://portaldev.planmalaysia.gov.my/portal/apps/dashboards/bba366dc3d144510bfd7cda771795f3d","3425","2026-07-26T09:23:16Z"
"mevnet-3425-jomcharge","mevnet-3425","JomCharge","3","8","2","Not published by MEVnet","Not published by MEVnet","Not published by MEVnet","Not published by MEVnet","PLANMalaysia MEVnet","https://portaldev.planmalaysia.gov.my/portal/apps/dashboards/bba366dc3d144510bfd7cda771795f3d","3425","2026-07-26T09:23:16Z"
"mevnet-3426-chargev","mevnet-3426","chargEV","1","1","0","Not published by MEVnet","Not published by MEVnet","Not published by MEVnet","Not published by MEVnet","PLANMalaysia MEVnet","https://portaldev.planmalaysia.gov.my/portal/apps/dashboards/bba366dc3d144510bfd7cda771795f3d","3426","2026-07-26T09:23:16Z"
"mevnet-3427-chargev","mevnet-3427","chargEV","2","2","0","Not published by MEVnet","Not published by MEVnet","Not published by MEVnet","Not published by MEVnet","PLANMalaysia MEVnet","https://portaldev.planmalaysia.gov.my/portal/apps/dashboards/bba366dc3d144510bfd7cda771795f3d","3427","2026-07-26T09:23:16Z"
"mevnet-3428-chargev","mevnet-3428","chargEV","2","0","2","Not published by MEVnet","Not published by MEVnet","Not published by MEVnet","Not published by MEVnet","PLANMalaysia MEVnet","https://portaldev.planmalaysia.gov.my/portal/apps/dashboards/bba366dc3d144510bfd7cda771795f3d","3428","2026-07-26T09:23:16Z"
"mevnet-3429-chargev","mevnet-3429","chargEV","2","0","2","Not published by MEVnet","Not published by MEVnet","Not published by MEVnet","Not published by MEVnet","PLANMalaysia MEVnet","https://portaldev.planmalaysia.gov.my/portal/apps/dashboards/bba366dc3d144510bfd7cda771795f3d","3429","2026-07-26T09:23:16Z"
"mevnet-3430-chargev","mevnet-3430","chargEV","2","0","2","Not published by MEVnet","Not published by MEVnet","Not published by MEVnet","Not published by MEVnet","PLANMalaysia MEVnet","https://portaldev.planmalaysia.gov.my/portal/apps/dashboards/bba366dc3d144510bfd7cda771795f3d","3430","2026-07-26T09:23:16Z"
"mevnet-3431-chargev","mevnet-3431","chargEV","2","0","2","Not published by MEVnet","Not published by MEVnet","Not published by MEVnet","Not published by MEVnet","PLANMalaysia MEVnet","https://portaldev.planmalaysia.gov.my/portal/apps/dashboards/bba366dc3d144510bfd7cda771795f3d","3431","2026-07-26T09:23:16Z"
"mevnet-3432-chargev","mevnet-3432","chargEV","2","0","2","Not published by MEVnet","Not published by MEVnet","Not published by MEVnet","Not published by MEVnet","PLANMalaysia MEVnet","https://portaldev.planmalaysia.gov.my/portal/apps/dashboards/bba366dc3d144510bfd7cda771795f3d","3432","2026-07-26T09:23:16Z"
"mevnet-3433-chargev","mevnet-3433","chargEV","2","2","4","Not published by MEVnet","Not published by MEVnet","Not published by MEVnet","Not published by MEVnet","PLANMalaysia MEVnet","https://portaldev.planmalaysia.gov.my/portal/apps/dashboards/bba366dc3d144510bfd7cda771795f3d","3433","2026-07-26T09:23:16Z"
"mevnet-3433-gotou","mevnet-3433","GoToU","4","2","4","Not published by MEVnet","Not published by MEVnet","Not published by MEVnet","Not published by MEVnet","PLANMalaysia MEVnet","https://portaldev.planmalaysia.gov.my/portal/apps/dashboards/bba366dc3d144510bfd7cda771795f3d","3433","2026-07-26T09:23:16Z"
"mevnet-3434-chargev","mevnet-3434","chargEV","1","1","0","Not published by MEVnet","Not published by MEVnet","Not published by MEVnet","Not published by MEVnet","PLANMalaysia MEVnet","https://portaldev.planmalaysia.gov.my/portal/apps/dashboards/bba366dc3d144510bfd7cda771795f3d","3434","2026-07-26T09:23:16Z"
"mevnet-3435-chargev","mevnet-3435","chargEV","2","2","0","Not published by MEVnet","Not published by MEVnet","Not published by MEVnet","Not published by MEVnet","PLANMalaysia MEVnet","https://portaldev.planmalaysia.gov.my/portal/apps/dashboards/bba366dc3d144510bfd7cda771795f3d","3435","2026-07-26T09:23:16Z"
"mevnet-3436-chargev","mevnet-3436","chargEV","2","2","0","Not published by MEVnet","Not published by MEVnet","Not published by MEVnet","Not published by MEVnet","PLANMalaysia MEVnet","https://portaldev.planmalaysia.gov.my/portal/apps/dashboards/bba366dc3d144510bfd7cda771795f3d","3436","2026-07-26T09:23:16Z"
"mevnet-3437-chargev","mevnet-3437","chargEV","1","1","0","Not published by MEVnet","Not published by MEVnet","Not published by MEVnet","Not published by MEVnet","PLANMalaysia MEVnet","https://portaldev.planmalaysia.gov.my/portal/apps/dashboards/bba366dc3d144510bfd7cda771795f3d","3437","2026-07-26T09:23:16Z"
"mevnet-3438-chargev","mevnet-3438","chargEV","1","1","0","Not published by MEVnet","Not published by MEVnet","Not published by MEVnet","Not published by MEVnet","PLANMalaysia MEVnet","https://portaldev.planmalaysia.gov.my/portal/apps/dashboards/bba366dc3d144510bfd7cda771795f3d","3438","2026-07-26T09:23:16Z"
"mevnet-3440-chargev","mevnet-3440","chargEV","1","1","0","Not published by MEVnet","Not published by MEVnet","Not published by MEVnet","Not published by MEVnet","PLANMalaysia MEVnet","https://portaldev.planmalaysia.gov.my/portal/apps/dashboards/bba366dc3d144510bfd7cda771795f3d","3440","2026-07-26T09:23:16Z"
"mevnet-3441-chargev","mevnet-3441","chargEV","4","4","0","Not published by MEVnet","Not published by MEVnet","Not published by MEVnet","Not published by MEVnet","PLANMalaysia MEVnet","https://portaldev.planmalaysia.gov.my/portal/apps/dashboards/bba366dc3d144510bfd7cda771795f3d","3441","2026-07-26T09:23:16Z"
"mevnet-3442-chargev","mevnet-3442","chargEV","2","2","0","Not published by MEVnet","Not published by MEVnet","Not published by MEVnet","Not published by MEVnet","PLANMalaysia MEVnet","https://portaldev.planmalaysia.gov.my/portal/apps/dashboards/bba366dc3d144510bfd7cda771795f3d","3442","2026-07-26T09:23:16Z"
"mevnet-3443-chargev","mevnet-3443","chargEV","1","1","0","Not published by MEVnet","Not published by MEVnet","Not published by MEVnet","Not published by MEVnet","PLANMalaysia MEVnet","https://portaldev.planmalaysia.gov.my/portal/apps/dashboards/bba366dc3d144510bfd7cda771795f3d","3443","2026-07-26T09:23:16Z"
"mevnet-3444-chargev","mevnet-3444","chargEV","1","1","0","Not published by MEVnet","Not published by MEVnet","Not published by MEVnet","Not published by MEVnet","PLANMalaysia MEVnet","https://portaldev.planmalaysia.gov.my/portal/apps/dashboards/bba366dc3d144510bfd7cda771795f3d","3444","2026-07-26T09:23:16Z"
"mevnet-3445-chargev","mevnet-3445","chargEV","1","1","0","Not published by MEVnet","Not published by MEVnet","Not published by MEVnet","Not published by MEVnet","PLANMalaysia MEVnet","https://portaldev.planmalaysia.gov.my/portal/apps/dashboards/bba366dc3d144510bfd7cda771795f3d","3445","2026-07-26T09:23:16Z"
"mevnet-3446-chargev","mevnet-3446","chargEV","2","2","0","Not published by MEVnet","Not published by MEVnet","Not published by MEVnet","Not published by MEVnet","PLANMalaysia MEVnet","https://portaldev.planmalaysia.gov.my/portal/apps/dashboards/bba366dc3d144510bfd7cda771795f3d","3446","2026-07-26T09:23:16Z"
"mevnet-3447-chargev","mevnet-3447","chargEV","2","0","2","Not published by MEVnet","Not published by MEVnet","Not published by MEVnet","Not published by MEVnet","PLANMalaysia MEVnet","https://portaldev.planmalaysia.gov.my/portal/apps/dashboards/bba366dc3d144510bfd7cda771795f3d","3447","2026-07-26T09:23:16Z"
"mevnet-3448-chargev","mevnet-3448","chargEV","1","1","0","Not published by MEVnet","Not published by MEVnet","Not published by MEVnet","Not published by MEVnet","PLANMalaysia MEVnet","https://portaldev.planmalaysia.gov.my/portal/apps/dashboards/bba366dc3d144510bfd7cda771795f3d","3448","2026-07-26T09:23:16Z"
"mevnet-3449-chargev","mevnet-3449","chargEV","2","2","4","Not published by MEVnet","Not published by MEVnet","Not published by MEVnet","Not published by MEVnet","PLANMalaysia MEVnet","https://portaldev.planmalaysia.gov.my/portal/apps/dashboards/bba366dc3d144510bfd7cda771795f3d","3449","2026-07-26T09:23:16Z"
"mevnet-3449-others","mevnet-3449","Others","4","2","4","Not published by MEVnet","Not published by MEVnet","Not published by MEVnet","Not published by MEVnet","PLANMalaysia MEVnet","https://portaldev.planmalaysia.gov.my/portal/apps/dashboards/bba366dc3d144510bfd7cda771795f3d","3449","2026-07-26T09:23:16Z"
"mevnet-3451-chargev","mevnet-3451","chargEV","2","2","0","Not published by MEVnet","Not published by MEVnet","Not published by MEVnet","Not published by MEVnet","PLANMalaysia MEVnet","https://portaldev.planmalaysia.gov.my/portal/apps/dashboards/bba366dc3d144510bfd7cda771795f3d","3451","2026-07-26T09:23:16Z"
"mevnet-3452-chargev","mevnet-3452","chargEV","2","2","0","Not published by MEVnet","Not published by MEVnet","Not published by MEVnet","Not published by MEVnet","PLANMalaysia MEVnet","https://portaldev.planmalaysia.gov.my/portal/apps/dashboards/bba366dc3d144510bfd7cda771795f3d","3452","2026-07-26T09:23:16Z"
"mevnet-3453-chargev","mevnet-3453","chargEV","1","1","0","Not published by MEVnet","Not published by MEVnet","Not published by MEVnet","Not published by MEVnet","PLANMalaysia MEVnet","https://portaldev.planmalaysia.gov.my/portal/apps/dashboards/bba366dc3d144510bfd7cda771795f3d","3453","2026-07-26T09:23:16Z"
"mevnet-3454-chargev","mevnet-3454","chargEV","2","2","0","Not published by MEVnet","Not published by MEVnet","Not published by MEVnet","Not published by MEVnet","PLANMalaysia MEVnet","https://portaldev.planmalaysia.gov.my/portal/apps/dashboards/bba366dc3d144510bfd7cda771795f3d","3454","2026-07-26T09:23:16Z"
"mevnet-3455-chargev","mevnet-3455","chargEV","1","2","0","Not published by MEVnet","Not published by MEVnet","Not published by MEVnet","Not published by MEVnet","PLANMalaysia MEVnet","https://portaldev.planmalaysia.gov.my/portal/apps/dashboards/bba366dc3d144510bfd7cda771795f3d","3455","2026-07-26T09:23:16Z"
"mevnet-3455-others","mevnet-3455","Others","1","2","0","Not published by MEVnet","Not published by MEVnet","Not published by MEVnet","Not published by MEVnet","PLANMalaysia MEVnet","https://portaldev.planmalaysia.gov.my/portal/apps/dashboards/bba366dc3d144510bfd7cda771795f3d","3455","2026-07-26T09:23:16Z"
"mevnet-3456-chargev","mevnet-3456","chargEV","1","1","0","Not published by MEVnet","Not published by MEVnet","Not published by MEVnet","Not published by MEVnet","PLANMalaysia MEVnet","https://portaldev.planmalaysia.gov.my/portal/apps/dashboards/bba366dc3d144510bfd7cda771795f3d","3456","2026-07-26T09:23:16Z"
"mevnet-3457-chargev","mevnet-3457","chargEV","2","2","0","Not published by MEVnet","Not published by MEVnet","Not published by MEVnet","Not published by MEVnet","PLANMalaysia MEVnet","https://portaldev.planmalaysia.gov.my/portal/apps/dashboards/bba366dc3d144510bfd7cda771795f3d","3457","2026-07-26T09:23:16Z"
"mevnet-3458-etcm","mevnet-3458","ETCM","1","1","0","Not published by MEVnet","Not published by MEVnet","Not published by MEVnet","Not published by MEVnet","PLANMalaysia MEVnet","https://portaldev.planmalaysia.gov.my/portal/apps/dashboards/bba366dc3d144510bfd7cda771795f3d","3458","2026-07-26T09:23:16Z"
"mevnet-3459-etcm","mevnet-3459","ETCM","1","1","0","Not published by MEVnet","Not published by MEVnet","Not published by MEVnet","Not published by MEVnet","PLANMalaysia MEVnet","https://portaldev.planmalaysia.gov.my/portal/apps/dashboards/bba366dc3d144510bfd7cda771795f3d","3459","2026-07-26T09:23:16Z"
"mevnet-3460-etcm","mevnet-3460","ETCM","1","1","0","Not published by MEVnet","Not published by MEVnet","Not published by MEVnet","Not published by MEVnet","PLANMalaysia MEVnet","https://portaldev.planmalaysia.gov.my/portal/apps/dashboards/bba366dc3d144510bfd7cda771795f3d","3460","2026-07-26T09:23:16Z"
"mevnet-3461-etcm","mevnet-3461","ETCM","1","1","0","Not published by MEVnet","Not published by MEVnet","Not published by MEVnet","Not published by MEVnet","PLANMalaysia MEVnet","https://portaldev.planmalaysia.gov.my/portal/apps/dashboards/bba366dc3d144510bfd7cda771795f3d","3461","2026-07-26T09:23:16Z"
"mevnet-3462-etcm","mevnet-3462","ETCM","1","1","0","Not published by MEVnet","Not published by MEVnet","Not published by MEVnet","Not published by MEVnet","PLANMalaysia MEVnet","https://portaldev.planmalaysia.gov.my/portal/apps/dashboards/bba366dc3d144510bfd7cda771795f3d","3462","2026-07-26T09:23:16Z"
"mevnet-3463-etcm","mevnet-3463","ETCM","1","1","0","Not published by MEVnet","Not published by MEVnet","Not published by MEVnet","Not published by MEVnet","PLANMalaysia MEVnet","https://portaldev.planmalaysia.gov.my/portal/apps/dashboards/bba366dc3d144510bfd7cda771795f3d","3463","2026-07-26T09:23:16Z"
"mevnet-3464-etcm","mevnet-3464","ETCM","1","1","0","Not published by MEVnet","Not published by MEVnet","Not published by MEVnet","Not published by MEVnet","PLANMalaysia MEVnet","https://portaldev.planmalaysia.gov.my/portal/apps/dashboards/bba366dc3d144510bfd7cda771795f3d","3464","2026-07-26T09:23:16Z"
"mevnet-3465-etcm","mevnet-3465","ETCM","1","1","0","Not published by MEVnet","Not published by MEVnet","Not published by MEVnet","Not published by MEVnet","PLANMalaysia MEVnet","https://portaldev.planmalaysia.gov.my/portal/apps/dashboards/bba366dc3d144510bfd7cda771795f3d","3465","2026-07-26T09:23:16Z"
"mevnet-3466-etcm","mevnet-3466","ETCM","1","1","0","Not published by MEVnet","Not published by MEVnet","Not published by MEVnet","Not published by MEVnet","PLANMalaysia MEVnet","https://portaldev.planmalaysia.gov.my/portal/apps/dashboards/bba366dc3d144510bfd7cda771795f3d","3466","2026-07-26T09:23:16Z"
"mevnet-3467-etcm","mevnet-3467","ETCM","1","1","0","Not published by MEVnet","Not published by MEVnet","Not published by MEVnet","Not published by MEVnet","PLANMalaysia MEVnet","https://portaldev.planmalaysia.gov.my/portal/apps/dashboards/bba366dc3d144510bfd7cda771795f3d","3467","2026-07-26T09:23:16Z"
"mevnet-3468-etcm","mevnet-3468","ETCM","1","1","0","Not published by MEVnet","Not published by MEVnet","Not published by MEVnet","Not published by MEVnet","PLANMalaysia MEVnet","https://portaldev.planmalaysia.gov.my/portal/apps/dashboards/bba366dc3d144510bfd7cda771795f3d","3468","2026-07-26T09:23:16Z"
"mevnet-3469-etcm","mevnet-3469","ETCM","1","1","0","Not published by MEVnet","Not published by MEVnet","Not published by MEVnet","Not published by MEVnet","PLANMalaysia MEVnet","https://portaldev.planmalaysia.gov.my/portal/apps/dashboards/bba366dc3d144510bfd7cda771795f3d","3469","2026-07-26T09:23:16Z"
"mevnet-3471-etcm","mevnet-3471","ETCM","1","1","0","Not published by MEVnet","Not published by MEVnet","Not published by MEVnet","Not published by MEVnet","PLANMalaysia MEVnet","https://portaldev.planmalaysia.gov.my/portal/apps/dashboards/bba366dc3d144510bfd7cda771795f3d","3471","2026-07-26T09:23:16Z"
"mevnet-3472-etcm","mevnet-3472","ETCM","1","1","0","Not published by MEVnet","Not published by MEVnet","Not published by MEVnet","Not published by MEVnet","PLANMalaysia MEVnet","https://portaldev.planmalaysia.gov.my/portal/apps/dashboards/bba366dc3d144510bfd7cda771795f3d","3472","2026-07-26T09:23:16Z"
"mevnet-3473-etcm","mevnet-3473","ETCM","1","1","0","Not published by MEVnet","Not published by MEVnet","Not published by MEVnet","Not published by MEVnet","PLANMalaysia MEVnet","https://portaldev.planmalaysia.gov.my/portal/apps/dashboards/bba366dc3d144510bfd7cda771795f3d","3473","2026-07-26T09:23:16Z"
"mevnet-3476-exicom","mevnet-3476","Exicom","2","1","1","Not published by MEVnet","Not published by MEVnet","Not published by MEVnet","Not published by MEVnet","PLANMalaysia MEVnet","https://portaldev.planmalaysia.gov.my/portal/apps/dashboards/bba366dc3d144510bfd7cda771795f3d","3476","2026-07-26T09:23:16Z"
"mevnet-3477-flexi-parking","mevnet-3477","Flexi Parking","2","2","0","Not published by MEVnet","Not published by MEVnet","Not published by MEVnet","Not published by MEVnet","PLANMalaysia MEVnet","https://portaldev.planmalaysia.gov.my/portal/apps/dashboards/bba366dc3d144510bfd7cda771795f3d","3477","2026-07-26T09:23:16Z"
"mevnet-3478-flexi-parking","mevnet-3478","Flexi Parking","2","2","0","Not published by MEVnet","Not published by MEVnet","Not published by MEVnet","Not published by MEVnet","PLANMalaysia MEVnet","https://portaldev.planmalaysia.gov.my/portal/apps/dashboards/bba366dc3d144510bfd7cda771795f3d","3478","2026-07-26T09:23:16Z"
"mevnet-3480-gentari","mevnet-3480","Gentari","6","6","0","Not published by MEVnet","Not published by MEVnet","Not published by MEVnet","Not published by MEVnet","PLANMalaysia MEVnet","https://portaldev.planmalaysia.gov.my/portal/apps/dashboards/bba366dc3d144510bfd7cda771795f3d","3480","2026-07-26T09:23:16Z"
"mevnet-3481-gentari","mevnet-3481","Gentari","3","3","0","Not published by MEVnet","Not published by MEVnet","Not published by MEVnet","Not published by MEVnet","PLANMalaysia MEVnet","https://portaldev.planmalaysia.gov.my/portal/apps/dashboards/bba366dc3d144510bfd7cda771795f3d","3481","2026-07-26T09:23:16Z"
"mevnet-3482-gentari","mevnet-3482","Gentari","2","0","2","Not published by MEVnet","Not published by MEVnet","Not published by MEVnet","Not published by MEVnet","PLANMalaysia MEVnet","https://portaldev.planmalaysia.gov.my/portal/apps/dashboards/bba366dc3d144510bfd7cda771795f3d","3482","2026-07-26T09:23:16Z"
"mevnet-3483-gentari","mevnet-3483","Gentari","6","5","1","Not published by MEVnet","Not published by MEVnet","Not published by MEVnet","Not published by MEVnet","PLANMalaysia MEVnet","https://portaldev.planmalaysia.gov.my/portal/apps/dashboards/bba366dc3d144510bfd7cda771795f3d","3483","2026-07-26T09:23:16Z"
"mevnet-3484-gentari","mevnet-3484","Gentari","47","0","47","Not published by MEVnet","Not published by MEVnet","Not published by MEVnet","Not published by MEVnet","PLANMalaysia MEVnet","https://portaldev.planmalaysia.gov.my/portal/apps/dashboards/bba366dc3d144510bfd7cda771795f3d","3484","2026-07-26T09:23:16Z"
"mevnet-3485-gentari","mevnet-3485","Gentari","8","2","6","Not published by MEVnet","Not published by MEVnet","Not published by MEVnet","Not published by MEVnet","PLANMalaysia MEVnet","https://portaldev.planmalaysia.gov.my/portal/apps/dashboards/bba366dc3d144510bfd7cda771795f3d","3485","2026-07-26T09:23:16Z"
"mevnet-3487-gotou","mevnet-3487","GoToU","3","3","0","Not published by MEVnet","Not published by MEVnet","Not published by MEVnet","Not published by MEVnet","PLANMalaysia MEVnet","https://portaldev.planmalaysia.gov.my/portal/apps/dashboards/bba366dc3d144510bfd7cda771795f3d","3487","2026-07-26T09:23:16Z"
"mevnet-3488-jomcharge","mevnet-3488","JomCharge","2","2","0","Not published by MEVnet","Not published by MEVnet","Not published by MEVnet","Not published by MEVnet","PLANMalaysia MEVnet","https://portaldev.planmalaysia.gov.my/portal/apps/dashboards/bba366dc3d144510bfd7cda771795f3d","3488","2026-07-26T09:23:16Z"
"mevnet-3489-jomcharge","mevnet-3489","JomCharge","1","0","1","Not published by MEVnet","Not published by MEVnet","Not published by MEVnet","Not published by MEVnet","PLANMalaysia MEVnet","https://portaldev.planmalaysia.gov.my/portal/apps/dashboards/bba366dc3d144510bfd7cda771795f3d","3489","2026-07-26T09:23:16Z"
"mevnet-3490-jomcharge","mevnet-3490","JomCharge","1","0","1","Not published by MEVnet","Not published by MEVnet","Not published by MEVnet","Not published by MEVnet","PLANMalaysia MEVnet","https://portaldev.planmalaysia.gov.my/portal/apps/dashboards/bba366dc3d144510bfd7cda771795f3d","3490","2026-07-26T09:23:16Z"
"mevnet-3491-jomcharge","mevnet-3491","JomCharge","1","0","1","Not published by MEVnet","Not published by MEVnet","Not published by MEVnet","Not published by MEVnet","PLANMalaysia MEVnet","https://portaldev.planmalaysia.gov.my/portal/apps/dashboards/bba366dc3d144510bfd7cda771795f3d","3491","2026-07-26T09:23:16Z"
"mevnet-3492-jomcharge","mevnet-3492","JomCharge","1","0","1","Not published by MEVnet","Not published by MEVnet","Not published by MEVnet","Not published by MEVnet","PLANMalaysia MEVnet","https://portaldev.planmalaysia.gov.my/portal/apps/dashboards/bba366dc3d144510bfd7cda771795f3d","3492","2026-07-26T09:23:16Z"
"mevnet-3493-jomcharge","mevnet-3493","JomCharge","1","0","1","Not published by MEVnet","Not published by MEVnet","Not published by MEVnet","Not published by MEVnet","PLANMalaysia MEVnet","https://portaldev.planmalaysia.gov.my/portal/apps/dashboards/bba366dc3d144510bfd7cda771795f3d","3493","2026-07-26T09:23:16Z"
"mevnet-3495-jomcharge","mevnet-3495","JomCharge","2","2","0","Not published by MEVnet","Not published by MEVnet","Not published by MEVnet","Not published by MEVnet","PLANMalaysia MEVnet","https://portaldev.planmalaysia.gov.my/portal/apps/dashboards/bba366dc3d144510bfd7cda771795f3d","3495","2026-07-26T09:23:16Z"
"mevnet-3496-jomcharge","mevnet-3496","JomCharge","2","2","0","Not published by MEVnet","Not published by MEVnet","Not published by MEVnet","Not published by MEVnet","PLANMalaysia MEVnet","https://portaldev.planmalaysia.gov.my/portal/apps/dashboards/bba366dc3d144510bfd7cda771795f3d","3496","2026-07-26T09:23:16Z"
"mevnet-3497-jomcharge","mevnet-3497","JomCharge","1","1","0","Not published by MEVnet","Not published by MEVnet","Not published by MEVnet","Not published by MEVnet","PLANMalaysia MEVnet","https://portaldev.planmalaysia.gov.my/portal/apps/dashboards/bba366dc3d144510bfd7cda771795f3d","3497","2026-07-26T09:23:16Z"
"mevnet-3499-jomcharge","mevnet-3499","JomCharge","2","2","0","Not published by MEVnet","Not published by MEVnet","Not published by MEVnet","Not published by MEVnet","PLANMalaysia MEVnet","https://portaldev.planmalaysia.gov.my/portal/apps/dashboards/bba366dc3d144510bfd7cda771795f3d","3499","2026-07-26T09:23:16Z"
"mevnet-3500-jomcharge","mevnet-3500","JomCharge","1","0","1","Not published by MEVnet","Not published by MEVnet","Not published by MEVnet","Not published by MEVnet","PLANMalaysia MEVnet","https://portaldev.planmalaysia.gov.my/portal/apps/dashboards/bba366dc3d144510bfd7cda771795f3d","3500","2026-07-26T09:23:16Z"
"mevnet-3503-jomcharge","mevnet-3503","JomCharge","1","1","0","Not published by MEVnet","Not published by MEVnet","Not published by MEVnet","Not published by MEVnet","PLANMalaysia MEVnet","https://portaldev.planmalaysia.gov.my/portal/apps/dashboards/bba366dc3d144510bfd7cda771795f3d","3503","2026-07-26T09:23:16Z"
"mevnet-3504-jomcharge","mevnet-3504","JomCharge","2","2","0","Not published by MEVnet","Not published by MEVnet","Not published by MEVnet","Not published by MEVnet","PLANMalaysia MEVnet","https://portaldev.planmalaysia.gov.my/portal/apps/dashboards/bba366dc3d144510bfd7cda771795f3d","3504","2026-07-26T09:23:16Z"
"mevnet-3505-jomcharge","mevnet-3505","JomCharge","1","0","1","Not published by MEVnet","Not published by MEVnet","Not published by MEVnet","Not published by MEVnet","PLANMalaysia MEVnet","https://portaldev.planmalaysia.gov.my/portal/apps/dashboards/bba366dc3d144510bfd7cda771795f3d","3505","2026-07-26T09:23:16Z"
"mevnet-3506-jomcharge","mevnet-3506","JomCharge","1","0","1","Not published by MEVnet","Not published by MEVnet","Not published by MEVnet","Not published by MEVnet","PLANMalaysia MEVnet","https://portaldev.planmalaysia.gov.my/portal/apps/dashboards/bba366dc3d144510bfd7cda771795f3d","3506","2026-07-26T09:23:16Z"
"mevnet-3507-nichicon","mevnet-3507","Nichicon","1","0","1","Not published by MEVnet","Not published by MEVnet","Not published by MEVnet","Not published by MEVnet","PLANMalaysia MEVnet","https://portaldev.planmalaysia.gov.my/portal/apps/dashboards/bba366dc3d144510bfd7cda771795f3d","3507","2026-07-26T09:23:16Z"
"mevnet-3509-others","mevnet-3509","Others","6","6","0","Not published by MEVnet","Not published by MEVnet","Not published by MEVnet","Not published by MEVnet","PLANMalaysia MEVnet","https://portaldev.planmalaysia.gov.my/portal/apps/dashboards/bba366dc3d144510bfd7cda771795f3d","3509","2026-07-26T09:23:16Z"
"mevnet-3510-jomcharge","mevnet-3510","JomCharge","2","1","1","Not published by MEVnet","Not published by MEVnet","Not published by MEVnet","Not published by MEVnet","PLANMalaysia MEVnet","https://portaldev.planmalaysia.gov.my/portal/apps/dashboards/bba366dc3d144510bfd7cda771795f3d","3510","2026-07-26T09:23:16Z"
"mevnet-3511-others","mevnet-3511","Others","1","0","1","Not published by MEVnet","Not published by MEVnet","Not published by MEVnet","Not published by MEVnet","PLANMalaysia MEVnet","https://portaldev.planmalaysia.gov.my/portal/apps/dashboards/bba366dc3d144510bfd7cda771795f3d","3511","2026-07-26T09:23:16Z"
"mevnet-3512-others","mevnet-3512","Others","1","0","1","Not published by MEVnet","Not published by MEVnet","Not published by MEVnet","Not published by MEVnet","PLANMalaysia MEVnet","https://portaldev.planmalaysia.gov.my/portal/apps/dashboards/bba366dc3d144510bfd7cda771795f3d","3512","2026-07-26T09:23:16Z"
"mevnet-3513-jomcharge","mevnet-3513","JomCharge","2","0","2","Not published by MEVnet","Not published by MEVnet","Not published by MEVnet","Not published by MEVnet","PLANMalaysia MEVnet","https://portaldev.planmalaysia.gov.my/portal/apps/dashboards/bba366dc3d144510bfd7cda771795f3d","3513","2026-07-26T09:23:16Z"
"mevnet-3514-others","mevnet-3514","Others","2","2","0","Not published by MEVnet","Not published by MEVnet","Not published by MEVnet","Not published by MEVnet","PLANMalaysia MEVnet","https://portaldev.planmalaysia.gov.my/portal/apps/dashboards/bba366dc3d144510bfd7cda771795f3d","3514","2026-07-26T09:23:16Z"
"mevnet-3515-others","mevnet-3515","Others","3","3","0","Not published by MEVnet","Not published by MEVnet","Not published by MEVnet","Not published by MEVnet","PLANMalaysia MEVnet","https://portaldev.planmalaysia.gov.my/portal/apps/dashboards/bba366dc3d144510bfd7cda771795f3d","3515","2026-07-26T09:23:16Z"
"mevnet-3517-jomcharge","mevnet-3517","JomCharge","1","0","1","Not published by MEVnet","Not published by MEVnet","Not published by MEVnet","Not published by MEVnet","PLANMalaysia MEVnet","https://portaldev.planmalaysia.gov.my/portal/apps/dashboards/bba366dc3d144510bfd7cda771795f3d","3517","2026-07-26T09:23:16Z"
"mevnet-3518-others","mevnet-3518","Others","1","1","0","Not published by MEVnet","Not published by MEVnet","Not published by MEVnet","Not published by MEVnet","PLANMalaysia MEVnet","https://portaldev.planmalaysia.gov.my/portal/apps/dashboards/bba366dc3d144510bfd7cda771795f3d","3518","2026-07-26T09:23:16Z"
"mevnet-3519-others","mevnet-3519","Others","2","2","0","Not published by MEVnet","Not published by MEVnet","Not published by MEVnet","Not published by MEVnet","PLANMalaysia MEVnet","https://portaldev.planmalaysia.gov.my/portal/apps/dashboards/bba366dc3d144510bfd7cda771795f3d","3519","2026-07-26T09:23:16Z"
"mevnet-3520-jomcharge","mevnet-3520","JomCharge","4","0","4","Not published by MEVnet","Not published by MEVnet","Not published by MEVnet","Not published by MEVnet","PLANMalaysia MEVnet","https://portaldev.planmalaysia.gov.my/portal/apps/dashboards/bba366dc3d144510bfd7cda771795f3d","3520","2026-07-26T09:23:16Z"
"mevnet-3521-parkeasy","mevnet-3521","ParkEasy","2","2","0","Not published by MEVnet","Not published by MEVnet","Not published by MEVnet","Not published by MEVnet","PLANMalaysia MEVnet","https://portaldev.planmalaysia.gov.my/portal/apps/dashboards/bba366dc3d144510bfd7cda771795f3d","3521","2026-07-26T09:23:16Z"
"mevnet-3522-parkeasy","mevnet-3522","ParkEasy","4","4","0","Not published by MEVnet","Not published by MEVnet","Not published by MEVnet","Not published by MEVnet","PLANMalaysia MEVnet","https://portaldev.planmalaysia.gov.my/portal/apps/dashboards/bba366dc3d144510bfd7cda771795f3d","3522","2026-07-26T09:23:16Z"
"mevnet-3523-parkeasy","mevnet-3523","ParkEasy","4","4","0","Not published by MEVnet","Not published by MEVnet","Not published by MEVnet","Not published by MEVnet","PLANMalaysia MEVnet","https://portaldev.planmalaysia.gov.my/portal/apps/dashboards/bba366dc3d144510bfd7cda771795f3d","3523","2026-07-26T09:23:16Z"
"mevnet-3524-parkeasy","mevnet-3524","ParkEasy","2","2","0","Not published by MEVnet","Not published by MEVnet","Not published by MEVnet","Not published by MEVnet","PLANMalaysia MEVnet","https://portaldev.planmalaysia.gov.my/portal/apps/dashboards/bba366dc3d144510bfd7cda771795f3d","3524","2026-07-26T09:23:16Z"
"mevnet-3525-parkeasy","mevnet-3525","ParkEasy","2","2","0","Not published by MEVnet","Not published by MEVnet","Not published by MEVnet","Not published by MEVnet","PLANMalaysia MEVnet","https://portaldev.planmalaysia.gov.my/portal/apps/dashboards/bba366dc3d144510bfd7cda771795f3d","3525","2026-07-26T09:23:16Z"
"mevnet-3526-parkeasy","mevnet-3526","ParkEasy","2","2","0","Not published by MEVnet","Not published by MEVnet","Not published by MEVnet","Not published by MEVnet","PLANMalaysia MEVnet","https://portaldev.planmalaysia.gov.my/portal/apps/dashboards/bba366dc3d144510bfd7cda771795f3d","3526","2026-07-26T09:23:16Z"
"mevnet-3527-jomcharge","mevnet-3527","JomCharge","2","12","0","Not published by MEVnet","Not published by MEVnet","Not published by MEVnet","Not published by MEVnet","PLANMalaysia MEVnet","https://portaldev.planmalaysia.gov.my/portal/apps/dashboards/bba366dc3d144510bfd7cda771795f3d","3527","2026-07-26T09:23:16Z"
"mevnet-3527-parkeasy","mevnet-3527","ParkEasy","2","12","0","Not published by MEVnet","Not published by MEVnet","Not published by MEVnet","Not published by MEVnet","PLANMalaysia MEVnet","https://portaldev.planmalaysia.gov.my/portal/apps/dashboards/bba366dc3d144510bfd7cda771795f3d","3527","2026-07-26T09:23:16Z"
"mevnet-3527-others","mevnet-3527","Others","8","12","0","Not published by MEVnet","Not published by MEVnet","Not published by MEVnet","Not published by MEVnet","PLANMalaysia MEVnet","https://portaldev.planmalaysia.gov.my/portal/apps/dashboards/bba366dc3d144510bfd7cda771795f3d","3527","2026-07-26T09:23:16Z"
"mevnet-3528-parkeasy","mevnet-3528","ParkEasy","3","3","0","Not published by MEVnet","Not published by MEVnet","Not published by MEVnet","Not published by MEVnet","PLANMalaysia MEVnet","https://portaldev.planmalaysia.gov.my/portal/apps/dashboards/bba366dc3d144510bfd7cda771795f3d","3528","2026-07-26T09:23:16Z"
"mevnet-3530-jomcharge","mevnet-3530","JomCharge","2","0","2","Not published by MEVnet","Not published by MEVnet","Not published by MEVnet","Not published by MEVnet","PLANMalaysia MEVnet","https://portaldev.planmalaysia.gov.my/portal/apps/dashboards/bba366dc3d144510bfd7cda771795f3d","3530","2026-07-26T09:23:16Z"
"mevnet-3533-pekema","mevnet-3533","PEKEMA","3","1","2","Not published by MEVnet","Not published by MEVnet","Not published by MEVnet","Not published by MEVnet","PLANMalaysia MEVnet","https://portaldev.planmalaysia.gov.my/portal/apps/dashboards/bba366dc3d144510bfd7cda771795f3d","3533","2026-07-26T09:23:16Z"
"mevnet-3534-jomcharge","mevnet-3534","JomCharge","1","0","1","Not published by MEVnet","Not published by MEVnet","Not published by MEVnet","Not published by MEVnet","PLANMalaysia MEVnet","https://portaldev.planmalaysia.gov.my/portal/apps/dashboards/bba366dc3d144510bfd7cda771795f3d","3534","2026-07-26T09:23:16Z"
"mevnet-3535-jomcharge","mevnet-3535","JomCharge","1","0","1","Not published by MEVnet","Not published by MEVnet","Not published by MEVnet","Not published by MEVnet","PLANMalaysia MEVnet","https://portaldev.planmalaysia.gov.my/portal/apps/dashboards/bba366dc3d144510bfd7cda771795f3d","3535","2026-07-26T09:23:16Z"
"mevnet-3536-chargev","mevnet-3536","chargEV","3","1","4","Not published by MEVnet","Not published by MEVnet","Not published by MEVnet","Not published by MEVnet","PLANMalaysia MEVnet","https://portaldev.planmalaysia.gov.my/portal/apps/dashboards/bba366dc3d144510bfd7cda771795f3d","3536","2026-07-26T09:23:16Z"
"mevnet-3536-pekema","mevnet-3536","PEKEMA","2","1","4","Not published by MEVnet","Not published by MEVnet","Not published by MEVnet","Not published by MEVnet","PLANMalaysia MEVnet","https://portaldev.planmalaysia.gov.my/portal/apps/dashboards/bba366dc3d144510bfd7cda771795f3d","3536","2026-07-26T09:23:16Z"
"mevnet-3537-pekema","mevnet-3537","PEKEMA","1","0","1","Not published by MEVnet","Not published by MEVnet","Not published by MEVnet","Not published by MEVnet","PLANMalaysia MEVnet","https://portaldev.planmalaysia.gov.my/portal/apps/dashboards/bba366dc3d144510bfd7cda771795f3d","3537","2026-07-26T09:23:16Z"
"mevnet-3539-pekema","mevnet-3539","PEKEMA","1","0","1","Not published by MEVnet","Not published by MEVnet","Not published by MEVnet","Not published by MEVnet","PLANMalaysia MEVnet","https://portaldev.planmalaysia.gov.my/portal/apps/dashboards/bba366dc3d144510bfd7cda771795f3d","3539","2026-07-26T09:23:16Z"
"mevnet-3541-pekema","mevnet-3541","PEKEMA","2","0","2","Not published by MEVnet","Not published by MEVnet","Not published by MEVnet","Not published by MEVnet","PLANMalaysia MEVnet","https://portaldev.planmalaysia.gov.my/portal/apps/dashboards/bba366dc3d144510bfd7cda771795f3d","3541","2026-07-26T09:23:16Z"
"mevnet-3542-chargev","mevnet-3542","chargEV","1","0","2","Not published by MEVnet","Not published by MEVnet","Not published by MEVnet","Not published by MEVnet","PLANMalaysia MEVnet","https://portaldev.planmalaysia.gov.my/portal/apps/dashboards/bba366dc3d144510bfd7cda771795f3d","3542","2026-07-26T09:23:16Z"
"mevnet-3542-pekema","mevnet-3542","PEKEMA","1","0","2","Not published by MEVnet","Not published by MEVnet","Not published by MEVnet","Not published by MEVnet","PLANMalaysia MEVnet","https://portaldev.planmalaysia.gov.my/portal/apps/dashboards/bba366dc3d144510bfd7cda771795f3d","3542","2026-07-26T09:23:16Z"
"mevnet-3543-jomcharge","mevnet-3543","JomCharge","1","0","1","Not published by MEVnet","Not published by MEVnet","Not published by MEVnet","Not published by MEVnet","PLANMalaysia MEVnet","https://portaldev.planmalaysia.gov.my/portal/apps/dashboards/bba366dc3d144510bfd7cda771795f3d","3543","2026-07-26T09:23:16Z"
"mevnet-3544-schneider","mevnet-3544","Schneider","9","9","0","Not published by MEVnet","Not published by MEVnet","Not published by MEVnet","Not published by MEVnet","PLANMalaysia MEVnet","https://portaldev.planmalaysia.gov.my/portal/apps/dashboards/bba366dc3d144510bfd7cda771795f3d","3544","2026-07-26T09:23:16Z"
"mevnet-3545-shell-recharge","mevnet-3545","Shell Recharge","3","3","0","Not published by MEVnet","Not published by MEVnet","Not published by MEVnet","Not published by MEVnet","PLANMalaysia MEVnet","https://portaldev.planmalaysia.gov.my/portal/apps/dashboards/bba366dc3d144510bfd7cda771795f3d","3545","2026-07-26T09:23:16Z"
"mevnet-3546-shell-recharge","mevnet-3546","Shell Recharge","1","1","0","Not published by MEVnet","Not published by MEVnet","Not published by MEVnet","Not published by MEVnet","PLANMalaysia MEVnet","https://portaldev.planmalaysia.gov.my/portal/apps/dashboards/bba366dc3d144510bfd7cda771795f3d","3546","2026-07-26T09:23:16Z"
"mevnet-3547-shell-recharge","mevnet-3547","Shell Recharge","2","2","0","Not published by MEVnet","Not published by MEVnet","Not published by MEVnet","Not published by MEVnet","PLANMalaysia MEVnet","https://portaldev.planmalaysia.gov.my/portal/apps/dashboards/bba366dc3d144510bfd7cda771795f3d","3547","2026-07-26T09:23:16Z"
"mevnet-3548-shell-recharge","mevnet-3548","Shell Recharge","2","2","0","Not published by MEVnet","Not published by MEVnet","Not published by MEVnet","Not published by MEVnet","PLANMalaysia MEVnet","https://portaldev.planmalaysia.gov.my/portal/apps/dashboards/bba366dc3d144510bfd7cda771795f3d","3548","2026-07-26T09:23:16Z"
"mevnet-3549-shell-recharge","mevnet-3549","Shell Recharge","2","2","0","Not published by MEVnet","Not published by MEVnet","Not published by MEVnet","Not published by MEVnet","PLANMalaysia MEVnet","https://portaldev.planmalaysia.gov.my/portal/apps/dashboards/bba366dc3d144510bfd7cda771795f3d","3549","2026-07-26T09:23:16Z"
"mevnet-3550-shell-recharge","mevnet-3550","Shell Recharge","2","0","2","Not published by MEVnet","Not published by MEVnet","Not published by MEVnet","Not published by MEVnet","PLANMalaysia MEVnet","https://portaldev.planmalaysia.gov.my/portal/apps/dashboards/bba366dc3d144510bfd7cda771795f3d","3550","2026-07-26T09:23:16Z"
"mevnet-3551-shell-recharge","mevnet-3551","Shell Recharge","2","0","2","Not published by MEVnet","Not published by MEVnet","Not published by MEVnet","Not published by MEVnet","PLANMalaysia MEVnet","https://portaldev.planmalaysia.gov.my/portal/apps/dashboards/bba366dc3d144510bfd7cda771795f3d","3551","2026-07-26T09:23:16Z"
"mevnet-3552-shell-recharge","mevnet-3552","Shell Recharge","2","0","2","Not published by MEVnet","Not published by MEVnet","Not published by MEVnet","Not published by MEVnet","PLANMalaysia MEVnet","https://portaldev.planmalaysia.gov.my/portal/apps/dashboards/bba366dc3d144510bfd7cda771795f3d","3552","2026-07-26T09:23:16Z"
"mevnet-3553-shell-recharge","mevnet-3553","Shell Recharge","2","0","2","Not published by MEVnet","Not published by MEVnet","Not published by MEVnet","Not published by MEVnet","PLANMalaysia MEVnet","https://portaldev.planmalaysia.gov.my/portal/apps/dashboards/bba366dc3d144510bfd7cda771795f3d","3553","2026-07-26T09:23:16Z"
"mevnet-3554-shell-recharge","mevnet-3554","Shell Recharge","2","2","0","Not published by MEVnet","Not published by MEVnet","Not published by MEVnet","Not published by MEVnet","PLANMalaysia MEVnet","https://portaldev.planmalaysia.gov.my/portal/apps/dashboards/bba366dc3d144510bfd7cda771795f3d","3554","2026-07-26T09:23:16Z"
"mevnet-3555-sunway","mevnet-3555","Sunway","2","4","4","Not published by MEVnet","Not published by MEVnet","Not published by MEVnet","Not published by MEVnet","PLANMalaysia MEVnet","https://portaldev.planmalaysia.gov.my/portal/apps/dashboards/bba366dc3d144510bfd7cda771795f3d","3555","2026-07-26T09:23:16Z"
"mevnet-3555-others","mevnet-3555","Others","6","4","4","Not published by MEVnet","Not published by MEVnet","Not published by MEVnet","Not published by MEVnet","PLANMalaysia MEVnet","https://portaldev.planmalaysia.gov.my/portal/apps/dashboards/bba366dc3d144510bfd7cda771795f3d","3555","2026-07-26T09:23:16Z"
"mevnet-3557-tnbx-gotou-","mevnet-3557","TNBX (GoToU)","2","0","2","Not published by MEVnet","Not published by MEVnet","Not published by MEVnet","Not published by MEVnet","PLANMalaysia MEVnet","https://portaldev.planmalaysia.gov.my/portal/apps/dashboards/bba366dc3d144510bfd7cda771795f3d","3557","2026-07-26T09:23:16Z"
"mevnet-3558-zap","mevnet-3558","Zap","2","2","0","Not published by MEVnet","Not published by MEVnet","Not published by MEVnet","Not published by MEVnet","PLANMalaysia MEVnet","https://portaldev.planmalaysia.gov.my/portal/apps/dashboards/bba366dc3d144510bfd7cda771795f3d","3558","2026-07-26T09:23:16Z"
"mevnet-3560-bmw","mevnet-3560","BMW","1","1","0","Not published by MEVnet","Not published by MEVnet","Not published by MEVnet","Not published by MEVnet","PLANMalaysia MEVnet","https://portaldev.planmalaysia.gov.my/portal/apps/dashboards/bba366dc3d144510bfd7cda771795f3d","3560","2026-07-26T09:23:16Z"
"mevnet-3561-chargev","mevnet-3561","chargEV","1","1","0","Not published by MEVnet","Not published by MEVnet","Not published by MEVnet","Not published by MEVnet","PLANMalaysia MEVnet","https://portaldev.planmalaysia.gov.my/portal/apps/dashboards/bba366dc3d144510bfd7cda771795f3d","3561","2026-07-26T09:23:16Z"
"mevnet-3562-chargev","mevnet-3562","chargEV","2","2","0","Not published by MEVnet","Not published by MEVnet","Not published by MEVnet","Not published by MEVnet","PLANMalaysia MEVnet","https://portaldev.planmalaysia.gov.my/portal/apps/dashboards/bba366dc3d144510bfd7cda771795f3d","3562","2026-07-26T09:23:16Z"
"mevnet-3563-chargev","mevnet-3563","chargEV","2","2","0","Not published by MEVnet","Not published by MEVnet","Not published by MEVnet","Not published by MEVnet","PLANMalaysia MEVnet","https://portaldev.planmalaysia.gov.my/portal/apps/dashboards/bba366dc3d144510bfd7cda771795f3d","3563","2026-07-26T09:23:16Z"
"mevnet-3564-chargev","mevnet-3564","chargEV","1","1","0","Not published by MEVnet","Not published by MEVnet","Not published by MEVnet","Not published by MEVnet","PLANMalaysia MEVnet","https://portaldev.planmalaysia.gov.my/portal/apps/dashboards/bba366dc3d144510bfd7cda771795f3d","3564","2026-07-26T09:23:16Z"
"mevnet-3565-chargev","mevnet-3565","chargEV","3","3","0","Not published by MEVnet","Not published by MEVnet","Not published by MEVnet","Not published by MEVnet","PLANMalaysia MEVnet","https://portaldev.planmalaysia.gov.my/portal/apps/dashboards/bba366dc3d144510bfd7cda771795f3d","3565","2026-07-26T09:23:16Z"
"mevnet-3566-chargev","mevnet-3566","chargEV","1","1","0","Not published by MEVnet","Not published by MEVnet","Not published by MEVnet","Not published by MEVnet","PLANMalaysia MEVnet","https://portaldev.planmalaysia.gov.my/portal/apps/dashboards/bba366dc3d144510bfd7cda771795f3d","3566","2026-07-26T09:23:16Z"
"mevnet-3568-chargengo","mevnet-3568","ChargeNGo","1","1","0","Not published by MEVnet","Not published by MEVnet","Not published by MEVnet","Not published by MEVnet","PLANMalaysia MEVnet","https://portaldev.planmalaysia.gov.my/portal/apps/dashboards/bba366dc3d144510bfd7cda771795f3d","3568","2026-07-26T09:23:16Z"
"mevnet-3569-chargengo","mevnet-3569","ChargeNGo","2","2","0","Not published by MEVnet","Not published by MEVnet","Not published by MEVnet","Not published by MEVnet","PLANMalaysia MEVnet","https://portaldev.planmalaysia.gov.my/portal/apps/dashboards/bba366dc3d144510bfd7cda771795f3d","3569","2026-07-26T09:23:16Z"
"mevnet-3570-plugit","mevnet-3570","Plugit","10","10","0","Not published by MEVnet","Not published by MEVnet","Not published by MEVnet","Not published by MEVnet","PLANMalaysia MEVnet","https://portaldev.planmalaysia.gov.my/portal/apps/dashboards/bba366dc3d144510bfd7cda771795f3d","3570","2026-07-26T09:23:16Z"
"mevnet-3571-chargengo","mevnet-3571","ChargeNGo","2","4","0","Not published by MEVnet","Not published by MEVnet","Not published by MEVnet","Not published by MEVnet","PLANMalaysia MEVnet","https://portaldev.planmalaysia.gov.my/portal/apps/dashboards/bba366dc3d144510bfd7cda771795f3d","3571","2026-07-26T09:23:16Z"
"mevnet-3571-jomcharge","mevnet-3571","JomCharge","2","4","0","Not published by MEVnet","Not published by MEVnet","Not published by MEVnet","Not published by MEVnet","PLANMalaysia MEVnet","https://portaldev.planmalaysia.gov.my/portal/apps/dashboards/bba366dc3d144510bfd7cda771795f3d","3571","2026-07-26T09:23:16Z"
"mevnet-3573-chargengo","mevnet-3573","ChargeNGo","3","3","0","Not published by MEVnet","Not published by MEVnet","Not published by MEVnet","Not published by MEVnet","PLANMalaysia MEVnet","https://portaldev.planmalaysia.gov.my/portal/apps/dashboards/bba366dc3d144510bfd7cda771795f3d","3573","2026-07-26T09:23:16Z"
"mevnet-3574-chargengo","mevnet-3574","ChargeNGo","2","8","0","Not published by MEVnet","Not published by MEVnet","Not published by MEVnet","Not published by MEVnet","PLANMalaysia MEVnet","https://portaldev.planmalaysia.gov.my/portal/apps/dashboards/bba366dc3d144510bfd7cda771795f3d","3574","2026-07-26T09:23:16Z"
"mevnet-3574-chargesini","mevnet-3574","ChargeSini","6","8","0","Not published by MEVnet","Not published by MEVnet","Not published by MEVnet","Not published by MEVnet","PLANMalaysia MEVnet","https://portaldev.planmalaysia.gov.my/portal/apps/dashboards/bba366dc3d144510bfd7cda771795f3d","3574","2026-07-26T09:23:16Z"
"mevnet-3575-plugit","mevnet-3575","Plugit","5","5","0","Not published by MEVnet","Not published by MEVnet","Not published by MEVnet","Not published by MEVnet","PLANMalaysia MEVnet","https://portaldev.planmalaysia.gov.my/portal/apps/dashboards/bba366dc3d144510bfd7cda771795f3d","3575","2026-07-26T09:23:16Z"
"mevnet-3576-gentari","mevnet-3576","Gentari","2","0","2","Not published by MEVnet","Not published by MEVnet","Not published by MEVnet","Not published by MEVnet","PLANMalaysia MEVnet","https://portaldev.planmalaysia.gov.my/portal/apps/dashboards/bba366dc3d144510bfd7cda771795f3d","3576","2026-07-26T09:23:16Z"
"mevnet-3577-chargesini","mevnet-3577","ChargeSini","2","2","0","Not published by MEVnet","Not published by MEVnet","Not published by MEVnet","Not published by MEVnet","PLANMalaysia MEVnet","https://portaldev.planmalaysia.gov.my/portal/apps/dashboards/bba366dc3d144510bfd7cda771795f3d","3577","2026-07-26T09:23:16Z"
"mevnet-3578-chargev","mevnet-3578","chargEV","2","0","2","Not published by MEVnet","Not published by MEVnet","Not published by MEVnet","Not published by MEVnet","PLANMalaysia MEVnet","https://portaldev.planmalaysia.gov.my/portal/apps/dashboards/bba366dc3d144510bfd7cda771795f3d","3578","2026-07-26T09:23:16Z"
"mevnet-3579-chargesini","mevnet-3579","ChargeSini","2","0","4","Not published by MEVnet","Not published by MEVnet","Not published by MEVnet","Not published by MEVnet","PLANMalaysia MEVnet","https://portaldev.planmalaysia.gov.my/portal/apps/dashboards/bba366dc3d144510bfd7cda771795f3d","3579","2026-07-26T09:23:16Z"
"mevnet-3579-evwave","mevnet-3579","Evwave","2","0","4","Not published by MEVnet","Not published by MEVnet","Not published by MEVnet","Not published by MEVnet","PLANMalaysia MEVnet","https://portaldev.planmalaysia.gov.my/portal/apps/dashboards/bba366dc3d144510bfd7cda771795f3d","3579","2026-07-26T09:23:16Z"
"mevnet-3580-chargev","mevnet-3580","chargEV","1","1","0","Not published by MEVnet","Not published by MEVnet","Not published by MEVnet","Not published by MEVnet","PLANMalaysia MEVnet","https://portaldev.planmalaysia.gov.my/portal/apps/dashboards/bba366dc3d144510bfd7cda771795f3d","3580","2026-07-26T09:23:16Z"
"mevnet-3581-chargev","mevnet-3581","chargEV","1","1","0","Not published by MEVnet","Not published by MEVnet","Not published by MEVnet","Not published by MEVnet","PLANMalaysia MEVnet","https://portaldev.planmalaysia.gov.my/portal/apps/dashboards/bba366dc3d144510bfd7cda771795f3d","3581","2026-07-26T09:23:16Z"
"mevnet-3582-gotou","mevnet-3582","GoToU","1","1","0","Not published by MEVnet","Not published by MEVnet","Not published by MEVnet","Not published by MEVnet","PLANMalaysia MEVnet","https://portaldev.planmalaysia.gov.my/portal/apps/dashboards/bba366dc3d144510bfd7cda771795f3d","3582","2026-07-26T09:23:16Z"
"mevnet-3583-chargesini","mevnet-3583","ChargeSini","2","2","0","Not published by MEVnet","Not published by MEVnet","Not published by MEVnet","Not published by MEVnet","PLANMalaysia MEVnet","https://portaldev.planmalaysia.gov.my/portal/apps/dashboards/bba366dc3d144510bfd7cda771795f3d","3583","2026-07-26T09:23:16Z"
"mevnet-3584-others","mevnet-3584","Others","14","10","4","Not published by MEVnet","Not published by MEVnet","Not published by MEVnet","Not published by MEVnet","PLANMalaysia MEVnet","https://portaldev.planmalaysia.gov.my/portal/apps/dashboards/bba366dc3d144510bfd7cda771795f3d","3584","2026-07-26T09:23:16Z"
"mevnet-3585-others","mevnet-3585","Others","1","1","0","Not published by MEVnet","Not published by MEVnet","Not published by MEVnet","Not published by MEVnet","PLANMalaysia MEVnet","https://portaldev.planmalaysia.gov.my/portal/apps/dashboards/bba366dc3d144510bfd7cda771795f3d","3585","2026-07-26T09:23:16Z"
"mevnet-3586-chargev","mevnet-3586","chargEV","2","0","2","Not published by MEVnet","Not published by MEVnet","Not published by MEVnet","Not published by MEVnet","PLANMalaysia MEVnet","https://portaldev.planmalaysia.gov.my/portal/apps/dashboards/bba366dc3d144510bfd7cda771795f3d","3586","2026-07-26T09:23:16Z"
"mevnet-3587-chargev","mevnet-3587","chargEV","2","0","2","Not published by MEVnet","Not published by MEVnet","Not published by MEVnet","Not published by MEVnet","PLANMalaysia MEVnet","https://portaldev.planmalaysia.gov.my/portal/apps/dashboards/bba366dc3d144510bfd7cda771795f3d","3587","2026-07-26T09:23:16Z"
"mevnet-3588-chargev","mevnet-3588","chargEV","1","1","3","Not published by MEVnet","Not published by MEVnet","Not published by MEVnet","Not published by MEVnet","PLANMalaysia MEVnet","https://portaldev.planmalaysia.gov.my/portal/apps/dashboards/bba366dc3d144510bfd7cda771795f3d","3588","2026-07-26T09:23:16Z"
"mevnet-3588-gentari","mevnet-3588","Gentari","3","1","3","Not published by MEVnet","Not published by MEVnet","Not published by MEVnet","Not published by MEVnet","PLANMalaysia MEVnet","https://portaldev.planmalaysia.gov.my/portal/apps/dashboards/bba366dc3d144510bfd7cda771795f3d","3588","2026-07-26T09:23:16Z"
"mevnet-3589-jomcharge","mevnet-3589","JomCharge","1","0","1","Not published by MEVnet","Not published by MEVnet","Not published by MEVnet","Not published by MEVnet","PLANMalaysia MEVnet","https://portaldev.planmalaysia.gov.my/portal/apps/dashboards/bba366dc3d144510bfd7cda771795f3d","3589","2026-07-26T09:23:16Z"
"mevnet-3590-chargesini","mevnet-3590","ChargeSini","2","1","2","Not published by MEVnet","Not published by MEVnet","Not published by MEVnet","Not published by MEVnet","PLANMalaysia MEVnet","https://portaldev.planmalaysia.gov.my/portal/apps/dashboards/bba366dc3d144510bfd7cda771795f3d","3590","2026-07-26T09:23:16Z"
"mevnet-3590-others","mevnet-3590","Others","1","1","2","Not published by MEVnet","Not published by MEVnet","Not published by MEVnet","Not published by MEVnet","PLANMalaysia MEVnet","https://portaldev.planmalaysia.gov.my/portal/apps/dashboards/bba366dc3d144510bfd7cda771795f3d","3590","2026-07-26T09:23:16Z"
"mevnet-3591-chargev","mevnet-3591","chargEV","4","4","0","Not published by MEVnet","Not published by MEVnet","Not published by MEVnet","Not published by MEVnet","PLANMalaysia MEVnet","https://portaldev.planmalaysia.gov.my/portal/apps/dashboards/bba366dc3d144510bfd7cda771795f3d","3591","2026-07-26T09:23:16Z"
"mevnet-3592-chargev","mevnet-3592","chargEV","2","2","0","Not published by MEVnet","Not published by MEVnet","Not published by MEVnet","Not published by MEVnet","PLANMalaysia MEVnet","https://portaldev.planmalaysia.gov.my/portal/apps/dashboards/bba366dc3d144510bfd7cda771795f3d","3592","2026-07-26T09:23:16Z"
"mevnet-3593-jomcharge","mevnet-3593","JomCharge","3","3","0","Not published by MEVnet","Not published by MEVnet","Not published by MEVnet","Not published by MEVnet","PLANMalaysia MEVnet","https://portaldev.planmalaysia.gov.my/portal/apps/dashboards/bba366dc3d144510bfd7cda771795f3d","3593","2026-07-26T09:23:16Z"
"mevnet-3594-others","mevnet-3594","Others","4","4","0","Not published by MEVnet","Not published by MEVnet","Not published by MEVnet","Not published by MEVnet","PLANMalaysia MEVnet","https://portaldev.planmalaysia.gov.my/portal/apps/dashboards/bba366dc3d144510bfd7cda771795f3d","3594","2026-07-26T09:23:16Z"
"mevnet-3595-others","mevnet-3595","Others","1","1","0","Not published by MEVnet","Not published by MEVnet","Not published by MEVnet","Not published by MEVnet","PLANMalaysia MEVnet","https://portaldev.planmalaysia.gov.my/portal/apps/dashboards/bba366dc3d144510bfd7cda771795f3d","3595","2026-07-26T09:23:16Z"
"mevnet-3596-jomcharge","mevnet-3596","JomCharge","6","6","0","Not published by MEVnet","Not published by MEVnet","Not published by MEVnet","Not published by MEVnet","PLANMalaysia MEVnet","https://portaldev.planmalaysia.gov.my/portal/apps/dashboards/bba366dc3d144510bfd7cda771795f3d","3596","2026-07-26T09:23:16Z"
"mevnet-3597-chargev","mevnet-3597","chargEV","1","1","0","Not published by MEVnet","Not published by MEVnet","Not published by MEVnet","Not published by MEVnet","PLANMalaysia MEVnet","https://portaldev.planmalaysia.gov.my/portal/apps/dashboards/bba366dc3d144510bfd7cda771795f3d","3597","2026-07-26T09:23:16Z"
"mevnet-3598-chargev","mevnet-3598","chargEV","3","3","0","Not published by MEVnet","Not published by MEVnet","Not published by MEVnet","Not published by MEVnet","PLANMalaysia MEVnet","https://portaldev.planmalaysia.gov.my/portal/apps/dashboards/bba366dc3d144510bfd7cda771795f3d","3598","2026-07-26T09:23:16Z"
"mevnet-3599-jomcharge","mevnet-3599","JomCharge","2","2","0","Not published by MEVnet","Not published by MEVnet","Not published by MEVnet","Not published by MEVnet","PLANMalaysia MEVnet","https://portaldev.planmalaysia.gov.my/portal/apps/dashboards/bba366dc3d144510bfd7cda771795f3d","3599","2026-07-26T09:23:16Z"
"mevnet-3600-chargesini","mevnet-3600","ChargeSini","2","2","0","Not published by MEVnet","Not published by MEVnet","Not published by MEVnet","Not published by MEVnet","PLANMalaysia MEVnet","https://portaldev.planmalaysia.gov.my/portal/apps/dashboards/bba366dc3d144510bfd7cda771795f3d","3600","2026-07-26T09:23:16Z"
"mevnet-3601-others","mevnet-3601","Others","1","1","0","Not published by MEVnet","Not published by MEVnet","Not published by MEVnet","Not published by MEVnet","PLANMalaysia MEVnet","https://portaldev.planmalaysia.gov.my/portal/apps/dashboards/bba366dc3d144510bfd7cda771795f3d","3601","2026-07-26T09:23:16Z"
"mevnet-3602-others","mevnet-3602","Others","4","2","2","Not published by MEVnet","Not published by MEVnet","Not published by MEVnet","Not published by MEVnet","PLANMalaysia MEVnet","https://portaldev.planmalaysia.gov.my/portal/apps/dashboards/bba366dc3d144510bfd7cda771795f3d","3602","2026-07-26T09:23:16Z"
"mevnet-3603-chargesini","mevnet-3603","ChargeSini","4","4","0","Not published by MEVnet","Not published by MEVnet","Not published by MEVnet","Not published by MEVnet","PLANMalaysia MEVnet","https://portaldev.planmalaysia.gov.my/portal/apps/dashboards/bba366dc3d144510bfd7cda771795f3d","3603","2026-07-26T09:23:16Z"
"mevnet-3604-others","mevnet-3604","Others","2","2","0","Not published by MEVnet","Not published by MEVnet","Not published by MEVnet","Not published by MEVnet","PLANMalaysia MEVnet","https://portaldev.planmalaysia.gov.my/portal/apps/dashboards/bba366dc3d144510bfd7cda771795f3d","3604","2026-07-26T09:23:16Z"
"mevnet-3605-chargev","mevnet-3605","chargEV","2","0","2","Not published by MEVnet","Not published by MEVnet","Not published by MEVnet","Not published by MEVnet","PLANMalaysia MEVnet","https://portaldev.planmalaysia.gov.my/portal/apps/dashboards/bba366dc3d144510bfd7cda771795f3d","3605","2026-07-26T09:23:16Z"
"mevnet-3606-chargesini","mevnet-3606","ChargeSini","2","2","0","Not published by MEVnet","Not published by MEVnet","Not published by MEVnet","Not published by MEVnet","PLANMalaysia MEVnet","https://portaldev.planmalaysia.gov.my/portal/apps/dashboards/bba366dc3d144510bfd7cda771795f3d","3606","2026-07-26T09:23:16Z"
"mevnet-3607-others","mevnet-3607","Others","1","1","0","Not published by MEVnet","Not published by MEVnet","Not published by MEVnet","Not published by MEVnet","PLANMalaysia MEVnet","https://portaldev.planmalaysia.gov.my/portal/apps/dashboards/bba366dc3d144510bfd7cda771795f3d","3607","2026-07-26T09:23:16Z"
"mevnet-3608-jomcharge","mevnet-3608","JomCharge","2","3","0","Not published by MEVnet","Not published by MEVnet","Not published by MEVnet","Not published by MEVnet","PLANMalaysia MEVnet","https://portaldev.planmalaysia.gov.my/portal/apps/dashboards/bba366dc3d144510bfd7cda771795f3d","3608","2026-07-26T09:23:16Z"
"mevnet-3608-others","mevnet-3608","Others","1","3","0","Not published by MEVnet","Not published by MEVnet","Not published by MEVnet","Not published by MEVnet","PLANMalaysia MEVnet","https://portaldev.planmalaysia.gov.my/portal/apps/dashboards/bba366dc3d144510bfd7cda771795f3d","3608","2026-07-26T09:23:16Z"
"mevnet-3609-jomcharge","mevnet-3609","JomCharge","1","0","1","Not published by MEVnet","Not published by MEVnet","Not published by MEVnet","Not published by MEVnet","PLANMalaysia MEVnet","https://portaldev.planmalaysia.gov.my/portal/apps/dashboards/bba366dc3d144510bfd7cda771795f3d","3609","2026-07-26T09:23:16Z"
"mevnet-3610-chargev","mevnet-3610","chargEV","1","1","0","Not published by MEVnet","Not published by MEVnet","Not published by MEVnet","Not published by MEVnet","PLANMalaysia MEVnet","https://portaldev.planmalaysia.gov.my/portal/apps/dashboards/bba366dc3d144510bfd7cda771795f3d","3610","2026-07-26T09:23:16Z"
"mevnet-3611-others","mevnet-3611","Others","2","2","0","Not published by MEVnet","Not published by MEVnet","Not published by MEVnet","Not published by MEVnet","PLANMalaysia MEVnet","https://portaldev.planmalaysia.gov.my/portal/apps/dashboards/bba366dc3d144510bfd7cda771795f3d","3611","2026-07-26T09:23:16Z"
"mevnet-3613-chargev","mevnet-3613","chargEV","1","1","0","Not published by MEVnet","Not published by MEVnet","Not published by MEVnet","Not published by MEVnet","PLANMalaysia MEVnet","https://portaldev.planmalaysia.gov.my/portal/apps/dashboards/bba366dc3d144510bfd7cda771795f3d","3613","2026-07-26T09:23:16Z"
"mevnet-3614-chargengo","mevnet-3614","ChargeNGo","2","2","0","Not published by MEVnet","Not published by MEVnet","Not published by MEVnet","Not published by MEVnet","PLANMalaysia MEVnet","https://portaldev.planmalaysia.gov.my/portal/apps/dashboards/bba366dc3d144510bfd7cda771795f3d","3614","2026-07-26T09:23:16Z"
"mevnet-3616-tnbx-gotou-","mevnet-3616","TNBX (GoToU)","2","0","2","Not published by MEVnet","Not published by MEVnet","Not published by MEVnet","Not published by MEVnet","PLANMalaysia MEVnet","https://portaldev.planmalaysia.gov.my/portal/apps/dashboards/bba366dc3d144510bfd7cda771795f3d","3616","2026-07-26T09:23:16Z"
"mevnet-3617-tnbx-gotou-","mevnet-3617","TNBX (GoToU)","1","0","1","Not published by MEVnet","Not published by MEVnet","Not published by MEVnet","Not published by MEVnet","PLANMalaysia MEVnet","https://portaldev.planmalaysia.gov.my/portal/apps/dashboards/bba366dc3d144510bfd7cda771795f3d","3617","2026-07-26T09:23:16Z"
"mevnet-3618-tnbx-gotou-","mevnet-3618","TNBX (GoToU)","2","0","2","Not published by MEVnet","Not published by MEVnet","Not published by MEVnet","Not published by MEVnet","PLANMalaysia MEVnet","https://portaldev.planmalaysia.gov.my/portal/apps/dashboards/bba366dc3d144510bfd7cda771795f3d","3618","2026-07-26T09:23:16Z"
"mevnet-3619-tnbx-gotou-","mevnet-3619","TNBX (GoToU)","2","0","2","Not published by MEVnet","Not published by MEVnet","Not published by MEVnet","Not published by MEVnet","PLANMalaysia MEVnet","https://portaldev.planmalaysia.gov.my/portal/apps/dashboards/bba366dc3d144510bfd7cda771795f3d","3619","2026-07-26T09:23:16Z"
"mevnet-3621-chargev","mevnet-3621","chargEV","2","0","2","Not published by MEVnet","Not published by MEVnet","Not published by MEVnet","Not published by MEVnet","PLANMalaysia MEVnet","https://portaldev.planmalaysia.gov.my/portal/apps/dashboards/bba366dc3d144510bfd7cda771795f3d","3621","2026-07-26T09:23:16Z"
"mevnet-3622-chargev","mevnet-3622","chargEV","1","1","0","Not published by MEVnet","Not published by MEVnet","Not published by MEVnet","Not published by MEVnet","PLANMalaysia MEVnet","https://portaldev.planmalaysia.gov.my/portal/apps/dashboards/bba366dc3d144510bfd7cda771795f3d","3622","2026-07-26T09:23:16Z"
"mevnet-3623-chargev","mevnet-3623","chargEV","2","0","2","Not published by MEVnet","Not published by MEVnet","Not published by MEVnet","Not published by MEVnet","PLANMalaysia MEVnet","https://portaldev.planmalaysia.gov.my/portal/apps/dashboards/bba366dc3d144510bfd7cda771795f3d","3623","2026-07-26T09:23:16Z"
"mevnet-3624-others","mevnet-3624","Others","2","2","0","Not published by MEVnet","Not published by MEVnet","Not published by MEVnet","Not published by MEVnet","PLANMalaysia MEVnet","https://portaldev.planmalaysia.gov.my/portal/apps/dashboards/bba366dc3d144510bfd7cda771795f3d","3624","2026-07-26T09:23:16Z"
"mevnet-3625-chargev","mevnet-3625","chargEV","2","0","2","Not published by MEVnet","Not published by MEVnet","Not published by MEVnet","Not published by MEVnet","PLANMalaysia MEVnet","https://portaldev.planmalaysia.gov.my/portal/apps/dashboards/bba366dc3d144510bfd7cda771795f3d","3625","2026-07-26T09:23:16Z"
"mevnet-3626-chargev","mevnet-3626","chargEV","2","0","2","Not published by MEVnet","Not published by MEVnet","Not published by MEVnet","Not published by MEVnet","PLANMalaysia MEVnet","https://portaldev.planmalaysia.gov.my/portal/apps/dashboards/bba366dc3d144510bfd7cda771795f3d","3626","2026-07-26T09:23:16Z"
"mevnet-3627-chargev","mevnet-3627","chargEV","2","0","2","Not published by MEVnet","Not published by MEVnet","Not published by MEVnet","Not published by MEVnet","PLANMalaysia MEVnet","https://portaldev.planmalaysia.gov.my/portal/apps/dashboards/bba366dc3d144510bfd7cda771795f3d","3627","2026-07-26T09:23:16Z"
"mevnet-3628-chargev","mevnet-3628","chargEV","2","0","2","Not published by MEVnet","Not published by MEVnet","Not published by MEVnet","Not published by MEVnet","PLANMalaysia MEVnet","https://portaldev.planmalaysia.gov.my/portal/apps/dashboards/bba366dc3d144510bfd7cda771795f3d","3628","2026-07-26T09:23:16Z"
"mevnet-3629-chargev","mevnet-3629","chargEV","2","0","2","Not published by MEVnet","Not published by MEVnet","Not published by MEVnet","Not published by MEVnet","PLANMalaysia MEVnet","https://portaldev.planmalaysia.gov.my/portal/apps/dashboards/bba366dc3d144510bfd7cda771795f3d","3629","2026-07-26T09:23:16Z"
"mevnet-3630-chargev","mevnet-3630","chargEV","2","0","2","Not published by MEVnet","Not published by MEVnet","Not published by MEVnet","Not published by MEVnet","PLANMalaysia MEVnet","https://portaldev.planmalaysia.gov.my/portal/apps/dashboards/bba366dc3d144510bfd7cda771795f3d","3630","2026-07-26T09:23:16Z"
"mevnet-3631-chargev","mevnet-3631","chargEV","2","0","2","Not published by MEVnet","Not published by MEVnet","Not published by MEVnet","Not published by MEVnet","PLANMalaysia MEVnet","https://portaldev.planmalaysia.gov.my/portal/apps/dashboards/bba366dc3d144510bfd7cda771795f3d","3631","2026-07-26T09:23:16Z"
"mevnet-3632-chargev","mevnet-3632","chargEV","2","0","2","Not published by MEVnet","Not published by MEVnet","Not published by MEVnet","Not published by MEVnet","PLANMalaysia MEVnet","https://portaldev.planmalaysia.gov.my/portal/apps/dashboards/bba366dc3d144510bfd7cda771795f3d","3632","2026-07-26T09:23:16Z"
"mevnet-3633-chargev","mevnet-3633","chargEV","2","0","2","Not published by MEVnet","Not published by MEVnet","Not published by MEVnet","Not published by MEVnet","PLANMalaysia MEVnet","https://portaldev.planmalaysia.gov.my/portal/apps/dashboards/bba366dc3d144510bfd7cda771795f3d","3633","2026-07-26T09:23:16Z"
"mevnet-3634-jomcharge","mevnet-3634","JomCharge","4","3","1","Not published by MEVnet","Not published by MEVnet","Not published by MEVnet","Not published by MEVnet","PLANMalaysia MEVnet","https://portaldev.planmalaysia.gov.my/portal/apps/dashboards/bba366dc3d144510bfd7cda771795f3d","3634","2026-07-26T09:23:16Z"
"mevnet-3635-jomcharge","mevnet-3635","JomCharge","3","2","1","Not published by MEVnet","Not published by MEVnet","Not published by MEVnet","Not published by MEVnet","PLANMalaysia MEVnet","https://portaldev.planmalaysia.gov.my/portal/apps/dashboards/bba366dc3d144510bfd7cda771795f3d","3635","2026-07-26T09:23:16Z"
"mevnet-3636-gentari","mevnet-3636","Gentari","1","0","1","Not published by MEVnet","Not published by MEVnet","Not published by MEVnet","Not published by MEVnet","PLANMalaysia MEVnet","https://portaldev.planmalaysia.gov.my/portal/apps/dashboards/bba366dc3d144510bfd7cda771795f3d","3636","2026-07-26T09:23:16Z"
"mevnet-3637-gentari","mevnet-3637","Gentari","1","0","1","Not published by MEVnet","Not published by MEVnet","Not published by MEVnet","Not published by MEVnet","PLANMalaysia MEVnet","https://portaldev.planmalaysia.gov.my/portal/apps/dashboards/bba366dc3d144510bfd7cda771795f3d","3637","2026-07-26T09:23:16Z"
"mevnet-3638-gentari","mevnet-3638","Gentari","4","0","4","Not published by MEVnet","Not published by MEVnet","Not published by MEVnet","Not published by MEVnet","PLANMalaysia MEVnet","https://portaldev.planmalaysia.gov.my/portal/apps/dashboards/bba366dc3d144510bfd7cda771795f3d","3638","2026-07-26T09:23:16Z"
"mevnet-3639-others","mevnet-3639","Others","1","1","0","Not published by MEVnet","Not published by MEVnet","Not published by MEVnet","Not published by MEVnet","PLANMalaysia MEVnet","https://portaldev.planmalaysia.gov.my/portal/apps/dashboards/bba366dc3d144510bfd7cda771795f3d","3639","2026-07-26T09:23:16Z"
"mevnet-3640-shell-recharge","mevnet-3640","Shell Recharge","4","4","0","Not published by MEVnet","Not published by MEVnet","Not published by MEVnet","Not published by MEVnet","PLANMalaysia MEVnet","https://portaldev.planmalaysia.gov.my/portal/apps/dashboards/bba366dc3d144510bfd7cda771795f3d","3640","2026-07-26T09:23:16Z"
"mevnet-3641-shell-recharge","mevnet-3641","Shell Recharge","1","1","0","Not published by MEVnet","Not published by MEVnet","Not published by MEVnet","Not published by MEVnet","PLANMalaysia MEVnet","https://portaldev.planmalaysia.gov.my/portal/apps/dashboards/bba366dc3d144510bfd7cda771795f3d","3641","2026-07-26T09:23:16Z"
"mevnet-3642-chargesini","mevnet-3642","ChargeSini","2","2","0","Not published by MEVnet","Not published by MEVnet","Not published by MEVnet","Not published by MEVnet","PLANMalaysia MEVnet","https://portaldev.planmalaysia.gov.my/portal/apps/dashboards/bba366dc3d144510bfd7cda771795f3d","3642","2026-07-26T09:23:16Z"
"mevnet-3643-others","mevnet-3643","Others","3","3","0","Not published by MEVnet","Not published by MEVnet","Not published by MEVnet","Not published by MEVnet","PLANMalaysia MEVnet","https://portaldev.planmalaysia.gov.my/portal/apps/dashboards/bba366dc3d144510bfd7cda771795f3d","3643","2026-07-26T09:23:16Z"
"mevnet-3644-chargesini","mevnet-3644","ChargeSini","2","2","0","Not published by MEVnet","Not published by MEVnet","Not published by MEVnet","Not published by MEVnet","PLANMalaysia MEVnet","https://portaldev.planmalaysia.gov.my/portal/apps/dashboards/bba366dc3d144510bfd7cda771795f3d","3644","2026-07-26T09:23:16Z"
"mevnet-3645-chargesini","mevnet-3645","ChargeSini","3","3","0","Not published by MEVnet","Not published by MEVnet","Not published by MEVnet","Not published by MEVnet","PLANMalaysia MEVnet","https://portaldev.planmalaysia.gov.my/portal/apps/dashboards/bba366dc3d144510bfd7cda771795f3d","3645","2026-07-26T09:23:16Z"
"mevnet-3646-chargesini","mevnet-3646","ChargeSini","4","2","2","Not published by MEVnet","Not published by MEVnet","Not published by MEVnet","Not published by MEVnet","PLANMalaysia MEVnet","https://portaldev.planmalaysia.gov.my/portal/apps/dashboards/bba366dc3d144510bfd7cda771795f3d","3646","2026-07-26T09:23:16Z"
"mevnet-3647-others","mevnet-3647","Others","2","2","0","Not published by MEVnet","Not published by MEVnet","Not published by MEVnet","Not published by MEVnet","PLANMalaysia MEVnet","https://portaldev.planmalaysia.gov.my/portal/apps/dashboards/bba366dc3d144510bfd7cda771795f3d","3647","2026-07-26T09:23:16Z"
"mevnet-3648-chargesini","mevnet-3648","ChargeSini","2","0","2","Not published by MEVnet","Not published by MEVnet","Not published by MEVnet","Not published by MEVnet","PLANMalaysia MEVnet","https://portaldev.planmalaysia.gov.my/portal/apps/dashboards/bba366dc3d144510bfd7cda771795f3d","3648","2026-07-26T09:23:16Z"
"mevnet-3649-chargesini","mevnet-3649","ChargeSini","4","4","0","Not published by MEVnet","Not published by MEVnet","Not published by MEVnet","Not published by MEVnet","PLANMalaysia MEVnet","https://portaldev.planmalaysia.gov.my/portal/apps/dashboards/bba366dc3d144510bfd7cda771795f3d","3649","2026-07-26T09:23:16Z"
"mevnet-3650-chargesini","mevnet-3650","ChargeSini","2","2","0","Not published by MEVnet","Not published by MEVnet","Not published by MEVnet","Not published by MEVnet","PLANMalaysia MEVnet","https://portaldev.planmalaysia.gov.my/portal/apps/dashboards/bba366dc3d144510bfd7cda771795f3d","3650","2026-07-26T09:23:16Z"
"mevnet-3651-chargesini","mevnet-3651","ChargeSini","2","2","0","Not published by MEVnet","Not published by MEVnet","Not published by MEVnet","Not published by MEVnet","PLANMalaysia MEVnet","https://portaldev.planmalaysia.gov.my/portal/apps/dashboards/bba366dc3d144510bfd7cda771795f3d","3651","2026-07-26T09:23:16Z"
"mevnet-3653-chargesini","mevnet-3653","ChargeSini","2","2","0","Not published by MEVnet","Not published by MEVnet","Not published by MEVnet","Not published by MEVnet","PLANMalaysia MEVnet","https://portaldev.planmalaysia.gov.my/portal/apps/dashboards/bba366dc3d144510bfd7cda771795f3d","3653","2026-07-26T09:23:16Z"
"mevnet-3654-chargesini","mevnet-3654","ChargeSini","4","4","0","Not published by MEVnet","Not published by MEVnet","Not published by MEVnet","Not published by MEVnet","PLANMalaysia MEVnet","https://portaldev.planmalaysia.gov.my/portal/apps/dashboards/bba366dc3d144510bfd7cda771795f3d","3654","2026-07-26T09:23:16Z"
"mevnet-3655-chargesini","mevnet-3655","ChargeSini","4","2","2","Not published by MEVnet","Not published by MEVnet","Not published by MEVnet","Not published by MEVnet","PLANMalaysia MEVnet","https://portaldev.planmalaysia.gov.my/portal/apps/dashboards/bba366dc3d144510bfd7cda771795f3d","3655","2026-07-26T09:23:16Z"
"mevnet-3656-chargesini","mevnet-3656","ChargeSini","4","2","2","Not published by MEVnet","Not published by MEVnet","Not published by MEVnet","Not published by MEVnet","PLANMalaysia MEVnet","https://portaldev.planmalaysia.gov.my/portal/apps/dashboards/bba366dc3d144510bfd7cda771795f3d","3656","2026-07-26T09:23:16Z"
"mevnet-3657-jomcharge","mevnet-3657","JomCharge","3","2","1","Not published by MEVnet","Not published by MEVnet","Not published by MEVnet","Not published by MEVnet","PLANMalaysia MEVnet","https://portaldev.planmalaysia.gov.my/portal/apps/dashboards/bba366dc3d144510bfd7cda771795f3d","3657","2026-07-26T09:23:16Z"
"mevnet-3658-gentari","mevnet-3658","Gentari","3","3","0","Not published by MEVnet","Not published by MEVnet","Not published by MEVnet","Not published by MEVnet","PLANMalaysia MEVnet","https://portaldev.planmalaysia.gov.my/portal/apps/dashboards/bba366dc3d144510bfd7cda771795f3d","3658","2026-07-26T09:23:16Z"
"mevnet-3659-chargesini","mevnet-3659","ChargeSini","2","2","0","Not published by MEVnet","Not published by MEVnet","Not published by MEVnet","Not published by MEVnet","PLANMalaysia MEVnet","https://portaldev.planmalaysia.gov.my/portal/apps/dashboards/bba366dc3d144510bfd7cda771795f3d","3659","2026-07-26T09:23:16Z"
"mevnet-3661-jomcharge","mevnet-3661","JomCharge","1","0","1","Not published by MEVnet","Not published by MEVnet","Not published by MEVnet","Not published by MEVnet","PLANMalaysia MEVnet","https://portaldev.planmalaysia.gov.my/portal/apps/dashboards/bba366dc3d144510bfd7cda771795f3d","3661","2026-07-26T09:23:16Z"
"mevnet-3662-chargesini","mevnet-3662","ChargeSini","2","0","2","Not published by MEVnet","Not published by MEVnet","Not published by MEVnet","Not published by MEVnet","PLANMalaysia MEVnet","https://portaldev.planmalaysia.gov.my/portal/apps/dashboards/bba366dc3d144510bfd7cda771795f3d","3662","2026-07-26T09:23:16Z"
"mevnet-3663-chargesini","mevnet-3663","ChargeSini","2","3","0","Not published by MEVnet","Not published by MEVnet","Not published by MEVnet","Not published by MEVnet","PLANMalaysia MEVnet","https://portaldev.planmalaysia.gov.my/portal/apps/dashboards/bba366dc3d144510bfd7cda771795f3d","3663","2026-07-26T09:23:16Z"
"mevnet-3663-others","mevnet-3663","Others","1","3","0","Not published by MEVnet","Not published by MEVnet","Not published by MEVnet","Not published by MEVnet","PLANMalaysia MEVnet","https://portaldev.planmalaysia.gov.my/portal/apps/dashboards/bba366dc3d144510bfd7cda771795f3d","3663","2026-07-26T09:23:16Z"
"mevnet-3664-others","mevnet-3664","Others","3","3","0","Not published by MEVnet","Not published by MEVnet","Not published by MEVnet","Not published by MEVnet","PLANMalaysia MEVnet","https://portaldev.planmalaysia.gov.my/portal/apps/dashboards/bba366dc3d144510bfd7cda771795f3d","3664","2026-07-26T09:23:16Z"
"mevnet-3665-zap","mevnet-3665","Zap","2","2","0","Not published by MEVnet","Not published by MEVnet","Not published by MEVnet","Not published by MEVnet","PLANMalaysia MEVnet","https://portaldev.planmalaysia.gov.my/portal/apps/dashboards/bba366dc3d144510bfd7cda771795f3d","3665","2026-07-26T09:23:16Z"
"mevnet-3666-others","mevnet-3666","Others","1","1","0","Not published by MEVnet","Not published by MEVnet","Not published by MEVnet","Not published by MEVnet","PLANMalaysia MEVnet","https://portaldev.planmalaysia.gov.my/portal/apps/dashboards/bba366dc3d144510bfd7cda771795f3d","3666","2026-07-26T09:23:16Z"
"mevnet-3667-tnbx-gotou-","mevnet-3667","TNBX (GoToU)","2","0","2","Not published by MEVnet","Not published by MEVnet","Not published by MEVnet","Not published by MEVnet","PLANMalaysia MEVnet","https://portaldev.planmalaysia.gov.my/portal/apps/dashboards/bba366dc3d144510bfd7cda771795f3d","3667","2026-07-26T09:23:16Z"
"mevnet-3668-gotou","mevnet-3668","GoToU","1","1","0","Not published by MEVnet","Not published by MEVnet","Not published by MEVnet","Not published by MEVnet","PLANMalaysia MEVnet","https://portaldev.planmalaysia.gov.my/portal/apps/dashboards/bba366dc3d144510bfd7cda771795f3d","3668","2026-07-26T09:23:16Z"
"mevnet-3669-flexi-parking","mevnet-3669","Flexi Parking","3","3","0","Not published by MEVnet","Not published by MEVnet","Not published by MEVnet","Not published by MEVnet","PLANMalaysia MEVnet","https://portaldev.planmalaysia.gov.my/portal/apps/dashboards/bba366dc3d144510bfd7cda771795f3d","3669","2026-07-26T09:23:16Z"
"mevnet-3670-flexi-parking","mevnet-3670","Flexi Parking","3","3","0","Not published by MEVnet","Not published by MEVnet","Not published by MEVnet","Not published by MEVnet","PLANMalaysia MEVnet","https://portaldev.planmalaysia.gov.my/portal/apps/dashboards/bba366dc3d144510bfd7cda771795f3d","3670","2026-07-26T09:23:16Z"
"mevnet-3671-flexi-parking","mevnet-3671","Flexi Parking","2","2","0","Not published by MEVnet","Not published by MEVnet","Not published by MEVnet","Not published by MEVnet","PLANMalaysia MEVnet","https://portaldev.planmalaysia.gov.my/portal/apps/dashboards/bba366dc3d144510bfd7cda771795f3d","3671","2026-07-26T09:23:16Z"
"mevnet-3672-flexi-parking","mevnet-3672","Flexi Parking","4","4","2","Not published by MEVnet","Not published by MEVnet","Not published by MEVnet","Not published by MEVnet","PLANMalaysia MEVnet","https://portaldev.planmalaysia.gov.my/portal/apps/dashboards/bba366dc3d144510bfd7cda771795f3d","3672","2026-07-26T09:23:16Z"
"mevnet-3672-others","mevnet-3672","Others","2","4","2","Not published by MEVnet","Not published by MEVnet","Not published by MEVnet","Not published by MEVnet","PLANMalaysia MEVnet","https://portaldev.planmalaysia.gov.my/portal/apps/dashboards/bba366dc3d144510bfd7cda771795f3d","3672","2026-07-26T09:23:16Z"
"mevnet-3673-flexi-parking","mevnet-3673","Flexi Parking","2","2","0","Not published by MEVnet","Not published by MEVnet","Not published by MEVnet","Not published by MEVnet","PLANMalaysia MEVnet","https://portaldev.planmalaysia.gov.my/portal/apps/dashboards/bba366dc3d144510bfd7cda771795f3d","3673","2026-07-26T09:23:16Z"
"mevnet-3674-flexi-parking","mevnet-3674","Flexi Parking","3","3","0","Not published by MEVnet","Not published by MEVnet","Not published by MEVnet","Not published by MEVnet","PLANMalaysia MEVnet","https://portaldev.planmalaysia.gov.my/portal/apps/dashboards/bba366dc3d144510bfd7cda771795f3d","3674","2026-07-26T09:23:16Z"
"mevnet-3675-flexi-parking","mevnet-3675","Flexi Parking","3","3","0","Not published by MEVnet","Not published by MEVnet","Not published by MEVnet","Not published by MEVnet","PLANMalaysia MEVnet","https://portaldev.planmalaysia.gov.my/portal/apps/dashboards/bba366dc3d144510bfd7cda771795f3d","3675","2026-07-26T09:23:16Z"
"mevnet-3676-flexi-parking","mevnet-3676","Flexi Parking","2","2","0","Not published by MEVnet","Not published by MEVnet","Not published by MEVnet","Not published by MEVnet","PLANMalaysia MEVnet","https://portaldev.planmalaysia.gov.my/portal/apps/dashboards/bba366dc3d144510bfd7cda771795f3d","3676","2026-07-26T09:23:16Z"
"mevnet-3678-flexi-parking","mevnet-3678","Flexi Parking","2","2","0","Not published by MEVnet","Not published by MEVnet","Not published by MEVnet","Not published by MEVnet","PLANMalaysia MEVnet","https://portaldev.planmalaysia.gov.my/portal/apps/dashboards/bba366dc3d144510bfd7cda771795f3d","3678","2026-07-26T09:23:16Z"
"mevnet-3679-chargev","mevnet-3679","chargEV","2","0","2","Not published by MEVnet","Not published by MEVnet","Not published by MEVnet","Not published by MEVnet","PLANMalaysia MEVnet","https://portaldev.planmalaysia.gov.my/portal/apps/dashboards/bba366dc3d144510bfd7cda771795f3d","3679","2026-07-26T09:23:16Z"
"mevnet-3680-chargev","mevnet-3680","chargEV","3","3","0","Not published by MEVnet","Not published by MEVnet","Not published by MEVnet","Not published by MEVnet","PLANMalaysia MEVnet","https://portaldev.planmalaysia.gov.my/portal/apps/dashboards/bba366dc3d144510bfd7cda771795f3d","3680","2026-07-26T09:23:16Z"
"mevnet-3681-chargev","mevnet-3681","chargEV","2","0","2","Not published by MEVnet","Not published by MEVnet","Not published by MEVnet","Not published by MEVnet","PLANMalaysia MEVnet","https://portaldev.planmalaysia.gov.my/portal/apps/dashboards/bba366dc3d144510bfd7cda771795f3d","3681","2026-07-26T09:23:16Z"
"mevnet-3682-flexi-parking","mevnet-3682","Flexi Parking","2","4","4","Not published by MEVnet","Not published by MEVnet","Not published by MEVnet","Not published by MEVnet","PLANMalaysia MEVnet","https://portaldev.planmalaysia.gov.my/portal/apps/dashboards/bba366dc3d144510bfd7cda771795f3d","3682","2026-07-26T09:23:16Z"
"mevnet-3682-others","mevnet-3682","Others","6","4","4","Not published by MEVnet","Not published by MEVnet","Not published by MEVnet","Not published by MEVnet","PLANMalaysia MEVnet","https://portaldev.planmalaysia.gov.my/portal/apps/dashboards/bba366dc3d144510bfd7cda771795f3d","3682","2026-07-26T09:23:16Z"
"mevnet-3683-schneider","mevnet-3683","Schneider","2","0","2","Not published by MEVnet","Not published by MEVnet","Not published by MEVnet","Not published by MEVnet","PLANMalaysia MEVnet","https://portaldev.planmalaysia.gov.my/portal/apps/dashboards/bba366dc3d144510bfd7cda771795f3d","3683","2026-07-26T09:23:16Z"
"mevnet-3684-jomcharge","mevnet-3684","JomCharge","3","3","0","Not published by MEVnet","Not published by MEVnet","Not published by MEVnet","Not published by MEVnet","PLANMalaysia MEVnet","https://portaldev.planmalaysia.gov.my/portal/apps/dashboards/bba366dc3d144510bfd7cda771795f3d","3684","2026-07-26T09:23:16Z"
"mevnet-3685-jomcharge","mevnet-3685","JomCharge","4","4","0","Not published by MEVnet","Not published by MEVnet","Not published by MEVnet","Not published by MEVnet","PLANMalaysia MEVnet","https://portaldev.planmalaysia.gov.my/portal/apps/dashboards/bba366dc3d144510bfd7cda771795f3d","3685","2026-07-26T09:23:16Z"
"mevnet-3686-gentari","mevnet-3686","Gentari","4","0","4","Not published by MEVnet","Not published by MEVnet","Not published by MEVnet","Not published by MEVnet","PLANMalaysia MEVnet","https://portaldev.planmalaysia.gov.my/portal/apps/dashboards/bba366dc3d144510bfd7cda771795f3d","3686","2026-07-26T09:23:16Z"
"mevnet-3688-chargesini","mevnet-3688","ChargeSini","3","1","2","Not published by MEVnet","Not published by MEVnet","Not published by MEVnet","Not published by MEVnet","PLANMalaysia MEVnet","https://portaldev.planmalaysia.gov.my/portal/apps/dashboards/bba366dc3d144510bfd7cda771795f3d","3688","2026-07-26T09:23:16Z"
"mevnet-3689-chargesini","mevnet-3689","ChargeSini","2","2","0","Not published by MEVnet","Not published by MEVnet","Not published by MEVnet","Not published by MEVnet","PLANMalaysia MEVnet","https://portaldev.planmalaysia.gov.my/portal/apps/dashboards/bba366dc3d144510bfd7cda771795f3d","3689","2026-07-26T09:23:16Z"
"mevnet-3690-chargesini","mevnet-3690","ChargeSini","4","4","0","Not published by MEVnet","Not published by MEVnet","Not published by MEVnet","Not published by MEVnet","PLANMalaysia MEVnet","https://portaldev.planmalaysia.gov.my/portal/apps/dashboards/bba366dc3d144510bfd7cda771795f3d","3690","2026-07-26T09:23:16Z"
"mevnet-3691-chargesini","mevnet-3691","ChargeSini","5","5","0","Not published by MEVnet","Not published by MEVnet","Not published by MEVnet","Not published by MEVnet","PLANMalaysia MEVnet","https://portaldev.planmalaysia.gov.my/portal/apps/dashboards/bba366dc3d144510bfd7cda771795f3d","3691","2026-07-26T09:23:16Z"
"mevnet-3694-chargesini","mevnet-3694","ChargeSini","4","4","0","Not published by MEVnet","Not published by MEVnet","Not published by MEVnet","Not published by MEVnet","PLANMalaysia MEVnet","https://portaldev.planmalaysia.gov.my/portal/apps/dashboards/bba366dc3d144510bfd7cda771795f3d","3694","2026-07-26T09:23:16Z"
"mevnet-3695-chargesini","mevnet-3695","ChargeSini","3","3","0","Not published by MEVnet","Not published by MEVnet","Not published by MEVnet","Not published by MEVnet","PLANMalaysia MEVnet","https://portaldev.planmalaysia.gov.my/portal/apps/dashboards/bba366dc3d144510bfd7cda771795f3d","3695","2026-07-26T09:23:16Z"
"mevnet-3696-chargesini","mevnet-3696","ChargeSini","1","1","0","Not published by MEVnet","Not published by MEVnet","Not published by MEVnet","Not published by MEVnet","PLANMalaysia MEVnet","https://portaldev.planmalaysia.gov.my/portal/apps/dashboards/bba366dc3d144510bfd7cda771795f3d","3696","2026-07-26T09:23:16Z"
"mevnet-3697-chargesini","mevnet-3697","ChargeSini","2","2","0","Not published by MEVnet","Not published by MEVnet","Not published by MEVnet","Not published by MEVnet","PLANMalaysia MEVnet","https://portaldev.planmalaysia.gov.my/portal/apps/dashboards/bba366dc3d144510bfd7cda771795f3d","3697","2026-07-26T09:23:16Z"
"mevnet-3698-others","mevnet-3698","Others","2","0","2","Not published by MEVnet","Not published by MEVnet","Not published by MEVnet","Not published by MEVnet","PLANMalaysia MEVnet","https://portaldev.planmalaysia.gov.my/portal/apps/dashboards/bba366dc3d144510bfd7cda771795f3d","3698","2026-07-26T09:23:16Z"
"mevnet-3699-others","mevnet-3699","Others","2","0","2","Not published by MEVnet","Not published by MEVnet","Not published by MEVnet","Not published by MEVnet","PLANMalaysia MEVnet","https://portaldev.planmalaysia.gov.my/portal/apps/dashboards/bba366dc3d144510bfd7cda771795f3d","3699","2026-07-26T09:23:16Z"
"mevnet-3700-others","mevnet-3700","Others","2","2","0","Not published by MEVnet","Not published by MEVnet","Not published by MEVnet","Not published by MEVnet","PLANMalaysia MEVnet","https://portaldev.planmalaysia.gov.my/portal/apps/dashboards/bba366dc3d144510bfd7cda771795f3d","3700","2026-07-26T09:23:16Z"
"mevnet-3702-others","mevnet-3702","Others","2","2","0","Not published by MEVnet","Not published by MEVnet","Not published by MEVnet","Not published by MEVnet","PLANMalaysia MEVnet","https://portaldev.planmalaysia.gov.my/portal/apps/dashboards/bba366dc3d144510bfd7cda771795f3d","3702","2026-07-26T09:23:16Z"
"mevnet-3703-others","mevnet-3703","Others","2","0","2","Not published by MEVnet","Not published by MEVnet","Not published by MEVnet","Not published by MEVnet","PLANMalaysia MEVnet","https://portaldev.planmalaysia.gov.my/portal/apps/dashboards/bba366dc3d144510bfd7cda771795f3d","3703","2026-07-26T09:23:16Z"
"mevnet-3704-mini","mevnet-3704","MINI","3","6","0","Not published by MEVnet","Not published by MEVnet","Not published by MEVnet","Not published by MEVnet","PLANMalaysia MEVnet","https://portaldev.planmalaysia.gov.my/portal/apps/dashboards/bba366dc3d144510bfd7cda771795f3d","3704","2026-07-26T09:23:16Z"
"mevnet-3704-others","mevnet-3704","Others","3","6","0","Not published by MEVnet","Not published by MEVnet","Not published by MEVnet","Not published by MEVnet","PLANMalaysia MEVnet","https://portaldev.planmalaysia.gov.my/portal/apps/dashboards/bba366dc3d144510bfd7cda771795f3d","3704","2026-07-26T09:23:16Z"
"mevnet-3706-others","mevnet-3706","Others","3","3","0","Not published by MEVnet","Not published by MEVnet","Not published by MEVnet","Not published by MEVnet","PLANMalaysia MEVnet","https://portaldev.planmalaysia.gov.my/portal/apps/dashboards/bba366dc3d144510bfd7cda771795f3d","3706","2026-07-26T09:23:16Z"
"mevnet-3707-others","mevnet-3707","Others","1","1","0","Not published by MEVnet","Not published by MEVnet","Not published by MEVnet","Not published by MEVnet","PLANMalaysia MEVnet","https://portaldev.planmalaysia.gov.my/portal/apps/dashboards/bba366dc3d144510bfd7cda771795f3d","3707","2026-07-26T09:23:16Z"
"mevnet-3708-others","mevnet-3708","Others","1","1","0","Not published by MEVnet","Not published by MEVnet","Not published by MEVnet","Not published by MEVnet","PLANMalaysia MEVnet","https://portaldev.planmalaysia.gov.my/portal/apps/dashboards/bba366dc3d144510bfd7cda771795f3d","3708","2026-07-26T09:23:16Z"
"mevnet-3709-parkeasy","mevnet-3709","ParkEasy","3","3","0","Not published by MEVnet","Not published by MEVnet","Not published by MEVnet","Not published by MEVnet","PLANMalaysia MEVnet","https://portaldev.planmalaysia.gov.my/portal/apps/dashboards/bba366dc3d144510bfd7cda771795f3d","3709","2026-07-26T09:23:16Z"
"mevnet-3710-others","mevnet-3710","Others","2","2","0","Not published by MEVnet","Not published by MEVnet","Not published by MEVnet","Not published by MEVnet","PLANMalaysia MEVnet","https://portaldev.planmalaysia.gov.my/portal/apps/dashboards/bba366dc3d144510bfd7cda771795f3d","3710","2026-07-26T09:23:16Z"
"mevnet-3711-mini","mevnet-3711","MINI","2","0","2","Not published by MEVnet","Not published by MEVnet","Not published by MEVnet","Not published by MEVnet","PLANMalaysia MEVnet","https://portaldev.planmalaysia.gov.my/portal/apps/dashboards/bba366dc3d144510bfd7cda771795f3d","3711","2026-07-26T09:23:16Z"
"mevnet-3712-flexi-parking","mevnet-3712","Flexi Parking","2","2","0","Not published by MEVnet","Not published by MEVnet","Not published by MEVnet","Not published by MEVnet","PLANMalaysia MEVnet","https://portaldev.planmalaysia.gov.my/portal/apps/dashboards/bba366dc3d144510bfd7cda771795f3d","3712","2026-07-26T09:23:16Z"
"mevnet-3713-others","mevnet-3713","Others","2","1","1","Not published by MEVnet","Not published by MEVnet","Not published by MEVnet","Not published by MEVnet","PLANMalaysia MEVnet","https://portaldev.planmalaysia.gov.my/portal/apps/dashboards/bba366dc3d144510bfd7cda771795f3d","3713","2026-07-26T09:23:16Z"
"mevnet-3714-flexi-parking","mevnet-3714","Flexi Parking","1","1","0","Not published by MEVnet","Not published by MEVnet","Not published by MEVnet","Not published by MEVnet","PLANMalaysia MEVnet","https://portaldev.planmalaysia.gov.my/portal/apps/dashboards/bba366dc3d144510bfd7cda771795f3d","3714","2026-07-26T09:23:16Z"
"mevnet-3715-others","mevnet-3715","Others","3","3","0","Not published by MEVnet","Not published by MEVnet","Not published by MEVnet","Not published by MEVnet","PLANMalaysia MEVnet","https://portaldev.planmalaysia.gov.my/portal/apps/dashboards/bba366dc3d144510bfd7cda771795f3d","3715","2026-07-26T09:23:16Z"
"mevnet-3716-jomcharge","mevnet-3716","JomCharge","2","0","4","Not published by MEVnet","Not published by MEVnet","Not published by MEVnet","Not published by MEVnet","PLANMalaysia MEVnet","https://portaldev.planmalaysia.gov.my/portal/apps/dashboards/bba366dc3d144510bfd7cda771795f3d","3716","2026-07-26T09:23:16Z"
"mevnet-3716-others","mevnet-3716","Others","2","0","4","Not published by MEVnet","Not published by MEVnet","Not published by MEVnet","Not published by MEVnet","PLANMalaysia MEVnet","https://portaldev.planmalaysia.gov.my/portal/apps/dashboards/bba366dc3d144510bfd7cda771795f3d","3716","2026-07-26T09:23:16Z"
"mevnet-3717-others","mevnet-3717","Others","1","1","0","Not published by MEVnet","Not published by MEVnet","Not published by MEVnet","Not published by MEVnet","PLANMalaysia MEVnet","https://portaldev.planmalaysia.gov.my/portal/apps/dashboards/bba366dc3d144510bfd7cda771795f3d","3717","2026-07-26T09:23:16Z"
"mevnet-3718-others","mevnet-3718","Others","1","1","0","Not published by MEVnet","Not published by MEVnet","Not published by MEVnet","Not published by MEVnet","PLANMalaysia MEVnet","https://portaldev.planmalaysia.gov.my/portal/apps/dashboards/bba366dc3d144510bfd7cda771795f3d","3718","2026-07-26T09:23:16Z"
"mevnet-3719-jomcharge","mevnet-3719","JomCharge","4","2","2","Not published by MEVnet","Not published by MEVnet","Not published by MEVnet","Not published by MEVnet","PLANMalaysia MEVnet","https://portaldev.planmalaysia.gov.my/portal/apps/dashboards/bba366dc3d144510bfd7cda771795f3d","3719","2026-07-26T09:23:16Z"
"mevnet-3720-others","mevnet-3720","Others","2","2","0","Not published by MEVnet","Not published by MEVnet","Not published by MEVnet","Not published by MEVnet","PLANMalaysia MEVnet","https://portaldev.planmalaysia.gov.my/portal/apps/dashboards/bba366dc3d144510bfd7cda771795f3d","3720","2026-07-26T09:23:16Z"
"mevnet-3721-others","mevnet-3721","Others","2","2","0","Not published by MEVnet","Not published by MEVnet","Not published by MEVnet","Not published by MEVnet","PLANMalaysia MEVnet","https://portaldev.planmalaysia.gov.my/portal/apps/dashboards/bba366dc3d144510bfd7cda771795f3d","3721","2026-07-26T09:23:16Z"
"mevnet-3722-others","mevnet-3722","Others","2","2","0","Not published by MEVnet","Not published by MEVnet","Not published by MEVnet","Not published by MEVnet","PLANMalaysia MEVnet","https://portaldev.planmalaysia.gov.my/portal/apps/dashboards/bba366dc3d144510bfd7cda771795f3d","3722","2026-07-26T09:23:16Z"
"mevnet-3723-chargesini","mevnet-3723","ChargeSini","4","4","0","Not published by MEVnet","Not published by MEVnet","Not published by MEVnet","Not published by MEVnet","PLANMalaysia MEVnet","https://portaldev.planmalaysia.gov.my/portal/apps/dashboards/bba366dc3d144510bfd7cda771795f3d","3723","2026-07-26T09:23:16Z"
"mevnet-3724-others","mevnet-3724","Others","2","2","0","Not published by MEVnet","Not published by MEVnet","Not published by MEVnet","Not published by MEVnet","PLANMalaysia MEVnet","https://portaldev.planmalaysia.gov.my/portal/apps/dashboards/bba366dc3d144510bfd7cda771795f3d","3724","2026-07-26T09:23:16Z"
"mevnet-3725-jomcharge","mevnet-3725","JomCharge","4","2","4","Not published by MEVnet","Not published by MEVnet","Not published by MEVnet","Not published by MEVnet","PLANMalaysia MEVnet","https://portaldev.planmalaysia.gov.my/portal/apps/dashboards/bba366dc3d144510bfd7cda771795f3d","3725","2026-07-26T09:23:16Z"
"mevnet-3725-others","mevnet-3725","Others","2","2","4","Not published by MEVnet","Not published by MEVnet","Not published by MEVnet","Not published by MEVnet","PLANMalaysia MEVnet","https://portaldev.planmalaysia.gov.my/portal/apps/dashboards/bba366dc3d144510bfd7cda771795f3d","3725","2026-07-26T09:23:16Z"
"mevnet-3726-gentari","mevnet-3726","Gentari","2","0","2","Not published by MEVnet","Not published by MEVnet","Not published by MEVnet","Not published by MEVnet","PLANMalaysia MEVnet","https://portaldev.planmalaysia.gov.my/portal/apps/dashboards/bba366dc3d144510bfd7cda771795f3d","3726","2026-07-26T09:23:16Z"
"mevnet-3727-shell-recharge","mevnet-3727","Shell Recharge","2","0","2","Not published by MEVnet","Not published by MEVnet","Not published by MEVnet","Not published by MEVnet","PLANMalaysia MEVnet","https://portaldev.planmalaysia.gov.my/portal/apps/dashboards/bba366dc3d144510bfd7cda771795f3d","3727","2026-07-26T09:23:16Z"
"mevnet-3728-others","mevnet-3728","Others","9","0","9","Not published by MEVnet","Not published by MEVnet","Not published by MEVnet","Not published by MEVnet","PLANMalaysia MEVnet","https://portaldev.planmalaysia.gov.my/portal/apps/dashboards/bba366dc3d144510bfd7cda771795f3d","3728","2026-07-26T09:23:16Z"
"mevnet-3729-others","mevnet-3729","Others","2","2","0","Not published by MEVnet","Not published by MEVnet","Not published by MEVnet","Not published by MEVnet","PLANMalaysia MEVnet","https://portaldev.planmalaysia.gov.my/portal/apps/dashboards/bba366dc3d144510bfd7cda771795f3d","3729","2026-07-26T09:23:16Z"
"mevnet-3730-chargev","mevnet-3730","chargEV","1","1","0","Not published by MEVnet","Not published by MEVnet","Not published by MEVnet","Not published by MEVnet","PLANMalaysia MEVnet","https://portaldev.planmalaysia.gov.my/portal/apps/dashboards/bba366dc3d144510bfd7cda771795f3d","3730","2026-07-26T09:23:16Z"
"mevnet-3731-chargev","mevnet-3731","chargEV","1","1","0","Not published by MEVnet","Not published by MEVnet","Not published by MEVnet","Not published by MEVnet","PLANMalaysia MEVnet","https://portaldev.planmalaysia.gov.my/portal/apps/dashboards/bba366dc3d144510bfd7cda771795f3d","3731","2026-07-26T09:23:16Z"
"mevnet-3732-chargev","mevnet-3732","chargEV","2","0","2","Not published by MEVnet","Not published by MEVnet","Not published by MEVnet","Not published by MEVnet","PLANMalaysia MEVnet","https://portaldev.planmalaysia.gov.my/portal/apps/dashboards/bba366dc3d144510bfd7cda771795f3d","3732","2026-07-26T09:23:16Z"
"mevnet-3733-chargev","mevnet-3733","chargEV","2","2","0","Not published by MEVnet","Not published by MEVnet","Not published by MEVnet","Not published by MEVnet","PLANMalaysia MEVnet","https://portaldev.planmalaysia.gov.my/portal/apps/dashboards/bba366dc3d144510bfd7cda771795f3d","3733","2026-07-26T09:23:16Z"
"mevnet-3734-others","mevnet-3734","Others","1","1","0","Not published by MEVnet","Not published by MEVnet","Not published by MEVnet","Not published by MEVnet","PLANMalaysia MEVnet","https://portaldev.planmalaysia.gov.my/portal/apps/dashboards/bba366dc3d144510bfd7cda771795f3d","3734","2026-07-26T09:23:16Z"
"mevnet-3735-others","mevnet-3735","Others","1","1","0","Not published by MEVnet","Not published by MEVnet","Not published by MEVnet","Not published by MEVnet","PLANMalaysia MEVnet","https://portaldev.planmalaysia.gov.my/portal/apps/dashboards/bba366dc3d144510bfd7cda771795f3d","3735","2026-07-26T09:23:16Z"
"mevnet-3736-chargesini","mevnet-3736","ChargeSini","2","2","0","Not published by MEVnet","Not published by MEVnet","Not published by MEVnet","Not published by MEVnet","PLANMalaysia MEVnet","https://portaldev.planmalaysia.gov.my/portal/apps/dashboards/bba366dc3d144510bfd7cda771795f3d","3736","2026-07-26T09:23:16Z"
"mevnet-3737-kineta","mevnet-3737","Kineta","2","2","0","Not published by MEVnet","Not published by MEVnet","Not published by MEVnet","Not published by MEVnet","PLANMalaysia MEVnet","https://portaldev.planmalaysia.gov.my/portal/apps/dashboards/bba366dc3d144510bfd7cda771795f3d","3737","2026-07-26T09:23:16Z"
"mevnet-3738-gotou","mevnet-3738","GoToU","3","3","0","Not published by MEVnet","Not published by MEVnet","Not published by MEVnet","Not published by MEVnet","PLANMalaysia MEVnet","https://portaldev.planmalaysia.gov.my/portal/apps/dashboards/bba366dc3d144510bfd7cda771795f3d","3738","2026-07-26T09:23:16Z"
"mevnet-3739-chargev","mevnet-3739","chargEV","2","0","2","Not published by MEVnet","Not published by MEVnet","Not published by MEVnet","Not published by MEVnet","PLANMalaysia MEVnet","https://portaldev.planmalaysia.gov.my/portal/apps/dashboards/bba366dc3d144510bfd7cda771795f3d","3739","2026-07-26T09:23:16Z"
"mevnet-3740-gotou","mevnet-3740","GoToU","1","0","1","Not published by MEVnet","Not published by MEVnet","Not published by MEVnet","Not published by MEVnet","PLANMalaysia MEVnet","https://portaldev.planmalaysia.gov.my/portal/apps/dashboards/bba366dc3d144510bfd7cda771795f3d","3740","2026-07-26T09:23:16Z"
"mevnet-3749-flexi-parking","mevnet-3749","Flexi Parking","2","2","0","Not published by MEVnet","Not published by MEVnet","Not published by MEVnet","Not published by MEVnet","PLANMalaysia MEVnet","https://portaldev.planmalaysia.gov.my/portal/apps/dashboards/bba366dc3d144510bfd7cda771795f3d","3749","2026-07-26T09:23:16Z"
"mevnet-3750-flexi-parking","mevnet-3750","Flexi Parking","2","2","0","Not published by MEVnet","Not published by MEVnet","Not published by MEVnet","Not published by MEVnet","PLANMalaysia MEVnet","https://portaldev.planmalaysia.gov.my/portal/apps/dashboards/bba366dc3d144510bfd7cda771795f3d","3750","2026-07-26T09:23:16Z"
"mevnet-3751-flexi-parking","mevnet-3751","Flexi Parking","4","4","0","Not published by MEVnet","Not published by MEVnet","Not published by MEVnet","Not published by MEVnet","PLANMalaysia MEVnet","https://portaldev.planmalaysia.gov.my/portal/apps/dashboards/bba366dc3d144510bfd7cda771795f3d","3751","2026-07-26T09:23:16Z"
"mevnet-3752-flexi-parking","mevnet-3752","Flexi Parking","2","2","0","Not published by MEVnet","Not published by MEVnet","Not published by MEVnet","Not published by MEVnet","PLANMalaysia MEVnet","https://portaldev.planmalaysia.gov.my/portal/apps/dashboards/bba366dc3d144510bfd7cda771795f3d","3752","2026-07-26T09:23:16Z"
"mevnet-3753-chargesini","mevnet-3753","ChargeSini","2","2","0","Not published by MEVnet","Not published by MEVnet","Not published by MEVnet","Not published by MEVnet","PLANMalaysia MEVnet","https://portaldev.planmalaysia.gov.my/portal/apps/dashboards/bba366dc3d144510bfd7cda771795f3d","3753","2026-07-26T09:23:16Z"
"mevnet-3754-chargesini","mevnet-3754","ChargeSini","2","2","0","Not published by MEVnet","Not published by MEVnet","Not published by MEVnet","Not published by MEVnet","PLANMalaysia MEVnet","https://portaldev.planmalaysia.gov.my/portal/apps/dashboards/bba366dc3d144510bfd7cda771795f3d","3754","2026-07-26T09:23:16Z"
"mevnet-3755-others","mevnet-3755","Others","2","2","0","Not published by MEVnet","Not published by MEVnet","Not published by MEVnet","Not published by MEVnet","PLANMalaysia MEVnet","https://portaldev.planmalaysia.gov.my/portal/apps/dashboards/bba366dc3d144510bfd7cda771795f3d","3755","2026-07-26T09:23:16Z"
"mevnet-3756-chargesini","mevnet-3756","ChargeSini","4","4","0","Not published by MEVnet","Not published by MEVnet","Not published by MEVnet","Not published by MEVnet","PLANMalaysia MEVnet","https://portaldev.planmalaysia.gov.my/portal/apps/dashboards/bba366dc3d144510bfd7cda771795f3d","3756","2026-07-26T09:23:16Z"
"mevnet-3757-others","mevnet-3757","Others","2","2","0","Not published by MEVnet","Not published by MEVnet","Not published by MEVnet","Not published by MEVnet","PLANMalaysia MEVnet","https://portaldev.planmalaysia.gov.my/portal/apps/dashboards/bba366dc3d144510bfd7cda771795f3d","3757","2026-07-26T09:23:16Z"
"mevnet-3758-kineta","mevnet-3758","Kineta","1","1","0","Not published by MEVnet","Not published by MEVnet","Not published by MEVnet","Not published by MEVnet","PLANMalaysia MEVnet","https://portaldev.planmalaysia.gov.my/portal/apps/dashboards/bba366dc3d144510bfd7cda771795f3d","3758","2026-07-26T09:23:16Z"
"mevnet-3759-kineta","mevnet-3759","Kineta","2","2","0","Not published by MEVnet","Not published by MEVnet","Not published by MEVnet","Not published by MEVnet","PLANMalaysia MEVnet","https://portaldev.planmalaysia.gov.my/portal/apps/dashboards/bba366dc3d144510bfd7cda771795f3d","3759","2026-07-26T09:23:16Z"
"mevnet-3760-others","mevnet-3760","Others","1","1","0","Not published by MEVnet","Not published by MEVnet","Not published by MEVnet","Not published by MEVnet","PLANMalaysia MEVnet","https://portaldev.planmalaysia.gov.my/portal/apps/dashboards/bba366dc3d144510bfd7cda771795f3d","3760","2026-07-26T09:23:16Z"
"mevnet-3762-others","mevnet-3762","Others","2","0","2","Not published by MEVnet","Not published by MEVnet","Not published by MEVnet","Not published by MEVnet","PLANMalaysia MEVnet","https://portaldev.planmalaysia.gov.my/portal/apps/dashboards/bba366dc3d144510bfd7cda771795f3d","3762","2026-07-26T09:23:16Z"
"mevnet-3763-others","mevnet-3763","Others","2","0","2","Not published by MEVnet","Not published by MEVnet","Not published by MEVnet","Not published by MEVnet","PLANMalaysia MEVnet","https://portaldev.planmalaysia.gov.my/portal/apps/dashboards/bba366dc3d144510bfd7cda771795f3d","3763","2026-07-26T09:23:16Z"
"mevnet-3764-others","mevnet-3764","Others","8","0","8","Not published by MEVnet","Not published by MEVnet","Not published by MEVnet","Not published by MEVnet","PLANMalaysia MEVnet","https://portaldev.planmalaysia.gov.my/portal/apps/dashboards/bba366dc3d144510bfd7cda771795f3d","3764","2026-07-26T09:23:16Z"
"mevnet-3765-jomcharge","mevnet-3765","JomCharge","2","2","0","Not published by MEVnet","Not published by MEVnet","Not published by MEVnet","Not published by MEVnet","PLANMalaysia MEVnet","https://portaldev.planmalaysia.gov.my/portal/apps/dashboards/bba366dc3d144510bfd7cda771795f3d","3765","2026-07-26T09:23:16Z"
"mevnet-3766-others","mevnet-3766","Others","3","0","3","Not published by MEVnet","Not published by MEVnet","Not published by MEVnet","Not published by MEVnet","PLANMalaysia MEVnet","https://portaldev.planmalaysia.gov.my/portal/apps/dashboards/bba366dc3d144510bfd7cda771795f3d","3766","2026-07-26T09:23:16Z"
"mevnet-3767-others","mevnet-3767","Others","4","0","4","Not published by MEVnet","Not published by MEVnet","Not published by MEVnet","Not published by MEVnet","PLANMalaysia MEVnet","https://portaldev.planmalaysia.gov.my/portal/apps/dashboards/bba366dc3d144510bfd7cda771795f3d","3767","2026-07-26T09:23:16Z"
"mevnet-3768-others","mevnet-3768","Others","1","1","0","Not published by MEVnet","Not published by MEVnet","Not published by MEVnet","Not published by MEVnet","PLANMalaysia MEVnet","https://portaldev.planmalaysia.gov.my/portal/apps/dashboards/bba366dc3d144510bfd7cda771795f3d","3768","2026-07-26T09:23:16Z"
"mevnet-3769-others","mevnet-3769","Others","4","4","0","Not published by MEVnet","Not published by MEVnet","Not published by MEVnet","Not published by MEVnet","PLANMalaysia MEVnet","https://portaldev.planmalaysia.gov.my/portal/apps/dashboards/bba366dc3d144510bfd7cda771795f3d","3769","2026-07-26T09:23:16Z"
"mevnet-3771-gentari","mevnet-3771","Gentari","3","3","0","Not published by MEVnet","Not published by MEVnet","Not published by MEVnet","Not published by MEVnet","PLANMalaysia MEVnet","https://portaldev.planmalaysia.gov.my/portal/apps/dashboards/bba366dc3d144510bfd7cda771795f3d","3771","2026-07-26T09:23:16Z"
"mevnet-3772-gentari","mevnet-3772","Gentari","2","0","2","Not published by MEVnet","Not published by MEVnet","Not published by MEVnet","Not published by MEVnet","PLANMalaysia MEVnet","https://portaldev.planmalaysia.gov.my/portal/apps/dashboards/bba366dc3d144510bfd7cda771795f3d","3772","2026-07-26T09:23:16Z"
"mevnet-3773-gentari","mevnet-3773","Gentari","2","0","2","Not published by MEVnet","Not published by MEVnet","Not published by MEVnet","Not published by MEVnet","PLANMalaysia MEVnet","https://portaldev.planmalaysia.gov.my/portal/apps/dashboards/bba366dc3d144510bfd7cda771795f3d","3773","2026-07-26T09:23:16Z"
"mevnet-3774-gentari","mevnet-3774","Gentari","1","0","1","Not published by MEVnet","Not published by MEVnet","Not published by MEVnet","Not published by MEVnet","PLANMalaysia MEVnet","https://portaldev.planmalaysia.gov.my/portal/apps/dashboards/bba366dc3d144510bfd7cda771795f3d","3774","2026-07-26T09:23:16Z"
"mevnet-3775-gentari","mevnet-3775","Gentari","3","3","0","Not published by MEVnet","Not published by MEVnet","Not published by MEVnet","Not published by MEVnet","PLANMalaysia MEVnet","https://portaldev.planmalaysia.gov.my/portal/apps/dashboards/bba366dc3d144510bfd7cda771795f3d","3775","2026-07-26T09:23:16Z"
"mevnet-3776-gentari","mevnet-3776","Gentari","6","6","0","Not published by MEVnet","Not published by MEVnet","Not published by MEVnet","Not published by MEVnet","PLANMalaysia MEVnet","https://portaldev.planmalaysia.gov.my/portal/apps/dashboards/bba366dc3d144510bfd7cda771795f3d","3776","2026-07-26T09:23:16Z"
"mevnet-3777-gentari","mevnet-3777","Gentari","5","5","0","Not published by MEVnet","Not published by MEVnet","Not published by MEVnet","Not published by MEVnet","PLANMalaysia MEVnet","https://portaldev.planmalaysia.gov.my/portal/apps/dashboards/bba366dc3d144510bfd7cda771795f3d","3777","2026-07-26T09:23:16Z"
"mevnet-3778-jomcharge","mevnet-3778","JomCharge","2","2","0","Not published by MEVnet","Not published by MEVnet","Not published by MEVnet","Not published by MEVnet","PLANMalaysia MEVnet","https://portaldev.planmalaysia.gov.my/portal/apps/dashboards/bba366dc3d144510bfd7cda771795f3d","3778","2026-07-26T09:23:16Z"
"mevnet-3779-jomcharge","mevnet-3779","JomCharge","5","3","2","Not published by MEVnet","Not published by MEVnet","Not published by MEVnet","Not published by MEVnet","PLANMalaysia MEVnet","https://portaldev.planmalaysia.gov.my/portal/apps/dashboards/bba366dc3d144510bfd7cda771795f3d","3779","2026-07-26T09:23:16Z"
"mevnet-3780-chargesini","mevnet-3780","ChargeSini","2","0","2","Not published by MEVnet","Not published by MEVnet","Not published by MEVnet","Not published by MEVnet","PLANMalaysia MEVnet","https://portaldev.planmalaysia.gov.my/portal/apps/dashboards/bba366dc3d144510bfd7cda771795f3d","3780","2026-07-26T09:23:16Z"
"mevnet-3781-chargesini","mevnet-3781","ChargeSini","4","4","0","Not published by MEVnet","Not published by MEVnet","Not published by MEVnet","Not published by MEVnet","PLANMalaysia MEVnet","https://portaldev.planmalaysia.gov.my/portal/apps/dashboards/bba366dc3d144510bfd7cda771795f3d","3781","2026-07-26T09:23:16Z"
"mevnet-3782-chargesini","mevnet-3782","ChargeSini","3","3","0","Not published by MEVnet","Not published by MEVnet","Not published by MEVnet","Not published by MEVnet","PLANMalaysia MEVnet","https://portaldev.planmalaysia.gov.my/portal/apps/dashboards/bba366dc3d144510bfd7cda771795f3d","3782","2026-07-26T09:23:16Z"
"mevnet-3783-others","mevnet-3783","Others","4","4","0","Not published by MEVnet","Not published by MEVnet","Not published by MEVnet","Not published by MEVnet","PLANMalaysia MEVnet","https://portaldev.planmalaysia.gov.my/portal/apps/dashboards/bba366dc3d144510bfd7cda771795f3d","3783","2026-07-26T09:23:16Z"
"mevnet-3784-chargesini","mevnet-3784","ChargeSini","4","4","0","Not published by MEVnet","Not published by MEVnet","Not published by MEVnet","Not published by MEVnet","PLANMalaysia MEVnet","https://portaldev.planmalaysia.gov.my/portal/apps/dashboards/bba366dc3d144510bfd7cda771795f3d","3784","2026-07-26T09:23:16Z"
"mevnet-3785-others","mevnet-3785","Others","2","2","0","Not published by MEVnet","Not published by MEVnet","Not published by MEVnet","Not published by MEVnet","PLANMalaysia MEVnet","https://portaldev.planmalaysia.gov.my/portal/apps/dashboards/bba366dc3d144510bfd7cda771795f3d","3785","2026-07-26T09:23:16Z"
"mevnet-3787-chargesini","mevnet-3787","ChargeSini","4","4","0","Not published by MEVnet","Not published by MEVnet","Not published by MEVnet","Not published by MEVnet","PLANMalaysia MEVnet","https://portaldev.planmalaysia.gov.my/portal/apps/dashboards/bba366dc3d144510bfd7cda771795f3d","3787","2026-07-26T09:23:16Z"
"mevnet-3788-chargesini","mevnet-3788","ChargeSini","5","5","0","Not published by MEVnet","Not published by MEVnet","Not published by MEVnet","Not published by MEVnet","PLANMalaysia MEVnet","https://portaldev.planmalaysia.gov.my/portal/apps/dashboards/bba366dc3d144510bfd7cda771795f3d","3788","2026-07-26T09:23:16Z"
"mevnet-3789-chargesini","mevnet-3789","ChargeSini","4","4","0","Not published by MEVnet","Not published by MEVnet","Not published by MEVnet","Not published by MEVnet","PLANMalaysia MEVnet","https://portaldev.planmalaysia.gov.my/portal/apps/dashboards/bba366dc3d144510bfd7cda771795f3d","3789","2026-07-26T09:23:16Z"
"mevnet-3790-chargesini","mevnet-3790","ChargeSini","2","2","0","Not published by MEVnet","Not published by MEVnet","Not published by MEVnet","Not published by MEVnet","PLANMalaysia MEVnet","https://portaldev.planmalaysia.gov.my/portal/apps/dashboards/bba366dc3d144510bfd7cda771795f3d","3790","2026-07-26T09:23:16Z"
"mevnet-3791-chargesini","mevnet-3791","ChargeSini","2","2","0","Not published by MEVnet","Not published by MEVnet","Not published by MEVnet","Not published by MEVnet","PLANMalaysia MEVnet","https://portaldev.planmalaysia.gov.my/portal/apps/dashboards/bba366dc3d144510bfd7cda771795f3d","3791","2026-07-26T09:23:16Z"
"mevnet-3792-chargesini","mevnet-3792","ChargeSini","3","3","0","Not published by MEVnet","Not published by MEVnet","Not published by MEVnet","Not published by MEVnet","PLANMalaysia MEVnet","https://portaldev.planmalaysia.gov.my/portal/apps/dashboards/bba366dc3d144510bfd7cda771795f3d","3792","2026-07-26T09:23:16Z"
"mevnet-3793-chargesini","mevnet-3793","ChargeSini","3","3","0","Not published by MEVnet","Not published by MEVnet","Not published by MEVnet","Not published by MEVnet","PLANMalaysia MEVnet","https://portaldev.planmalaysia.gov.my/portal/apps/dashboards/bba366dc3d144510bfd7cda771795f3d","3793","2026-07-26T09:23:16Z"
"mevnet-3794-chargesini","mevnet-3794","ChargeSini","6","4","2","Not published by MEVnet","Not published by MEVnet","Not published by MEVnet","Not published by MEVnet","PLANMalaysia MEVnet","https://portaldev.planmalaysia.gov.my/portal/apps/dashboards/bba366dc3d144510bfd7cda771795f3d","3794","2026-07-26T09:23:16Z"
"mevnet-3795-chargesini","mevnet-3795","ChargeSini","4","4","0","Not published by MEVnet","Not published by MEVnet","Not published by MEVnet","Not published by MEVnet","PLANMalaysia MEVnet","https://portaldev.planmalaysia.gov.my/portal/apps/dashboards/bba366dc3d144510bfd7cda771795f3d","3795","2026-07-26T09:23:16Z"
"mevnet-3796-chargesini","mevnet-3796","ChargeSini","4","2","2","Not published by MEVnet","Not published by MEVnet","Not published by MEVnet","Not published by MEVnet","PLANMalaysia MEVnet","https://portaldev.planmalaysia.gov.my/portal/apps/dashboards/bba366dc3d144510bfd7cda771795f3d","3796","2026-07-26T09:23:16Z"
"mevnet-3797-chargesini","mevnet-3797","ChargeSini","2","2","0","Not published by MEVnet","Not published by MEVnet","Not published by MEVnet","Not published by MEVnet","PLANMalaysia MEVnet","https://portaldev.planmalaysia.gov.my/portal/apps/dashboards/bba366dc3d144510bfd7cda771795f3d","3797","2026-07-26T09:23:16Z"
"mevnet-3798-chargesini","mevnet-3798","ChargeSini","6","6","0","Not published by MEVnet","Not published by MEVnet","Not published by MEVnet","Not published by MEVnet","PLANMalaysia MEVnet","https://portaldev.planmalaysia.gov.my/portal/apps/dashboards/bba366dc3d144510bfd7cda771795f3d","3798","2026-07-26T09:23:16Z"
"mevnet-3799-chargesini","mevnet-3799","ChargeSini","6","6","0","Not published by MEVnet","Not published by MEVnet","Not published by MEVnet","Not published by MEVnet","PLANMalaysia MEVnet","https://portaldev.planmalaysia.gov.my/portal/apps/dashboards/bba366dc3d144510bfd7cda771795f3d","3799","2026-07-26T09:23:16Z"
"mevnet-3800-chargesini","mevnet-3800","ChargeSini","7","7","0","Not published by MEVnet","Not published by MEVnet","Not published by MEVnet","Not published by MEVnet","PLANMalaysia MEVnet","https://portaldev.planmalaysia.gov.my/portal/apps/dashboards/bba366dc3d144510bfd7cda771795f3d","3800","2026-07-26T09:23:16Z"
"mevnet-3801-chargesini","mevnet-3801","ChargeSini","4","4","0","Not published by MEVnet","Not published by MEVnet","Not published by MEVnet","Not published by MEVnet","PLANMalaysia MEVnet","https://portaldev.planmalaysia.gov.my/portal/apps/dashboards/bba366dc3d144510bfd7cda771795f3d","3801","2026-07-26T09:23:16Z"
"mevnet-3802-chargesini","mevnet-3802","ChargeSini","1","0","1","Not published by MEVnet","Not published by MEVnet","Not published by MEVnet","Not published by MEVnet","PLANMalaysia MEVnet","https://portaldev.planmalaysia.gov.my/portal/apps/dashboards/bba366dc3d144510bfd7cda771795f3d","3802","2026-07-26T09:23:16Z"
"mevnet-3803-chargesini","mevnet-3803","ChargeSini","6","6","0","Not published by MEVnet","Not published by MEVnet","Not published by MEVnet","Not published by MEVnet","PLANMalaysia MEVnet","https://portaldev.planmalaysia.gov.my/portal/apps/dashboards/bba366dc3d144510bfd7cda771795f3d","3803","2026-07-26T09:23:16Z"
"mevnet-3804-chargesini","mevnet-3804","ChargeSini","2","2","0","Not published by MEVnet","Not published by MEVnet","Not published by MEVnet","Not published by MEVnet","PLANMalaysia MEVnet","https://portaldev.planmalaysia.gov.my/portal/apps/dashboards/bba366dc3d144510bfd7cda771795f3d","3804","2026-07-26T09:23:16Z"
"mevnet-3805-chargesini","mevnet-3805","ChargeSini","2","2","0","Not published by MEVnet","Not published by MEVnet","Not published by MEVnet","Not published by MEVnet","PLANMalaysia MEVnet","https://portaldev.planmalaysia.gov.my/portal/apps/dashboards/bba366dc3d144510bfd7cda771795f3d","3805","2026-07-26T09:23:16Z"
"mevnet-3806-chargesini","mevnet-3806","ChargeSini","3","3","0","Not published by MEVnet","Not published by MEVnet","Not published by MEVnet","Not published by MEVnet","PLANMalaysia MEVnet","https://portaldev.planmalaysia.gov.my/portal/apps/dashboards/bba366dc3d144510bfd7cda771795f3d","3806","2026-07-26T09:23:16Z"
"mevnet-3807-chargesini","mevnet-3807","ChargeSini","9","9","0","Not published by MEVnet","Not published by MEVnet","Not published by MEVnet","Not published by MEVnet","PLANMalaysia MEVnet","https://portaldev.planmalaysia.gov.my/portal/apps/dashboards/bba366dc3d144510bfd7cda771795f3d","3807","2026-07-26T09:23:16Z"
"mevnet-3808-chargesini","mevnet-3808","ChargeSini","4","4","0","Not published by MEVnet","Not published by MEVnet","Not published by MEVnet","Not published by MEVnet","PLANMalaysia MEVnet","https://portaldev.planmalaysia.gov.my/portal/apps/dashboards/bba366dc3d144510bfd7cda771795f3d","3808","2026-07-26T09:23:16Z"
"mevnet-3809-chargesini","mevnet-3809","ChargeSini","4","4","0","Not published by MEVnet","Not published by MEVnet","Not published by MEVnet","Not published by MEVnet","PLANMalaysia MEVnet","https://portaldev.planmalaysia.gov.my/portal/apps/dashboards/bba366dc3d144510bfd7cda771795f3d","3809","2026-07-26T09:23:16Z"
"mevnet-3810-chargesini","mevnet-3810","ChargeSini","3","3","0","Not published by MEVnet","Not published by MEVnet","Not published by MEVnet","Not published by MEVnet","PLANMalaysia MEVnet","https://portaldev.planmalaysia.gov.my/portal/apps/dashboards/bba366dc3d144510bfd7cda771795f3d","3810","2026-07-26T09:23:16Z"
"mevnet-3811-chargesini","mevnet-3811","ChargeSini","2","2","0","Not published by MEVnet","Not published by MEVnet","Not published by MEVnet","Not published by MEVnet","PLANMalaysia MEVnet","https://portaldev.planmalaysia.gov.my/portal/apps/dashboards/bba366dc3d144510bfd7cda771795f3d","3811","2026-07-26T09:23:16Z"
"mevnet-3812-chargesini","mevnet-3812","ChargeSini","3","3","0","Not published by MEVnet","Not published by MEVnet","Not published by MEVnet","Not published by MEVnet","PLANMalaysia MEVnet","https://portaldev.planmalaysia.gov.my/portal/apps/dashboards/bba366dc3d144510bfd7cda771795f3d","3812","2026-07-26T09:23:16Z"
"mevnet-3813-chargesini","mevnet-3813","ChargeSini","7","7","0","Not published by MEVnet","Not published by MEVnet","Not published by MEVnet","Not published by MEVnet","PLANMalaysia MEVnet","https://portaldev.planmalaysia.gov.my/portal/apps/dashboards/bba366dc3d144510bfd7cda771795f3d","3813","2026-07-26T09:23:16Z"
"mevnet-3814-chargesini","mevnet-3814","ChargeSini","3","3","0","Not published by MEVnet","Not published by MEVnet","Not published by MEVnet","Not published by MEVnet","PLANMalaysia MEVnet","https://portaldev.planmalaysia.gov.my/portal/apps/dashboards/bba366dc3d144510bfd7cda771795f3d","3814","2026-07-26T09:23:16Z"
"mevnet-3815-chargesini","mevnet-3815","ChargeSini","4","4","0","Not published by MEVnet","Not published by MEVnet","Not published by MEVnet","Not published by MEVnet","PLANMalaysia MEVnet","https://portaldev.planmalaysia.gov.my/portal/apps/dashboards/bba366dc3d144510bfd7cda771795f3d","3815","2026-07-26T09:23:16Z"
"mevnet-3816-chargesini","mevnet-3816","ChargeSini","3","1","2","Not published by MEVnet","Not published by MEVnet","Not published by MEVnet","Not published by MEVnet","PLANMalaysia MEVnet","https://portaldev.planmalaysia.gov.my/portal/apps/dashboards/bba366dc3d144510bfd7cda771795f3d","3816","2026-07-26T09:23:16Z"
"mevnet-3817-chargesini","mevnet-3817","ChargeSini","3","1","2","Not published by MEVnet","Not published by MEVnet","Not published by MEVnet","Not published by MEVnet","PLANMalaysia MEVnet","https://portaldev.planmalaysia.gov.my/portal/apps/dashboards/bba366dc3d144510bfd7cda771795f3d","3817","2026-07-26T09:23:16Z"
"mevnet-3818-chargesini","mevnet-3818","ChargeSini","6","6","0","Not published by MEVnet","Not published by MEVnet","Not published by MEVnet","Not published by MEVnet","PLANMalaysia MEVnet","https://portaldev.planmalaysia.gov.my/portal/apps/dashboards/bba366dc3d144510bfd7cda771795f3d","3818","2026-07-26T09:23:16Z"
"mevnet-3819-chargesini","mevnet-3819","ChargeSini","6","6","0","Not published by MEVnet","Not published by MEVnet","Not published by MEVnet","Not published by MEVnet","PLANMalaysia MEVnet","https://portaldev.planmalaysia.gov.my/portal/apps/dashboards/bba366dc3d144510bfd7cda771795f3d","3819","2026-07-26T09:23:16Z"
"mevnet-3820-chargesini","mevnet-3820","ChargeSini","2","2","0","Not published by MEVnet","Not published by MEVnet","Not published by MEVnet","Not published by MEVnet","PLANMalaysia MEVnet","https://portaldev.planmalaysia.gov.my/portal/apps/dashboards/bba366dc3d144510bfd7cda771795f3d","3820","2026-07-26T09:23:16Z"
"mevnet-3821-chargesini","mevnet-3821","ChargeSini","4","4","0","Not published by MEVnet","Not published by MEVnet","Not published by MEVnet","Not published by MEVnet","PLANMalaysia MEVnet","https://portaldev.planmalaysia.gov.my/portal/apps/dashboards/bba366dc3d144510bfd7cda771795f3d","3821","2026-07-26T09:23:16Z"
"mevnet-3822-chargesini","mevnet-3822","ChargeSini","4","4","0","Not published by MEVnet","Not published by MEVnet","Not published by MEVnet","Not published by MEVnet","PLANMalaysia MEVnet","https://portaldev.planmalaysia.gov.my/portal/apps/dashboards/bba366dc3d144510bfd7cda771795f3d","3822","2026-07-26T09:23:16Z"
"mevnet-3823-chargesini","mevnet-3823","ChargeSini","8","8","0","Not published by MEVnet","Not published by MEVnet","Not published by MEVnet","Not published by MEVnet","PLANMalaysia MEVnet","https://portaldev.planmalaysia.gov.my/portal/apps/dashboards/bba366dc3d144510bfd7cda771795f3d","3823","2026-07-26T09:23:16Z"
"mevnet-3824-chargesini","mevnet-3824","ChargeSini","2","2","0","Not published by MEVnet","Not published by MEVnet","Not published by MEVnet","Not published by MEVnet","PLANMalaysia MEVnet","https://portaldev.planmalaysia.gov.my/portal/apps/dashboards/bba366dc3d144510bfd7cda771795f3d","3824","2026-07-26T09:23:16Z"
"mevnet-3825-chargesini","mevnet-3825","ChargeSini","4","4","0","Not published by MEVnet","Not published by MEVnet","Not published by MEVnet","Not published by MEVnet","PLANMalaysia MEVnet","https://portaldev.planmalaysia.gov.my/portal/apps/dashboards/bba366dc3d144510bfd7cda771795f3d","3825","2026-07-26T09:23:16Z"
"mevnet-3826-chargesini","mevnet-3826","ChargeSini","4","4","0","Not published by MEVnet","Not published by MEVnet","Not published by MEVnet","Not published by MEVnet","PLANMalaysia MEVnet","https://portaldev.planmalaysia.gov.my/portal/apps/dashboards/bba366dc3d144510bfd7cda771795f3d","3826","2026-07-26T09:23:16Z"
"mevnet-3827-chargesini","mevnet-3827","ChargeSini","3","3","0","Not published by MEVnet","Not published by MEVnet","Not published by MEVnet","Not published by MEVnet","PLANMalaysia MEVnet","https://portaldev.planmalaysia.gov.my/portal/apps/dashboards/bba366dc3d144510bfd7cda771795f3d","3827","2026-07-26T09:23:16Z"
"mevnet-3828-chargesini","mevnet-3828","ChargeSini","4","4","0","Not published by MEVnet","Not published by MEVnet","Not published by MEVnet","Not published by MEVnet","PLANMalaysia MEVnet","https://portaldev.planmalaysia.gov.my/portal/apps/dashboards/bba366dc3d144510bfd7cda771795f3d","3828","2026-07-26T09:23:16Z"
"mevnet-3829-chargesini","mevnet-3829","ChargeSini","3","3","0","Not published by MEVnet","Not published by MEVnet","Not published by MEVnet","Not published by MEVnet","PLANMalaysia MEVnet","https://portaldev.planmalaysia.gov.my/portal/apps/dashboards/bba366dc3d144510bfd7cda771795f3d","3829","2026-07-26T09:23:16Z"
"mevnet-3830-chargesini","mevnet-3830","ChargeSini","4","4","0","Not published by MEVnet","Not published by MEVnet","Not published by MEVnet","Not published by MEVnet","PLANMalaysia MEVnet","https://portaldev.planmalaysia.gov.my/portal/apps/dashboards/bba366dc3d144510bfd7cda771795f3d","3830","2026-07-26T09:23:16Z"
"mevnet-3831-chargesini","mevnet-3831","ChargeSini","4","4","0","Not published by MEVnet","Not published by MEVnet","Not published by MEVnet","Not published by MEVnet","PLANMalaysia MEVnet","https://portaldev.planmalaysia.gov.my/portal/apps/dashboards/bba366dc3d144510bfd7cda771795f3d","3831","2026-07-26T09:23:16Z"
"mevnet-3832-chargesini","mevnet-3832","ChargeSini","4","4","0","Not published by MEVnet","Not published by MEVnet","Not published by MEVnet","Not published by MEVnet","PLANMalaysia MEVnet","https://portaldev.planmalaysia.gov.my/portal/apps/dashboards/bba366dc3d144510bfd7cda771795f3d","3832","2026-07-26T09:23:16Z"
"mevnet-3833-chargesini","mevnet-3833","ChargeSini","3","3","0","Not published by MEVnet","Not published by MEVnet","Not published by MEVnet","Not published by MEVnet","PLANMalaysia MEVnet","https://portaldev.planmalaysia.gov.my/portal/apps/dashboards/bba366dc3d144510bfd7cda771795f3d","3833","2026-07-26T09:23:16Z"
"mevnet-3834-chargesini","mevnet-3834","ChargeSini","5","5","0","Not published by MEVnet","Not published by MEVnet","Not published by MEVnet","Not published by MEVnet","PLANMalaysia MEVnet","https://portaldev.planmalaysia.gov.my/portal/apps/dashboards/bba366dc3d144510bfd7cda771795f3d","3834","2026-07-26T09:23:16Z"
"mevnet-3835-chargesini","mevnet-3835","ChargeSini","4","4","0","Not published by MEVnet","Not published by MEVnet","Not published by MEVnet","Not published by MEVnet","PLANMalaysia MEVnet","https://portaldev.planmalaysia.gov.my/portal/apps/dashboards/bba366dc3d144510bfd7cda771795f3d","3835","2026-07-26T09:23:16Z"
"mevnet-3836-chargesini","mevnet-3836","ChargeSini","2","2","0","Not published by MEVnet","Not published by MEVnet","Not published by MEVnet","Not published by MEVnet","PLANMalaysia MEVnet","https://portaldev.planmalaysia.gov.my/portal/apps/dashboards/bba366dc3d144510bfd7cda771795f3d","3836","2026-07-26T09:23:16Z"
"mevnet-3837-chargesini","mevnet-3837","ChargeSini","4","4","0","Not published by MEVnet","Not published by MEVnet","Not published by MEVnet","Not published by MEVnet","PLANMalaysia MEVnet","https://portaldev.planmalaysia.gov.my/portal/apps/dashboards/bba366dc3d144510bfd7cda771795f3d","3837","2026-07-26T09:23:16Z"
"mevnet-3838-chargesini","mevnet-3838","ChargeSini","2","2","0","Not published by MEVnet","Not published by MEVnet","Not published by MEVnet","Not published by MEVnet","PLANMalaysia MEVnet","https://portaldev.planmalaysia.gov.my/portal/apps/dashboards/bba366dc3d144510bfd7cda771795f3d","3838","2026-07-26T09:23:16Z"
"mevnet-3839-chargesini","mevnet-3839","ChargeSini","3","3","0","Not published by MEVnet","Not published by MEVnet","Not published by MEVnet","Not published by MEVnet","PLANMalaysia MEVnet","https://portaldev.planmalaysia.gov.my/portal/apps/dashboards/bba366dc3d144510bfd7cda771795f3d","3839","2026-07-26T09:23:16Z"
"mevnet-3840-chargesini","mevnet-3840","ChargeSini","2","0","2","Not published by MEVnet","Not published by MEVnet","Not published by MEVnet","Not published by MEVnet","PLANMalaysia MEVnet","https://portaldev.planmalaysia.gov.my/portal/apps/dashboards/bba366dc3d144510bfd7cda771795f3d","3840","2026-07-26T09:23:16Z"
"mevnet-3841-chargesini","mevnet-3841","ChargeSini","4","4","0","Not published by MEVnet","Not published by MEVnet","Not published by MEVnet","Not published by MEVnet","PLANMalaysia MEVnet","https://portaldev.planmalaysia.gov.my/portal/apps/dashboards/bba366dc3d144510bfd7cda771795f3d","3841","2026-07-26T09:23:16Z"
"mevnet-3842-chargesini","mevnet-3842","ChargeSini","7","7","0","Not published by MEVnet","Not published by MEVnet","Not published by MEVnet","Not published by MEVnet","PLANMalaysia MEVnet","https://portaldev.planmalaysia.gov.my/portal/apps/dashboards/bba366dc3d144510bfd7cda771795f3d","3842","2026-07-26T09:23:16Z"
"mevnet-3843-chargesini","mevnet-3843","ChargeSini","2","2","0","Not published by MEVnet","Not published by MEVnet","Not published by MEVnet","Not published by MEVnet","PLANMalaysia MEVnet","https://portaldev.planmalaysia.gov.my/portal/apps/dashboards/bba366dc3d144510bfd7cda771795f3d","3843","2026-07-26T09:23:16Z"
"mevnet-3844-chargesini","mevnet-3844","ChargeSini","2","2","0","Not published by MEVnet","Not published by MEVnet","Not published by MEVnet","Not published by MEVnet","PLANMalaysia MEVnet","https://portaldev.planmalaysia.gov.my/portal/apps/dashboards/bba366dc3d144510bfd7cda771795f3d","3844","2026-07-26T09:23:16Z"
"mevnet-3845-chargesini","mevnet-3845","ChargeSini","4","4","0","Not published by MEVnet","Not published by MEVnet","Not published by MEVnet","Not published by MEVnet","PLANMalaysia MEVnet","https://portaldev.planmalaysia.gov.my/portal/apps/dashboards/bba366dc3d144510bfd7cda771795f3d","3845","2026-07-26T09:23:16Z"
"mevnet-3846-chargesini","mevnet-3846","ChargeSini","5","5","0","Not published by MEVnet","Not published by MEVnet","Not published by MEVnet","Not published by MEVnet","PLANMalaysia MEVnet","https://portaldev.planmalaysia.gov.my/portal/apps/dashboards/bba366dc3d144510bfd7cda771795f3d","3846","2026-07-26T09:23:16Z"
"mevnet-3847-chargesini","mevnet-3847","ChargeSini","2","2","0","Not published by MEVnet","Not published by MEVnet","Not published by MEVnet","Not published by MEVnet","PLANMalaysia MEVnet","https://portaldev.planmalaysia.gov.my/portal/apps/dashboards/bba366dc3d144510bfd7cda771795f3d","3847","2026-07-26T09:23:16Z"
"mevnet-3848-chargesini","mevnet-3848","ChargeSini","4","2","2","Not published by MEVnet","Not published by MEVnet","Not published by MEVnet","Not published by MEVnet","PLANMalaysia MEVnet","https://portaldev.planmalaysia.gov.my/portal/apps/dashboards/bba366dc3d144510bfd7cda771795f3d","3848","2026-07-26T09:23:16Z"
"mevnet-3849-chargesini","mevnet-3849","ChargeSini","2","2","0","Not published by MEVnet","Not published by MEVnet","Not published by MEVnet","Not published by MEVnet","PLANMalaysia MEVnet","https://portaldev.planmalaysia.gov.my/portal/apps/dashboards/bba366dc3d144510bfd7cda771795f3d","3849","2026-07-26T09:23:16Z"
"mevnet-3850-chargesini","mevnet-3850","ChargeSini","4","0","4","Not published by MEVnet","Not published by MEVnet","Not published by MEVnet","Not published by MEVnet","PLANMalaysia MEVnet","https://portaldev.planmalaysia.gov.my/portal/apps/dashboards/bba366dc3d144510bfd7cda771795f3d","3850","2026-07-26T09:23:16Z"
"mevnet-3851-chargesini","mevnet-3851","ChargeSini","6","6","0","Not published by MEVnet","Not published by MEVnet","Not published by MEVnet","Not published by MEVnet","PLANMalaysia MEVnet","https://portaldev.planmalaysia.gov.my/portal/apps/dashboards/bba366dc3d144510bfd7cda771795f3d","3851","2026-07-26T09:23:16Z"
"mevnet-3852-chargesini","mevnet-3852","ChargeSini","6","6","0","Not published by MEVnet","Not published by MEVnet","Not published by MEVnet","Not published by MEVnet","PLANMalaysia MEVnet","https://portaldev.planmalaysia.gov.my/portal/apps/dashboards/bba366dc3d144510bfd7cda771795f3d","3852","2026-07-26T09:23:16Z"
"mevnet-3853-chargesini","mevnet-3853","ChargeSini","3","3","0","Not published by MEVnet","Not published by MEVnet","Not published by MEVnet","Not published by MEVnet","PLANMalaysia MEVnet","https://portaldev.planmalaysia.gov.my/portal/apps/dashboards/bba366dc3d144510bfd7cda771795f3d","3853","2026-07-26T09:23:16Z"
"mevnet-3854-chargesini","mevnet-3854","ChargeSini","3","3","0","Not published by MEVnet","Not published by MEVnet","Not published by MEVnet","Not published by MEVnet","PLANMalaysia MEVnet","https://portaldev.planmalaysia.gov.my/portal/apps/dashboards/bba366dc3d144510bfd7cda771795f3d","3854","2026-07-26T09:23:16Z"
"mevnet-3855-chargesini","mevnet-3855","ChargeSini","3","3","0","Not published by MEVnet","Not published by MEVnet","Not published by MEVnet","Not published by MEVnet","PLANMalaysia MEVnet","https://portaldev.planmalaysia.gov.my/portal/apps/dashboards/bba366dc3d144510bfd7cda771795f3d","3855","2026-07-26T09:23:16Z"
"mevnet-3856-chargesini","mevnet-3856","ChargeSini","2","2","0","Not published by MEVnet","Not published by MEVnet","Not published by MEVnet","Not published by MEVnet","PLANMalaysia MEVnet","https://portaldev.planmalaysia.gov.my/portal/apps/dashboards/bba366dc3d144510bfd7cda771795f3d","3856","2026-07-26T09:23:16Z"
"mevnet-3857-chargesini","mevnet-3857","ChargeSini","3","3","0","Not published by MEVnet","Not published by MEVnet","Not published by MEVnet","Not published by MEVnet","PLANMalaysia MEVnet","https://portaldev.planmalaysia.gov.my/portal/apps/dashboards/bba366dc3d144510bfd7cda771795f3d","3857","2026-07-26T09:23:16Z"
"mevnet-3858-chargesini","mevnet-3858","ChargeSini","3","3","0","Not published by MEVnet","Not published by MEVnet","Not published by MEVnet","Not published by MEVnet","PLANMalaysia MEVnet","https://portaldev.planmalaysia.gov.my/portal/apps/dashboards/bba366dc3d144510bfd7cda771795f3d","3858","2026-07-26T09:23:16Z"
"mevnet-3859-chargesini","mevnet-3859","ChargeSini","2","2","0","Not published by MEVnet","Not published by MEVnet","Not published by MEVnet","Not published by MEVnet","PLANMalaysia MEVnet","https://portaldev.planmalaysia.gov.my/portal/apps/dashboards/bba366dc3d144510bfd7cda771795f3d","3859","2026-07-26T09:23:16Z"
"mevnet-3860-chargesini","mevnet-3860","ChargeSini","6","4","2","Not published by MEVnet","Not published by MEVnet","Not published by MEVnet","Not published by MEVnet","PLANMalaysia MEVnet","https://portaldev.planmalaysia.gov.my/portal/apps/dashboards/bba366dc3d144510bfd7cda771795f3d","3860","2026-07-26T09:23:16Z"
"mevnet-3861-chargesini","mevnet-3861","ChargeSini","2","2","0","Not published by MEVnet","Not published by MEVnet","Not published by MEVnet","Not published by MEVnet","PLANMalaysia MEVnet","https://portaldev.planmalaysia.gov.my/portal/apps/dashboards/bba366dc3d144510bfd7cda771795f3d","3861","2026-07-26T09:23:16Z"
"mevnet-3862-others","mevnet-3862","Others","2","0","2","Not published by MEVnet","Not published by MEVnet","Not published by MEVnet","Not published by MEVnet","PLANMalaysia MEVnet","https://portaldev.planmalaysia.gov.my/portal/apps/dashboards/bba366dc3d144510bfd7cda771795f3d","3862","2026-07-26T09:23:16Z"
"mevnet-3863-jomcharge","mevnet-3863","JomCharge","3","3","0","Not published by MEVnet","Not published by MEVnet","Not published by MEVnet","Not published by MEVnet","PLANMalaysia MEVnet","https://portaldev.planmalaysia.gov.my/portal/apps/dashboards/bba366dc3d144510bfd7cda771795f3d","3863","2026-07-26T09:23:16Z"
"mevnet-3864-chargesini","mevnet-3864","ChargeSini","2","0","2","Not published by MEVnet","Not published by MEVnet","Not published by MEVnet","Not published by MEVnet","PLANMalaysia MEVnet","https://portaldev.planmalaysia.gov.my/portal/apps/dashboards/bba366dc3d144510bfd7cda771795f3d","3864","2026-07-26T09:23:16Z"
"mevnet-3865-chargesini","mevnet-3865","ChargeSini","2","0","2","Not published by MEVnet","Not published by MEVnet","Not published by MEVnet","Not published by MEVnet","PLANMalaysia MEVnet","https://portaldev.planmalaysia.gov.my/portal/apps/dashboards/bba366dc3d144510bfd7cda771795f3d","3865","2026-07-26T09:23:16Z"
"mevnet-3866-chargesini","mevnet-3866","ChargeSini","4","4","0","Not published by MEVnet","Not published by MEVnet","Not published by MEVnet","Not published by MEVnet","PLANMalaysia MEVnet","https://portaldev.planmalaysia.gov.my/portal/apps/dashboards/bba366dc3d144510bfd7cda771795f3d","3866","2026-07-26T09:23:16Z"
"mevnet-3867-chargesini","mevnet-3867","ChargeSini","4","4","0","Not published by MEVnet","Not published by MEVnet","Not published by MEVnet","Not published by MEVnet","PLANMalaysia MEVnet","https://portaldev.planmalaysia.gov.my/portal/apps/dashboards/bba366dc3d144510bfd7cda771795f3d","3867","2026-07-26T09:23:16Z"
"mevnet-3868-chargesini","mevnet-3868","ChargeSini","4","4","0","Not published by MEVnet","Not published by MEVnet","Not published by MEVnet","Not published by MEVnet","PLANMalaysia MEVnet","https://portaldev.planmalaysia.gov.my/portal/apps/dashboards/bba366dc3d144510bfd7cda771795f3d","3868","2026-07-26T09:23:16Z"
"mevnet-3869-chargesini","mevnet-3869","ChargeSini","4","4","0","Not published by MEVnet","Not published by MEVnet","Not published by MEVnet","Not published by MEVnet","PLANMalaysia MEVnet","https://portaldev.planmalaysia.gov.my/portal/apps/dashboards/bba366dc3d144510bfd7cda771795f3d","3869","2026-07-26T09:23:16Z"
"mevnet-3870-chargesini","mevnet-3870","ChargeSini","3","3","0","Not published by MEVnet","Not published by MEVnet","Not published by MEVnet","Not published by MEVnet","PLANMalaysia MEVnet","https://portaldev.planmalaysia.gov.my/portal/apps/dashboards/bba366dc3d144510bfd7cda771795f3d","3870","2026-07-26T09:23:16Z"
"mevnet-3871-chargesini","mevnet-3871","ChargeSini","3","3","0","Not published by MEVnet","Not published by MEVnet","Not published by MEVnet","Not published by MEVnet","PLANMalaysia MEVnet","https://portaldev.planmalaysia.gov.my/portal/apps/dashboards/bba366dc3d144510bfd7cda771795f3d","3871","2026-07-26T09:23:16Z"
"mevnet-3872-chargesini","mevnet-3872","ChargeSini","3","3","0","Not published by MEVnet","Not published by MEVnet","Not published by MEVnet","Not published by MEVnet","PLANMalaysia MEVnet","https://portaldev.planmalaysia.gov.my/portal/apps/dashboards/bba366dc3d144510bfd7cda771795f3d","3872","2026-07-26T09:23:16Z"
"mevnet-3873-chargesini","mevnet-3873","ChargeSini","4","4","0","Not published by MEVnet","Not published by MEVnet","Not published by MEVnet","Not published by MEVnet","PLANMalaysia MEVnet","https://portaldev.planmalaysia.gov.my/portal/apps/dashboards/bba366dc3d144510bfd7cda771795f3d","3873","2026-07-26T09:23:16Z"
"mevnet-3874-chargesini","mevnet-3874","ChargeSini","2","2","0","Not published by MEVnet","Not published by MEVnet","Not published by MEVnet","Not published by MEVnet","PLANMalaysia MEVnet","https://portaldev.planmalaysia.gov.my/portal/apps/dashboards/bba366dc3d144510bfd7cda771795f3d","3874","2026-07-26T09:23:16Z"
"mevnet-3875-gentari","mevnet-3875","Gentari","2","2","0","Not published by MEVnet","Not published by MEVnet","Not published by MEVnet","Not published by MEVnet","PLANMalaysia MEVnet","https://portaldev.planmalaysia.gov.my/portal/apps/dashboards/bba366dc3d144510bfd7cda771795f3d","3875","2026-07-26T09:23:16Z"
"mevnet-3876-gentari","mevnet-3876","Gentari","2","0","2","Not published by MEVnet","Not published by MEVnet","Not published by MEVnet","Not published by MEVnet","PLANMalaysia MEVnet","https://portaldev.planmalaysia.gov.my/portal/apps/dashboards/bba366dc3d144510bfd7cda771795f3d","3876","2026-07-26T09:23:16Z"
"mevnet-3877-gentari","mevnet-3877","Gentari","4","2","2","Not published by MEVnet","Not published by MEVnet","Not published by MEVnet","Not published by MEVnet","PLANMalaysia MEVnet","https://portaldev.planmalaysia.gov.my/portal/apps/dashboards/bba366dc3d144510bfd7cda771795f3d","3877","2026-07-26T09:23:16Z"
"mevnet-3878-plugit","mevnet-3878","Plugit","10","6","4","Not published by MEVnet","Not published by MEVnet","Not published by MEVnet","Not published by MEVnet","PLANMalaysia MEVnet","https://portaldev.planmalaysia.gov.my/portal/apps/dashboards/bba366dc3d144510bfd7cda771795f3d","3878","2026-07-26T09:23:16Z"
"mevnet-3879-parkeasy","mevnet-3879","ParkEasy","1","1","0","Not published by MEVnet","Not published by MEVnet","Not published by MEVnet","Not published by MEVnet","PLANMalaysia MEVnet","https://portaldev.planmalaysia.gov.my/portal/apps/dashboards/bba366dc3d144510bfd7cda771795f3d","3879","2026-07-26T09:23:16Z"
"mevnet-3880-parkeasy","mevnet-3880","ParkEasy","2","2","0","Not published by MEVnet","Not published by MEVnet","Not published by MEVnet","Not published by MEVnet","PLANMalaysia MEVnet","https://portaldev.planmalaysia.gov.my/portal/apps/dashboards/bba366dc3d144510bfd7cda771795f3d","3880","2026-07-26T09:23:16Z"
"mevnet-3881-parkeasy","mevnet-3881","ParkEasy","15","15","0","Not published by MEVnet","Not published by MEVnet","Not published by MEVnet","Not published by MEVnet","PLANMalaysia MEVnet","https://portaldev.planmalaysia.gov.my/portal/apps/dashboards/bba366dc3d144510bfd7cda771795f3d","3881","2026-07-26T09:23:16Z"
"mevnet-3882-chargev","mevnet-3882","chargEV","2","0","2","Not published by MEVnet","Not published by MEVnet","Not published by MEVnet","Not published by MEVnet","PLANMalaysia MEVnet","https://portaldev.planmalaysia.gov.my/portal/apps/dashboards/bba366dc3d144510bfd7cda771795f3d","3882","2026-07-26T09:23:16Z"
"mevnet-3883-chargesini","mevnet-3883","ChargeSini","2","2","0","Not published by MEVnet","Not published by MEVnet","Not published by MEVnet","Not published by MEVnet","PLANMalaysia MEVnet","https://portaldev.planmalaysia.gov.my/portal/apps/dashboards/bba366dc3d144510bfd7cda771795f3d","3883","2026-07-26T09:23:16Z"
"mevnet-3884-chargesini","mevnet-3884","ChargeSini","6","6","0","Not published by MEVnet","Not published by MEVnet","Not published by MEVnet","Not published by MEVnet","PLANMalaysia MEVnet","https://portaldev.planmalaysia.gov.my/portal/apps/dashboards/bba366dc3d144510bfd7cda771795f3d","3884","2026-07-26T09:23:16Z"
"mevnet-3885-others","mevnet-3885","Others","2","0","2","Not published by MEVnet","Not published by MEVnet","Not published by MEVnet","Not published by MEVnet","PLANMalaysia MEVnet","https://portaldev.planmalaysia.gov.my/portal/apps/dashboards/bba366dc3d144510bfd7cda771795f3d","3885","2026-07-26T09:23:16Z"
"mevnet-3886-others","mevnet-3886","Others","2","2","0","Not published by MEVnet","Not published by MEVnet","Not published by MEVnet","Not published by MEVnet","PLANMalaysia MEVnet","https://portaldev.planmalaysia.gov.my/portal/apps/dashboards/bba366dc3d144510bfd7cda771795f3d","3886","2026-07-26T09:23:16Z"
"mevnet-3887-others","mevnet-3887","Others","2","0","2","Not published by MEVnet","Not published by MEVnet","Not published by MEVnet","Not published by MEVnet","PLANMalaysia MEVnet","https://portaldev.planmalaysia.gov.my/portal/apps/dashboards/bba366dc3d144510bfd7cda771795f3d","3887","2026-07-26T09:23:16Z"
"mevnet-3888-others","mevnet-3888","Others","4","4","0","Not published by MEVnet","Not published by MEVnet","Not published by MEVnet","Not published by MEVnet","PLANMalaysia MEVnet","https://portaldev.planmalaysia.gov.my/portal/apps/dashboards/bba366dc3d144510bfd7cda771795f3d","3888","2026-07-26T09:23:16Z"
"mevnet-3889-others","mevnet-3889","Others","2","0","2","Not published by MEVnet","Not published by MEVnet","Not published by MEVnet","Not published by MEVnet","PLANMalaysia MEVnet","https://portaldev.planmalaysia.gov.my/portal/apps/dashboards/bba366dc3d144510bfd7cda771795f3d","3889","2026-07-26T09:23:16Z"
"mevnet-3890-gotou","mevnet-3890","GoToU","1","0","1","Not published by MEVnet","Not published by MEVnet","Not published by MEVnet","Not published by MEVnet","PLANMalaysia MEVnet","https://portaldev.planmalaysia.gov.my/portal/apps/dashboards/bba366dc3d144510bfd7cda771795f3d","3890","2026-07-26T09:23:16Z"
"mevnet-3891-tnbx-gotou-","mevnet-3891","TNBX (GoToU)","2","0","2","Not published by MEVnet","Not published by MEVnet","Not published by MEVnet","Not published by MEVnet","PLANMalaysia MEVnet","https://portaldev.planmalaysia.gov.my/portal/apps/dashboards/bba366dc3d144510bfd7cda771795f3d","3891","2026-07-26T09:23:16Z"
"mevnet-3892-others","mevnet-3892","Others","3","3","0","Not published by MEVnet","Not published by MEVnet","Not published by MEVnet","Not published by MEVnet","PLANMalaysia MEVnet","https://portaldev.planmalaysia.gov.my/portal/apps/dashboards/bba366dc3d144510bfd7cda771795f3d","3892","2026-07-26T09:23:16Z"
"mevnet-3893-others","mevnet-3893","Others","6","6","0","Not published by MEVnet","Not published by MEVnet","Not published by MEVnet","Not published by MEVnet","PLANMalaysia MEVnet","https://portaldev.planmalaysia.gov.my/portal/apps/dashboards/bba366dc3d144510bfd7cda771795f3d","3893","2026-07-26T09:23:16Z"
"mevnet-3894-others","mevnet-3894","Others","8","8","0","Not published by MEVnet","Not published by MEVnet","Not published by MEVnet","Not published by MEVnet","PLANMalaysia MEVnet","https://portaldev.planmalaysia.gov.my/portal/apps/dashboards/bba366dc3d144510bfd7cda771795f3d","3894","2026-07-26T09:23:16Z"
"mevnet-3895-others","mevnet-3895","Others","2","0","2","Not published by MEVnet","Not published by MEVnet","Not published by MEVnet","Not published by MEVnet","PLANMalaysia MEVnet","https://portaldev.planmalaysia.gov.my/portal/apps/dashboards/bba366dc3d144510bfd7cda771795f3d","3895","2026-07-26T09:23:16Z"
"mevnet-3896-others","mevnet-3896","Others","4","0","4","Not published by MEVnet","Not published by MEVnet","Not published by MEVnet","Not published by MEVnet","PLANMalaysia MEVnet","https://portaldev.planmalaysia.gov.my/portal/apps/dashboards/bba366dc3d144510bfd7cda771795f3d","3896","2026-07-26T09:23:16Z"
"mevnet-3897-others","mevnet-3897","Others","1","1","0","Not published by MEVnet","Not published by MEVnet","Not published by MEVnet","Not published by MEVnet","PLANMalaysia MEVnet","https://portaldev.planmalaysia.gov.my/portal/apps/dashboards/bba366dc3d144510bfd7cda771795f3d","3897","2026-07-26T09:23:16Z"
"mevnet-3898-others","mevnet-3898","Others","2","0","2","Not published by MEVnet","Not published by MEVnet","Not published by MEVnet","Not published by MEVnet","PLANMalaysia MEVnet","https://portaldev.planmalaysia.gov.my/portal/apps/dashboards/bba366dc3d144510bfd7cda771795f3d","3898","2026-07-26T09:23:16Z"
"mevnet-3899-flexi-parking","mevnet-3899","Flexi Parking","3","3","0","Not published by MEVnet","Not published by MEVnet","Not published by MEVnet","Not published by MEVnet","PLANMalaysia MEVnet","https://portaldev.planmalaysia.gov.my/portal/apps/dashboards/bba366dc3d144510bfd7cda771795f3d","3899","2026-07-26T09:23:16Z"
"mevnet-3900-flexi-parking","mevnet-3900","Flexi Parking","2","2","0","Not published by MEVnet","Not published by MEVnet","Not published by MEVnet","Not published by MEVnet","PLANMalaysia MEVnet","https://portaldev.planmalaysia.gov.my/portal/apps/dashboards/bba366dc3d144510bfd7cda771795f3d","3900","2026-07-26T09:23:16Z"
"mevnet-3901-jomcharge","mevnet-3901","JomCharge","4","3","1","Not published by MEVnet","Not published by MEVnet","Not published by MEVnet","Not published by MEVnet","PLANMalaysia MEVnet","https://portaldev.planmalaysia.gov.my/portal/apps/dashboards/bba366dc3d144510bfd7cda771795f3d","3901","2026-07-26T09:23:16Z"
"mevnet-3902-jomcharge","mevnet-3902","JomCharge","2","2","0","Not published by MEVnet","Not published by MEVnet","Not published by MEVnet","Not published by MEVnet","PLANMalaysia MEVnet","https://portaldev.planmalaysia.gov.my/portal/apps/dashboards/bba366dc3d144510bfd7cda771795f3d","3902","2026-07-26T09:23:16Z"
"mevnet-3903-others","mevnet-3903","Others","2","2","0","Not published by MEVnet","Not published by MEVnet","Not published by MEVnet","Not published by MEVnet","PLANMalaysia MEVnet","https://portaldev.planmalaysia.gov.my/portal/apps/dashboards/bba366dc3d144510bfd7cda771795f3d","3903","2026-07-26T09:23:16Z"
"mevnet-3904-others","mevnet-3904","Others","1","1","0","Not published by MEVnet","Not published by MEVnet","Not published by MEVnet","Not published by MEVnet","PLANMalaysia MEVnet","https://portaldev.planmalaysia.gov.my/portal/apps/dashboards/bba366dc3d144510bfd7cda771795f3d","3904","2026-07-26T09:23:16Z"
"mevnet-3905-others","mevnet-3905","Others","2","0","2","Not published by MEVnet","Not published by MEVnet","Not published by MEVnet","Not published by MEVnet","PLANMalaysia MEVnet","https://portaldev.planmalaysia.gov.my/portal/apps/dashboards/bba366dc3d144510bfd7cda771795f3d","3905","2026-07-26T09:23:16Z"
"mevnet-3906-jomcharge","mevnet-3906","JomCharge","4","2","2","Not published by MEVnet","Not published by MEVnet","Not published by MEVnet","Not published by MEVnet","PLANMalaysia MEVnet","https://portaldev.planmalaysia.gov.my/portal/apps/dashboards/bba366dc3d144510bfd7cda771795f3d","3906","2026-07-26T09:23:16Z"
"mevnet-3907-chargev","mevnet-3907","chargEV","1","1","0","Not published by MEVnet","Not published by MEVnet","Not published by MEVnet","Not published by MEVnet","PLANMalaysia MEVnet","https://portaldev.planmalaysia.gov.my/portal/apps/dashboards/bba366dc3d144510bfd7cda771795f3d","3907","2026-07-26T09:23:16Z"
"mevnet-3908-parkeasy","mevnet-3908","ParkEasy","2","2","0","Not published by MEVnet","Not published by MEVnet","Not published by MEVnet","Not published by MEVnet","PLANMalaysia MEVnet","https://portaldev.planmalaysia.gov.my/portal/apps/dashboards/bba366dc3d144510bfd7cda771795f3d","3908","2026-07-26T09:23:16Z"
"mevnet-3909-parkeasy","mevnet-3909","ParkEasy","3","3","0","Not published by MEVnet","Not published by MEVnet","Not published by MEVnet","Not published by MEVnet","PLANMalaysia MEVnet","https://portaldev.planmalaysia.gov.my/portal/apps/dashboards/bba366dc3d144510bfd7cda771795f3d","3909","2026-07-26T09:23:16Z"
"mevnet-3910-others","mevnet-3910","Others","1","1","0","Not published by MEVnet","Not published by MEVnet","Not published by MEVnet","Not published by MEVnet","PLANMalaysia MEVnet","https://portaldev.planmalaysia.gov.my/portal/apps/dashboards/bba366dc3d144510bfd7cda771795f3d","3910","2026-07-26T09:23:16Z"
"mevnet-3911-others","mevnet-3911","Others","2","2","0","Not published by MEVnet","Not published by MEVnet","Not published by MEVnet","Not published by MEVnet","PLANMalaysia MEVnet","https://portaldev.planmalaysia.gov.my/portal/apps/dashboards/bba366dc3d144510bfd7cda771795f3d","3911","2026-07-26T09:23:16Z"
"mevnet-3912-chargev","mevnet-3912","chargEV","1","1","0","Not published by MEVnet","Not published by MEVnet","Not published by MEVnet","Not published by MEVnet","PLANMalaysia MEVnet","https://portaldev.planmalaysia.gov.my/portal/apps/dashboards/bba366dc3d144510bfd7cda771795f3d","3912","2026-07-26T09:23:16Z"
"mevnet-3913-others","mevnet-3913","Others","2","2","0","Not published by MEVnet","Not published by MEVnet","Not published by MEVnet","Not published by MEVnet","PLANMalaysia MEVnet","https://portaldev.planmalaysia.gov.my/portal/apps/dashboards/bba366dc3d144510bfd7cda771795f3d","3913","2026-07-26T09:23:16Z"
"mevnet-3914-others","mevnet-3914","Others","1","1","0","Not published by MEVnet","Not published by MEVnet","Not published by MEVnet","Not published by MEVnet","PLANMalaysia MEVnet","https://portaldev.planmalaysia.gov.my/portal/apps/dashboards/bba366dc3d144510bfd7cda771795f3d","3914","2026-07-26T09:23:16Z"
"mevnet-3915-others","mevnet-3915","Others","2","2","0","Not published by MEVnet","Not published by MEVnet","Not published by MEVnet","Not published by MEVnet","PLANMalaysia MEVnet","https://portaldev.planmalaysia.gov.my/portal/apps/dashboards/bba366dc3d144510bfd7cda771795f3d","3915","2026-07-26T09:23:16Z"
"mevnet-3916-others","mevnet-3916","Others","1","1","0","Not published by MEVnet","Not published by MEVnet","Not published by MEVnet","Not published by MEVnet","PLANMalaysia MEVnet","https://portaldev.planmalaysia.gov.my/portal/apps/dashboards/bba366dc3d144510bfd7cda771795f3d","3916","2026-07-26T09:23:16Z"
"mevnet-3917-others","mevnet-3917","Others","6","6","0","Not published by MEVnet","Not published by MEVnet","Not published by MEVnet","Not published by MEVnet","PLANMalaysia MEVnet","https://portaldev.planmalaysia.gov.my/portal/apps/dashboards/bba366dc3d144510bfd7cda771795f3d","3917","2026-07-26T09:23:16Z"
"mevnet-3918-chargesini","mevnet-3918","ChargeSini","6","6","0","Not published by MEVnet","Not published by MEVnet","Not published by MEVnet","Not published by MEVnet","PLANMalaysia MEVnet","https://portaldev.planmalaysia.gov.my/portal/apps/dashboards/bba366dc3d144510bfd7cda771795f3d","3918","2026-07-26T09:23:16Z"
"mevnet-3919-others","mevnet-3919","Others","2","2","0","Not published by MEVnet","Not published by MEVnet","Not published by MEVnet","Not published by MEVnet","PLANMalaysia MEVnet","https://portaldev.planmalaysia.gov.my/portal/apps/dashboards/bba366dc3d144510bfd7cda771795f3d","3919","2026-07-26T09:23:16Z"
"mevnet-3920-others","mevnet-3920","Others","2","2","0","Not published by MEVnet","Not published by MEVnet","Not published by MEVnet","Not published by MEVnet","PLANMalaysia MEVnet","https://portaldev.planmalaysia.gov.my/portal/apps/dashboards/bba366dc3d144510bfd7cda771795f3d","3920","2026-07-26T09:23:16Z"
"mevnet-3921-chargesini","mevnet-3921","ChargeSini","8","4","4","Not published by MEVnet","Not published by MEVnet","Not published by MEVnet","Not published by MEVnet","PLANMalaysia MEVnet","https://portaldev.planmalaysia.gov.my/portal/apps/dashboards/bba366dc3d144510bfd7cda771795f3d","3921","2026-07-26T09:23:16Z"
"mevnet-3922-others","mevnet-3922","Others","2","2","0","Not published by MEVnet","Not published by MEVnet","Not published by MEVnet","Not published by MEVnet","PLANMalaysia MEVnet","https://portaldev.planmalaysia.gov.my/portal/apps/dashboards/bba366dc3d144510bfd7cda771795f3d","3922","2026-07-26T09:23:16Z"
"mevnet-3923-gentari","mevnet-3923","Gentari","3","3","0","Not published by MEVnet","Not published by MEVnet","Not published by MEVnet","Not published by MEVnet","PLANMalaysia MEVnet","https://portaldev.planmalaysia.gov.my/portal/apps/dashboards/bba366dc3d144510bfd7cda771795f3d","3923","2026-07-26T09:23:16Z"
"mevnet-3924-gentari","mevnet-3924","Gentari","3","3","0","Not published by MEVnet","Not published by MEVnet","Not published by MEVnet","Not published by MEVnet","PLANMalaysia MEVnet","https://portaldev.planmalaysia.gov.my/portal/apps/dashboards/bba366dc3d144510bfd7cda771795f3d","3924","2026-07-26T09:23:16Z"
"mevnet-3925-others","mevnet-3925","Others","2","0","2","Not published by MEVnet","Not published by MEVnet","Not published by MEVnet","Not published by MEVnet","PLANMalaysia MEVnet","https://portaldev.planmalaysia.gov.my/portal/apps/dashboards/bba366dc3d144510bfd7cda771795f3d","3925","2026-07-26T09:23:16Z"
"mevnet-3926-jomcharge","mevnet-3926","JomCharge","2","0","2","Not published by MEVnet","Not published by MEVnet","Not published by MEVnet","Not published by MEVnet","PLANMalaysia MEVnet","https://portaldev.planmalaysia.gov.my/portal/apps/dashboards/bba366dc3d144510bfd7cda771795f3d","3926","2026-07-26T09:23:16Z"
"mevnet-3927-chargesini","mevnet-3927","ChargeSini","5","3","2","Not published by MEVnet","Not published by MEVnet","Not published by MEVnet","Not published by MEVnet","PLANMalaysia MEVnet","https://portaldev.planmalaysia.gov.my/portal/apps/dashboards/bba366dc3d144510bfd7cda771795f3d","3927","2026-07-26T09:23:16Z"
"mevnet-3928-chargesini","mevnet-3928","ChargeSini","2","0","2","Not published by MEVnet","Not published by MEVnet","Not published by MEVnet","Not published by MEVnet","PLANMalaysia MEVnet","https://portaldev.planmalaysia.gov.my/portal/apps/dashboards/bba366dc3d144510bfd7cda771795f3d","3928","2026-07-26T09:23:16Z"
"mevnet-3929-chargesini","mevnet-3929","ChargeSini","2","0","2","Not published by MEVnet","Not published by MEVnet","Not published by MEVnet","Not published by MEVnet","PLANMalaysia MEVnet","https://portaldev.planmalaysia.gov.my/portal/apps/dashboards/bba366dc3d144510bfd7cda771795f3d","3929","2026-07-26T09:23:16Z"
"mevnet-3930-chargesini","mevnet-3930","ChargeSini","2","0","2","Not published by MEVnet","Not published by MEVnet","Not published by MEVnet","Not published by MEVnet","PLANMalaysia MEVnet","https://portaldev.planmalaysia.gov.my/portal/apps/dashboards/bba366dc3d144510bfd7cda771795f3d","3930","2026-07-26T09:23:16Z"
"mevnet-3931-flexi-parking","mevnet-3931","Flexi Parking","2","2","0","Not published by MEVnet","Not published by MEVnet","Not published by MEVnet","Not published by MEVnet","PLANMalaysia MEVnet","https://portaldev.planmalaysia.gov.my/portal/apps/dashboards/bba366dc3d144510bfd7cda771795f3d","3931","2026-07-26T09:23:16Z"
"mevnet-3932-flexi-parking","mevnet-3932","Flexi Parking","2","2","0","Not published by MEVnet","Not published by MEVnet","Not published by MEVnet","Not published by MEVnet","PLANMalaysia MEVnet","https://portaldev.planmalaysia.gov.my/portal/apps/dashboards/bba366dc3d144510bfd7cda771795f3d","3932","2026-07-26T09:23:16Z"
"mevnet-3933-jomcharge","mevnet-3933","JomCharge","2","0","2","Not published by MEVnet","Not published by MEVnet","Not published by MEVnet","Not published by MEVnet","PLANMalaysia MEVnet","https://portaldev.planmalaysia.gov.my/portal/apps/dashboards/bba366dc3d144510bfd7cda771795f3d","3933","2026-07-26T09:23:16Z"
"mevnet-3934-others","mevnet-3934","Others","1","1","0","Not published by MEVnet","Not published by MEVnet","Not published by MEVnet","Not published by MEVnet","PLANMalaysia MEVnet","https://portaldev.planmalaysia.gov.my/portal/apps/dashboards/bba366dc3d144510bfd7cda771795f3d","3934","2026-07-26T09:23:16Z"
"mevnet-3935-jomcharge","mevnet-3935","JomCharge","1","1","0","Not published by MEVnet","Not published by MEVnet","Not published by MEVnet","Not published by MEVnet","PLANMalaysia MEVnet","https://portaldev.planmalaysia.gov.my/portal/apps/dashboards/bba366dc3d144510bfd7cda771795f3d","3935","2026-07-26T09:23:16Z"
"mevnet-3936-others","mevnet-3936","Others","1","1","0","Not published by MEVnet","Not published by MEVnet","Not published by MEVnet","Not published by MEVnet","PLANMalaysia MEVnet","https://portaldev.planmalaysia.gov.my/portal/apps/dashboards/bba366dc3d144510bfd7cda771795f3d","3936","2026-07-26T09:23:16Z"
"mevnet-3937-gentari","mevnet-3937","Gentari","3","3","0","Not published by MEVnet","Not published by MEVnet","Not published by MEVnet","Not published by MEVnet","PLANMalaysia MEVnet","https://portaldev.planmalaysia.gov.my/portal/apps/dashboards/bba366dc3d144510bfd7cda771795f3d","3937","2026-07-26T09:23:16Z"
"mevnet-3939-flexi-parking","mevnet-3939","Flexi Parking","2","2","0","Not published by MEVnet","Not published by MEVnet","Not published by MEVnet","Not published by MEVnet","PLANMalaysia MEVnet","https://portaldev.planmalaysia.gov.my/portal/apps/dashboards/bba366dc3d144510bfd7cda771795f3d","3939","2026-07-26T09:23:16Z"
"mevnet-3940-others","mevnet-3940","Others","2","2","0","Not published by MEVnet","Not published by MEVnet","Not published by MEVnet","Not published by MEVnet","PLANMalaysia MEVnet","https://portaldev.planmalaysia.gov.my/portal/apps/dashboards/bba366dc3d144510bfd7cda771795f3d","3940","2026-07-26T09:23:16Z"
"mevnet-3942-others","mevnet-3942","Others","1","1","0","Not published by MEVnet","Not published by MEVnet","Not published by MEVnet","Not published by MEVnet","PLANMalaysia MEVnet","https://portaldev.planmalaysia.gov.my/portal/apps/dashboards/bba366dc3d144510bfd7cda771795f3d","3942","2026-07-26T09:23:16Z"
"mevnet-3943-others","mevnet-3943","Others","1","1","0","Not published by MEVnet","Not published by MEVnet","Not published by MEVnet","Not published by MEVnet","PLANMalaysia MEVnet","https://portaldev.planmalaysia.gov.my/portal/apps/dashboards/bba366dc3d144510bfd7cda771795f3d","3943","2026-07-26T09:23:16Z"
"mevnet-3944-jomcharge","mevnet-3944","JomCharge","4","4","0","Not published by MEVnet","Not published by MEVnet","Not published by MEVnet","Not published by MEVnet","PLANMalaysia MEVnet","https://portaldev.planmalaysia.gov.my/portal/apps/dashboards/bba366dc3d144510bfd7cda771795f3d","3944","2026-07-26T09:23:16Z"
"mevnet-3945-others","mevnet-3945","Others","1","1","0","Not published by MEVnet","Not published by MEVnet","Not published by MEVnet","Not published by MEVnet","PLANMalaysia MEVnet","https://portaldev.planmalaysia.gov.my/portal/apps/dashboards/bba366dc3d144510bfd7cda771795f3d","3945","2026-07-26T09:23:16Z"
"mevnet-3946-others","mevnet-3946","Others","1","1","0","Not published by MEVnet","Not published by MEVnet","Not published by MEVnet","Not published by MEVnet","PLANMalaysia MEVnet","https://portaldev.planmalaysia.gov.my/portal/apps/dashboards/bba366dc3d144510bfd7cda771795f3d","3946","2026-07-26T09:23:16Z"
"mevnet-3947-jomcharge","mevnet-3947","JomCharge","3","3","0","Not published by MEVnet","Not published by MEVnet","Not published by MEVnet","Not published by MEVnet","PLANMalaysia MEVnet","https://portaldev.planmalaysia.gov.my/portal/apps/dashboards/bba366dc3d144510bfd7cda771795f3d","3947","2026-07-26T09:23:16Z"
"mevnet-3948-jomcharge","mevnet-3948","JomCharge","2","0","2","Not published by MEVnet","Not published by MEVnet","Not published by MEVnet","Not published by MEVnet","PLANMalaysia MEVnet","https://portaldev.planmalaysia.gov.my/portal/apps/dashboards/bba366dc3d144510bfd7cda771795f3d","3948","2026-07-26T09:23:16Z"
"mevnet-3949-jomcharge","mevnet-3949","JomCharge","3","3","0","Not published by MEVnet","Not published by MEVnet","Not published by MEVnet","Not published by MEVnet","PLANMalaysia MEVnet","https://portaldev.planmalaysia.gov.my/portal/apps/dashboards/bba366dc3d144510bfd7cda771795f3d","3949","2026-07-26T09:23:16Z"
"mevnet-3950-jomcharge","mevnet-3950","JomCharge","4","2","2","Not published by MEVnet","Not published by MEVnet","Not published by MEVnet","Not published by MEVnet","PLANMalaysia MEVnet","https://portaldev.planmalaysia.gov.my/portal/apps/dashboards/bba366dc3d144510bfd7cda771795f3d","3950","2026-07-26T09:23:16Z"
"mevnet-3951-jomcharge","mevnet-3951","JomCharge","3","2","1","Not published by MEVnet","Not published by MEVnet","Not published by MEVnet","Not published by MEVnet","PLANMalaysia MEVnet","https://portaldev.planmalaysia.gov.my/portal/apps/dashboards/bba366dc3d144510bfd7cda771795f3d","3951","2026-07-26T09:23:16Z"
"mevnet-3952-flexi-parking","mevnet-3952","Flexi Parking","2","2","0","Not published by MEVnet","Not published by MEVnet","Not published by MEVnet","Not published by MEVnet","PLANMalaysia MEVnet","https://portaldev.planmalaysia.gov.my/portal/apps/dashboards/bba366dc3d144510bfd7cda771795f3d","3952","2026-07-26T09:23:16Z"
"mevnet-3954-flexi-parking","mevnet-3954","Flexi Parking","2","2","0","Not published by MEVnet","Not published by MEVnet","Not published by MEVnet","Not published by MEVnet","PLANMalaysia MEVnet","https://portaldev.planmalaysia.gov.my/portal/apps/dashboards/bba366dc3d144510bfd7cda771795f3d","3954","2026-07-26T09:23:16Z"
"mevnet-3955-flexi-parking","mevnet-3955","Flexi Parking","2","2","0","Not published by MEVnet","Not published by MEVnet","Not published by MEVnet","Not published by MEVnet","PLANMalaysia MEVnet","https://portaldev.planmalaysia.gov.my/portal/apps/dashboards/bba366dc3d144510bfd7cda771795f3d","3955","2026-07-26T09:23:16Z"
"mevnet-3957-chargesini","mevnet-3957","ChargeSini","4","4","0","Not published by MEVnet","Not published by MEVnet","Not published by MEVnet","Not published by MEVnet","PLANMalaysia MEVnet","https://portaldev.planmalaysia.gov.my/portal/apps/dashboards/bba366dc3d144510bfd7cda771795f3d","3957","2026-07-26T09:23:16Z"
"mevnet-3958-chargesini","mevnet-3958","ChargeSini","2","0","2","Not published by MEVnet","Not published by MEVnet","Not published by MEVnet","Not published by MEVnet","PLANMalaysia MEVnet","https://portaldev.planmalaysia.gov.my/portal/apps/dashboards/bba366dc3d144510bfd7cda771795f3d","3958","2026-07-26T09:23:16Z"
"mevnet-3959-others","mevnet-3959","Others","2","0","2","Not published by MEVnet","Not published by MEVnet","Not published by MEVnet","Not published by MEVnet","PLANMalaysia MEVnet","https://portaldev.planmalaysia.gov.my/portal/apps/dashboards/bba366dc3d144510bfd7cda771795f3d","3959","2026-07-26T09:23:16Z"
"mevnet-3960-others","mevnet-3960","Others","2","2","0","Not published by MEVnet","Not published by MEVnet","Not published by MEVnet","Not published by MEVnet","PLANMalaysia MEVnet","https://portaldev.planmalaysia.gov.my/portal/apps/dashboards/bba366dc3d144510bfd7cda771795f3d","3960","2026-07-26T09:23:16Z"
"mevnet-3961-gentari","mevnet-3961","Gentari","3","1","2","Not published by MEVnet","Not published by MEVnet","Not published by MEVnet","Not published by MEVnet","PLANMalaysia MEVnet","https://portaldev.planmalaysia.gov.my/portal/apps/dashboards/bba366dc3d144510bfd7cda771795f3d","3961","2026-07-26T09:23:16Z"
"mevnet-3962-others","mevnet-3962","Others","2","2","0","Not published by MEVnet","Not published by MEVnet","Not published by MEVnet","Not published by MEVnet","PLANMalaysia MEVnet","https://portaldev.planmalaysia.gov.my/portal/apps/dashboards/bba366dc3d144510bfd7cda771795f3d","3962","2026-07-26T09:23:16Z"
"mevnet-3963-others","mevnet-3963","Others","2","2","0","Not published by MEVnet","Not published by MEVnet","Not published by MEVnet","Not published by MEVnet","PLANMalaysia MEVnet","https://portaldev.planmalaysia.gov.my/portal/apps/dashboards/bba366dc3d144510bfd7cda771795f3d","3963","2026-07-26T09:23:16Z"
"mevnet-3964-others","mevnet-3964","Others","2","2","0","Not published by MEVnet","Not published by MEVnet","Not published by MEVnet","Not published by MEVnet","PLANMalaysia MEVnet","https://portaldev.planmalaysia.gov.my/portal/apps/dashboards/bba366dc3d144510bfd7cda771795f3d","3964","2026-07-26T09:23:16Z"
"mevnet-3965-others","mevnet-3965","Others","2","2","0","Not published by MEVnet","Not published by MEVnet","Not published by MEVnet","Not published by MEVnet","PLANMalaysia MEVnet","https://portaldev.planmalaysia.gov.my/portal/apps/dashboards/bba366dc3d144510bfd7cda771795f3d","3965","2026-07-26T09:23:16Z"
"mevnet-3966-tnbx-gotou-","mevnet-3966","TNBX (GoToU)","2","2","0","Not published by MEVnet","Not published by MEVnet","Not published by MEVnet","Not published by MEVnet","PLANMalaysia MEVnet","https://portaldev.planmalaysia.gov.my/portal/apps/dashboards/bba366dc3d144510bfd7cda771795f3d","3966","2026-07-26T09:23:16Z"
"mevnet-3967-others","mevnet-3967","Others","2","2","0","Not published by MEVnet","Not published by MEVnet","Not published by MEVnet","Not published by MEVnet","PLANMalaysia MEVnet","https://portaldev.planmalaysia.gov.my/portal/apps/dashboards/bba366dc3d144510bfd7cda771795f3d","3967","2026-07-26T09:23:16Z"
"mevnet-3968-zap","mevnet-3968","Zap","2","2","0","Not published by MEVnet","Not published by MEVnet","Not published by MEVnet","Not published by MEVnet","PLANMalaysia MEVnet","https://portaldev.planmalaysia.gov.my/portal/apps/dashboards/bba366dc3d144510bfd7cda771795f3d","3968","2026-07-26T09:23:16Z"
"mevnet-3969-others","mevnet-3969","Others","1","1","0","Not published by MEVnet","Not published by MEVnet","Not published by MEVnet","Not published by MEVnet","PLANMalaysia MEVnet","https://portaldev.planmalaysia.gov.my/portal/apps/dashboards/bba366dc3d144510bfd7cda771795f3d","3969","2026-07-26T09:23:16Z"
"mevnet-3970-jomcharge","mevnet-3970","JomCharge","4","4","0","Not published by MEVnet","Not published by MEVnet","Not published by MEVnet","Not published by MEVnet","PLANMalaysia MEVnet","https://portaldev.planmalaysia.gov.my/portal/apps/dashboards/bba366dc3d144510bfd7cda771795f3d","3970","2026-07-26T09:23:16Z"
"mevnet-3971-others","mevnet-3971","Others","3","3","0","Not published by MEVnet","Not published by MEVnet","Not published by MEVnet","Not published by MEVnet","PLANMalaysia MEVnet","https://portaldev.planmalaysia.gov.my/portal/apps/dashboards/bba366dc3d144510bfd7cda771795f3d","3971","2026-07-26T09:23:16Z"
"mevnet-3972-others","mevnet-3972","Others","2","0","2","Not published by MEVnet","Not published by MEVnet","Not published by MEVnet","Not published by MEVnet","PLANMalaysia MEVnet","https://portaldev.planmalaysia.gov.my/portal/apps/dashboards/bba366dc3d144510bfd7cda771795f3d","3972","2026-07-26T09:23:16Z"
"mevnet-3973-others","mevnet-3973","Others","2","2","0","Not published by MEVnet","Not published by MEVnet","Not published by MEVnet","Not published by MEVnet","PLANMalaysia MEVnet","https://portaldev.planmalaysia.gov.my/portal/apps/dashboards/bba366dc3d144510bfd7cda771795f3d","3973","2026-07-26T09:23:16Z"
"mevnet-3974-others","mevnet-3974","Others","2","0","2","Not published by MEVnet","Not published by MEVnet","Not published by MEVnet","Not published by MEVnet","PLANMalaysia MEVnet","https://portaldev.planmalaysia.gov.my/portal/apps/dashboards/bba366dc3d144510bfd7cda771795f3d","3974","2026-07-26T09:23:16Z"
"mevnet-3975-others","mevnet-3975","Others","2","0","2","Not published by MEVnet","Not published by MEVnet","Not published by MEVnet","Not published by MEVnet","PLANMalaysia MEVnet","https://portaldev.planmalaysia.gov.my/portal/apps/dashboards/bba366dc3d144510bfd7cda771795f3d","3975","2026-07-26T09:23:16Z"
"mevnet-3976-others","mevnet-3976","Others","1","1","0","Not published by MEVnet","Not published by MEVnet","Not published by MEVnet","Not published by MEVnet","PLANMalaysia MEVnet","https://portaldev.planmalaysia.gov.my/portal/apps/dashboards/bba366dc3d144510bfd7cda771795f3d","3976","2026-07-26T09:23:16Z"
"mevnet-3977-shell-recharge","mevnet-3977","Shell Recharge","5","5","0","Not published by MEVnet","Not published by MEVnet","Not published by MEVnet","Not published by MEVnet","PLANMalaysia MEVnet","https://portaldev.planmalaysia.gov.my/portal/apps/dashboards/bba366dc3d144510bfd7cda771795f3d","3977","2026-07-26T09:23:16Z"
"mevnet-3978-jomcharge","mevnet-3978","JomCharge","2","2","0","Not published by MEVnet","Not published by MEVnet","Not published by MEVnet","Not published by MEVnet","PLANMalaysia MEVnet","https://portaldev.planmalaysia.gov.my/portal/apps/dashboards/bba366dc3d144510bfd7cda771795f3d","3978","2026-07-26T09:23:16Z"
"mevnet-3979-jomcharge","mevnet-3979","JomCharge","1","1","0","Not published by MEVnet","Not published by MEVnet","Not published by MEVnet","Not published by MEVnet","PLANMalaysia MEVnet","https://portaldev.planmalaysia.gov.my/portal/apps/dashboards/bba366dc3d144510bfd7cda771795f3d","3979","2026-07-26T09:23:16Z"
"mevnet-3980-others","mevnet-3980","Others","3","3","0","Not published by MEVnet","Not published by MEVnet","Not published by MEVnet","Not published by MEVnet","PLANMalaysia MEVnet","https://portaldev.planmalaysia.gov.my/portal/apps/dashboards/bba366dc3d144510bfd7cda771795f3d","3980","2026-07-26T09:23:16Z"
"mevnet-3981-shell-recharge","mevnet-3981","Shell Recharge","2","0","2","Not published by MEVnet","Not published by MEVnet","Not published by MEVnet","Not published by MEVnet","PLANMalaysia MEVnet","https://portaldev.planmalaysia.gov.my/portal/apps/dashboards/bba366dc3d144510bfd7cda771795f3d","3981","2026-07-26T09:23:16Z"
"mevnet-3982-gentari","mevnet-3982","Gentari","3","3","0","Not published by MEVnet","Not published by MEVnet","Not published by MEVnet","Not published by MEVnet","PLANMalaysia MEVnet","https://portaldev.planmalaysia.gov.my/portal/apps/dashboards/bba366dc3d144510bfd7cda771795f3d","3982","2026-07-26T09:23:16Z"
"mevnet-3983-jomcharge","mevnet-3983","JomCharge","1","0","1","Not published by MEVnet","Not published by MEVnet","Not published by MEVnet","Not published by MEVnet","PLANMalaysia MEVnet","https://portaldev.planmalaysia.gov.my/portal/apps/dashboards/bba366dc3d144510bfd7cda771795f3d","3983","2026-07-26T09:23:16Z"
"mevnet-3984-others","mevnet-3984","Others","4","2","2","Not published by MEVnet","Not published by MEVnet","Not published by MEVnet","Not published by MEVnet","PLANMalaysia MEVnet","https://portaldev.planmalaysia.gov.my/portal/apps/dashboards/bba366dc3d144510bfd7cda771795f3d","3984","2026-07-26T09:23:16Z"
"mevnet-3985-others","mevnet-3985","Others","2","2","0","Not published by MEVnet","Not published by MEVnet","Not published by MEVnet","Not published by MEVnet","PLANMalaysia MEVnet","https://portaldev.planmalaysia.gov.my/portal/apps/dashboards/bba366dc3d144510bfd7cda771795f3d","3985","2026-07-26T09:23:16Z"
"mevnet-3986-others","mevnet-3986","Others","3","3","0","Not published by MEVnet","Not published by MEVnet","Not published by MEVnet","Not published by MEVnet","PLANMalaysia MEVnet","https://portaldev.planmalaysia.gov.my/portal/apps/dashboards/bba366dc3d144510bfd7cda771795f3d","3986","2026-07-26T09:23:16Z"
"mevnet-3987-jomcharge","mevnet-3987","JomCharge","1","0","1","Not published by MEVnet","Not published by MEVnet","Not published by MEVnet","Not published by MEVnet","PLANMalaysia MEVnet","https://portaldev.planmalaysia.gov.my/portal/apps/dashboards/bba366dc3d144510bfd7cda771795f3d","3987","2026-07-26T09:23:16Z"
"mevnet-3988-others","mevnet-3988","Others","1","1","0","Not published by MEVnet","Not published by MEVnet","Not published by MEVnet","Not published by MEVnet","PLANMalaysia MEVnet","https://portaldev.planmalaysia.gov.my/portal/apps/dashboards/bba366dc3d144510bfd7cda771795f3d","3988","2026-07-26T09:23:16Z"
"mevnet-3989-others","mevnet-3989","Others","2","0","2","Not published by MEVnet","Not published by MEVnet","Not published by MEVnet","Not published by MEVnet","PLANMalaysia MEVnet","https://portaldev.planmalaysia.gov.my/portal/apps/dashboards/bba366dc3d144510bfd7cda771795f3d","3989","2026-07-26T09:23:16Z"
"mevnet-3990-others","mevnet-3990","Others","2","0","2","Not published by MEVnet","Not published by MEVnet","Not published by MEVnet","Not published by MEVnet","PLANMalaysia MEVnet","https://portaldev.planmalaysia.gov.my/portal/apps/dashboards/bba366dc3d144510bfd7cda771795f3d","3990","2026-07-26T09:23:16Z"
"mevnet-3991-gentari","mevnet-3991","Gentari","2","0","2","Not published by MEVnet","Not published by MEVnet","Not published by MEVnet","Not published by MEVnet","PLANMalaysia MEVnet","https://portaldev.planmalaysia.gov.my/portal/apps/dashboards/bba366dc3d144510bfd7cda771795f3d","3991","2026-07-26T09:23:16Z"
"mevnet-3992-chargev","mevnet-3992","chargEV","2","0","2","Not published by MEVnet","Not published by MEVnet","Not published by MEVnet","Not published by MEVnet","PLANMalaysia MEVnet","https://portaldev.planmalaysia.gov.my/portal/apps/dashboards/bba366dc3d144510bfd7cda771795f3d","3992","2026-07-26T09:23:16Z"
"mevnet-3993-others","mevnet-3993","Others","3","3","0","Not published by MEVnet","Not published by MEVnet","Not published by MEVnet","Not published by MEVnet","PLANMalaysia MEVnet","https://portaldev.planmalaysia.gov.my/portal/apps/dashboards/bba366dc3d144510bfd7cda771795f3d","3993","2026-07-26T09:23:16Z"
"mevnet-3994-jomcharge","mevnet-3994","JomCharge","7","7","0","Not published by MEVnet","Not published by MEVnet","Not published by MEVnet","Not published by MEVnet","PLANMalaysia MEVnet","https://portaldev.planmalaysia.gov.my/portal/apps/dashboards/bba366dc3d144510bfd7cda771795f3d","3994","2026-07-26T09:23:16Z"
"mevnet-3995-zap","mevnet-3995","Zap","1","1","0","Not published by MEVnet","Not published by MEVnet","Not published by MEVnet","Not published by MEVnet","PLANMalaysia MEVnet","https://portaldev.planmalaysia.gov.my/portal/apps/dashboards/bba366dc3d144510bfd7cda771795f3d","3995","2026-07-26T09:23:16Z"
"mevnet-3996-jomcharge","mevnet-3996","JomCharge","4","0","4","Not published by MEVnet","Not published by MEVnet","Not published by MEVnet","Not published by MEVnet","PLANMalaysia MEVnet","https://portaldev.planmalaysia.gov.my/portal/apps/dashboards/bba366dc3d144510bfd7cda771795f3d","3996","2026-07-26T09:23:16Z"
"mevnet-3997-others","mevnet-3997","Others","2","2","0","Not published by MEVnet","Not published by MEVnet","Not published by MEVnet","Not published by MEVnet","PLANMalaysia MEVnet","https://portaldev.planmalaysia.gov.my/portal/apps/dashboards/bba366dc3d144510bfd7cda771795f3d","3997","2026-07-26T09:23:16Z"
"mevnet-3998-gentari","mevnet-3998","Gentari","2","0","2","Not published by MEVnet","Not published by MEVnet","Not published by MEVnet","Not published by MEVnet","PLANMalaysia MEVnet","https://portaldev.planmalaysia.gov.my/portal/apps/dashboards/bba366dc3d144510bfd7cda771795f3d","3998","2026-07-26T09:23:16Z"
"mevnet-3999-gentari","mevnet-3999","Gentari","2","0","2","Not published by MEVnet","Not published by MEVnet","Not published by MEVnet","Not published by MEVnet","PLANMalaysia MEVnet","https://portaldev.planmalaysia.gov.my/portal/apps/dashboards/bba366dc3d144510bfd7cda771795f3d","3999","2026-07-26T09:23:16Z"
"mevnet-4000-chargengo","mevnet-4000","ChargeNGo","2","2","0","Not published by MEVnet","Not published by MEVnet","Not published by MEVnet","Not published by MEVnet","PLANMalaysia MEVnet","https://portaldev.planmalaysia.gov.my/portal/apps/dashboards/bba366dc3d144510bfd7cda771795f3d","4000","2026-07-26T09:23:16Z"
"mevnet-4001-jomcharge","mevnet-4001","JomCharge","3","3","0","Not published by MEVnet","Not published by MEVnet","Not published by MEVnet","Not published by MEVnet","PLANMalaysia MEVnet","https://portaldev.planmalaysia.gov.my/portal/apps/dashboards/bba366dc3d144510bfd7cda771795f3d","4001","2026-07-26T09:23:16Z"
"mevnet-4002-jomcharge","mevnet-4002","JomCharge","4","0","4","Not published by MEVnet","Not published by MEVnet","Not published by MEVnet","Not published by MEVnet","PLANMalaysia MEVnet","https://portaldev.planmalaysia.gov.my/portal/apps/dashboards/bba366dc3d144510bfd7cda771795f3d","4002","2026-07-26T09:23:16Z"
"mevnet-4003-jomcharge","mevnet-4003","JomCharge","2","0","2","Not published by MEVnet","Not published by MEVnet","Not published by MEVnet","Not published by MEVnet","PLANMalaysia MEVnet","https://portaldev.planmalaysia.gov.my/portal/apps/dashboards/bba366dc3d144510bfd7cda771795f3d","4003","2026-07-26T09:23:16Z"
"mevnet-4004-chargesini","mevnet-4004","ChargeSini","4","4","0","Not published by MEVnet","Not published by MEVnet","Not published by MEVnet","Not published by MEVnet","PLANMalaysia MEVnet","https://portaldev.planmalaysia.gov.my/portal/apps/dashboards/bba366dc3d144510bfd7cda771795f3d","4004","2026-07-26T09:23:16Z"
"mevnet-4005-chargesini","mevnet-4005","ChargeSini","3","3","0","Not published by MEVnet","Not published by MEVnet","Not published by MEVnet","Not published by MEVnet","PLANMalaysia MEVnet","https://portaldev.planmalaysia.gov.my/portal/apps/dashboards/bba366dc3d144510bfd7cda771795f3d","4005","2026-07-26T09:23:16Z"
"mevnet-4006-mini","mevnet-4006","MINI","4","4","0","Not published by MEVnet","Not published by MEVnet","Not published by MEVnet","Not published by MEVnet","PLANMalaysia MEVnet","https://portaldev.planmalaysia.gov.my/portal/apps/dashboards/bba366dc3d144510bfd7cda771795f3d","4006","2026-07-26T09:23:16Z"
"mevnet-4007-chargesini","mevnet-4007","ChargeSini","4","2","2","Not published by MEVnet","Not published by MEVnet","Not published by MEVnet","Not published by MEVnet","PLANMalaysia MEVnet","https://portaldev.planmalaysia.gov.my/portal/apps/dashboards/bba366dc3d144510bfd7cda771795f3d","4007","2026-07-26T09:23:16Z"
"mevnet-4008-others","mevnet-4008","Others","1","1","0","Not published by MEVnet","Not published by MEVnet","Not published by MEVnet","Not published by MEVnet","PLANMalaysia MEVnet","https://portaldev.planmalaysia.gov.my/portal/apps/dashboards/bba366dc3d144510bfd7cda771795f3d","4008","2026-07-26T09:23:16Z"
"mevnet-4009-others","mevnet-4009","Others","3","3","0","Not published by MEVnet","Not published by MEVnet","Not published by MEVnet","Not published by MEVnet","PLANMalaysia MEVnet","https://portaldev.planmalaysia.gov.my/portal/apps/dashboards/bba366dc3d144510bfd7cda771795f3d","4009","2026-07-26T09:23:16Z"
"mevnet-4010-others","mevnet-4010","Others","1","1","0","Not published by MEVnet","Not published by MEVnet","Not published by MEVnet","Not published by MEVnet","PLANMalaysia MEVnet","https://portaldev.planmalaysia.gov.my/portal/apps/dashboards/bba366dc3d144510bfd7cda771795f3d","4010","2026-07-26T09:23:16Z"
"mevnet-4011-chargesini","mevnet-4011","ChargeSini","4","4","0","Not published by MEVnet","Not published by MEVnet","Not published by MEVnet","Not published by MEVnet","PLANMalaysia MEVnet","https://portaldev.planmalaysia.gov.my/portal/apps/dashboards/bba366dc3d144510bfd7cda771795f3d","4011","2026-07-26T09:23:16Z"
"mevnet-4012-chargesini","mevnet-4012","ChargeSini","4","4","0","Not published by MEVnet","Not published by MEVnet","Not published by MEVnet","Not published by MEVnet","PLANMalaysia MEVnet","https://portaldev.planmalaysia.gov.my/portal/apps/dashboards/bba366dc3d144510bfd7cda771795f3d","4012","2026-07-26T09:23:16Z"
"mevnet-4013-chargesini","mevnet-4013","ChargeSini","3","3","0","Not published by MEVnet","Not published by MEVnet","Not published by MEVnet","Not published by MEVnet","PLANMalaysia MEVnet","https://portaldev.planmalaysia.gov.my/portal/apps/dashboards/bba366dc3d144510bfd7cda771795f3d","4013","2026-07-26T09:23:16Z"
"mevnet-4014-others","mevnet-4014","Others","4","4","0","Not published by MEVnet","Not published by MEVnet","Not published by MEVnet","Not published by MEVnet","PLANMalaysia MEVnet","https://portaldev.planmalaysia.gov.my/portal/apps/dashboards/bba366dc3d144510bfd7cda771795f3d","4014","2026-07-26T09:23:16Z"
"mevnet-4015-others","mevnet-4015","Others","2","2","0","Not published by MEVnet","Not published by MEVnet","Not published by MEVnet","Not published by MEVnet","PLANMalaysia MEVnet","https://portaldev.planmalaysia.gov.my/portal/apps/dashboards/bba366dc3d144510bfd7cda771795f3d","4015","2026-07-26T09:23:16Z"
"mevnet-4016-zap","mevnet-4016","Zap","2","2","0","Not published by MEVnet","Not published by MEVnet","Not published by MEVnet","Not published by MEVnet","PLANMalaysia MEVnet","https://portaldev.planmalaysia.gov.my/portal/apps/dashboards/bba366dc3d144510bfd7cda771795f3d","4016","2026-07-26T09:23:16Z"
"mevnet-4017-others","mevnet-4017","Others","4","0","4","Not published by MEVnet","Not published by MEVnet","Not published by MEVnet","Not published by MEVnet","PLANMalaysia MEVnet","https://portaldev.planmalaysia.gov.my/portal/apps/dashboards/bba366dc3d144510bfd7cda771795f3d","4017","2026-07-26T09:23:16Z"
"mevnet-4018-gentari","mevnet-4018","Gentari","2","0","2","Not published by MEVnet","Not published by MEVnet","Not published by MEVnet","Not published by MEVnet","PLANMalaysia MEVnet","https://portaldev.planmalaysia.gov.my/portal/apps/dashboards/bba366dc3d144510bfd7cda771795f3d","4018","2026-07-26T09:23:16Z"
"mevnet-4019-gentari","mevnet-4019","Gentari","5","5","0","Not published by MEVnet","Not published by MEVnet","Not published by MEVnet","Not published by MEVnet","PLANMalaysia MEVnet","https://portaldev.planmalaysia.gov.my/portal/apps/dashboards/bba366dc3d144510bfd7cda771795f3d","4019","2026-07-26T09:23:16Z"
"mevnet-4020-chargesini","mevnet-4020","ChargeSini","2","0","2","Not published by MEVnet","Not published by MEVnet","Not published by MEVnet","Not published by MEVnet","PLANMalaysia MEVnet","https://portaldev.planmalaysia.gov.my/portal/apps/dashboards/bba366dc3d144510bfd7cda771795f3d","4020","2026-07-26T09:23:16Z"
"mevnet-4021-chargev","mevnet-4021","chargEV","2","2","0","Not published by MEVnet","Not published by MEVnet","Not published by MEVnet","Not published by MEVnet","PLANMalaysia MEVnet","https://portaldev.planmalaysia.gov.my/portal/apps/dashboards/bba366dc3d144510bfd7cda771795f3d","4021","2026-07-26T09:23:16Z"
"mevnet-4022-others","mevnet-4022","Others","4","4","0","Not published by MEVnet","Not published by MEVnet","Not published by MEVnet","Not published by MEVnet","PLANMalaysia MEVnet","https://portaldev.planmalaysia.gov.my/portal/apps/dashboards/bba366dc3d144510bfd7cda771795f3d","4022","2026-07-26T09:23:16Z"
"mevnet-4023-tnbx-gotou-","mevnet-4023","TNBX (GoToU)","2","0","2","Not published by MEVnet","Not published by MEVnet","Not published by MEVnet","Not published by MEVnet","PLANMalaysia MEVnet","https://portaldev.planmalaysia.gov.my/portal/apps/dashboards/bba366dc3d144510bfd7cda771795f3d","4023","2026-07-26T09:23:16Z"
"mevnet-4024-flexi-parking","mevnet-4024","Flexi Parking","2","2","0","Not published by MEVnet","Not published by MEVnet","Not published by MEVnet","Not published by MEVnet","PLANMalaysia MEVnet","https://portaldev.planmalaysia.gov.my/portal/apps/dashboards/bba366dc3d144510bfd7cda771795f3d","4024","2026-07-26T09:23:16Z"
"mevnet-4025-flexi-parking","mevnet-4025","Flexi Parking","2","2","0","Not published by MEVnet","Not published by MEVnet","Not published by MEVnet","Not published by MEVnet","PLANMalaysia MEVnet","https://portaldev.planmalaysia.gov.my/portal/apps/dashboards/bba366dc3d144510bfd7cda771795f3d","4025","2026-07-26T09:23:16Z"
"mevnet-4030-flexi-parking","mevnet-4030","Flexi Parking","2","2","0","Not published by MEVnet","Not published by MEVnet","Not published by MEVnet","Not published by MEVnet","PLANMalaysia MEVnet","https://portaldev.planmalaysia.gov.my/portal/apps/dashboards/bba366dc3d144510bfd7cda771795f3d","4030","2026-07-26T09:23:16Z"
"mevnet-4031-zap","mevnet-4031","Zap","2","2","0","Not published by MEVnet","Not published by MEVnet","Not published by MEVnet","Not published by MEVnet","PLANMalaysia MEVnet","https://portaldev.planmalaysia.gov.my/portal/apps/dashboards/bba366dc3d144510bfd7cda771795f3d","4031","2026-07-26T09:23:16Z"
"mevnet-4037-flexi-parking","mevnet-4037","Flexi Parking","2","2","0","Not published by MEVnet","Not published by MEVnet","Not published by MEVnet","Not published by MEVnet","PLANMalaysia MEVnet","https://portaldev.planmalaysia.gov.my/portal/apps/dashboards/bba366dc3d144510bfd7cda771795f3d","4037","2026-07-26T09:23:16Z"
"mevnet-4038-others","mevnet-4038","Others","2","2","0","Not published by MEVnet","Not published by MEVnet","Not published by MEVnet","Not published by MEVnet","PLANMalaysia MEVnet","https://portaldev.planmalaysia.gov.my/portal/apps/dashboards/bba366dc3d144510bfd7cda771795f3d","4038","2026-07-26T09:23:16Z"
"mevnet-4039-others","mevnet-4039","Others","2","2","0","Not published by MEVnet","Not published by MEVnet","Not published by MEVnet","Not published by MEVnet","PLANMalaysia MEVnet","https://portaldev.planmalaysia.gov.my/portal/apps/dashboards/bba366dc3d144510bfd7cda771795f3d","4039","2026-07-26T09:23:16Z"
"mevnet-4040-others","mevnet-4040","Others","2","0","2","Not published by MEVnet","Not published by MEVnet","Not published by MEVnet","Not published by MEVnet","PLANMalaysia MEVnet","https://portaldev.planmalaysia.gov.my/portal/apps/dashboards/bba366dc3d144510bfd7cda771795f3d","4040","2026-07-26T09:23:16Z"
"mevnet-4041-others","mevnet-4041","Others","1","1","0","Not published by MEVnet","Not published by MEVnet","Not published by MEVnet","Not published by MEVnet","PLANMalaysia MEVnet","https://portaldev.planmalaysia.gov.my/portal/apps/dashboards/bba366dc3d144510bfd7cda771795f3d","4041","2026-07-26T09:23:16Z"
"mevnet-4042-others","mevnet-4042","Others","2","2","0","Not published by MEVnet","Not published by MEVnet","Not published by MEVnet","Not published by MEVnet","PLANMalaysia MEVnet","https://portaldev.planmalaysia.gov.my/portal/apps/dashboards/bba366dc3d144510bfd7cda771795f3d","4042","2026-07-26T09:23:16Z"
"mevnet-4043-others","mevnet-4043","Others","2","2","0","Not published by MEVnet","Not published by MEVnet","Not published by MEVnet","Not published by MEVnet","PLANMalaysia MEVnet","https://portaldev.planmalaysia.gov.my/portal/apps/dashboards/bba366dc3d144510bfd7cda771795f3d","4043","2026-07-26T09:23:16Z"
"mevnet-4044-others","mevnet-4044","Others","4","4","0","Not published by MEVnet","Not published by MEVnet","Not published by MEVnet","Not published by MEVnet","PLANMalaysia MEVnet","https://portaldev.planmalaysia.gov.my/portal/apps/dashboards/bba366dc3d144510bfd7cda771795f3d","4044","2026-07-26T09:23:16Z"
"mevnet-4046-others","mevnet-4046","Others","3","3","0","Not published by MEVnet","Not published by MEVnet","Not published by MEVnet","Not published by MEVnet","PLANMalaysia MEVnet","https://portaldev.planmalaysia.gov.my/portal/apps/dashboards/bba366dc3d144510bfd7cda771795f3d","4046","2026-07-26T09:23:16Z"
"mevnet-4047-others","mevnet-4047","Others","2","0","2","Not published by MEVnet","Not published by MEVnet","Not published by MEVnet","Not published by MEVnet","PLANMalaysia MEVnet","https://portaldev.planmalaysia.gov.my/portal/apps/dashboards/bba366dc3d144510bfd7cda771795f3d","4047","2026-07-26T09:23:16Z"
"mevnet-4048-others","mevnet-4048","Others","3","3","0","Not published by MEVnet","Not published by MEVnet","Not published by MEVnet","Not published by MEVnet","PLANMalaysia MEVnet","https://portaldev.planmalaysia.gov.my/portal/apps/dashboards/bba366dc3d144510bfd7cda771795f3d","4048","2026-07-26T09:23:16Z"
"mevnet-4049-others","mevnet-4049","Others","2","0","2","Not published by MEVnet","Not published by MEVnet","Not published by MEVnet","Not published by MEVnet","PLANMalaysia MEVnet","https://portaldev.planmalaysia.gov.my/portal/apps/dashboards/bba366dc3d144510bfd7cda771795f3d","4049","2026-07-26T09:23:16Z"
"mevnet-4050-others","mevnet-4050","Others","4","0","4","Not published by MEVnet","Not published by MEVnet","Not published by MEVnet","Not published by MEVnet","PLANMalaysia MEVnet","https://portaldev.planmalaysia.gov.my/portal/apps/dashboards/bba366dc3d144510bfd7cda771795f3d","4050","2026-07-26T09:23:16Z"
"mevnet-4051-others","mevnet-4051","Others","4","0","4","Not published by MEVnet","Not published by MEVnet","Not published by MEVnet","Not published by MEVnet","PLANMalaysia MEVnet","https://portaldev.planmalaysia.gov.my/portal/apps/dashboards/bba366dc3d144510bfd7cda771795f3d","4051","2026-07-26T09:23:16Z"
"mevnet-4052-others","mevnet-4052","Others","2","0","2","Not published by MEVnet","Not published by MEVnet","Not published by MEVnet","Not published by MEVnet","PLANMalaysia MEVnet","https://portaldev.planmalaysia.gov.my/portal/apps/dashboards/bba366dc3d144510bfd7cda771795f3d","4052","2026-07-26T09:23:16Z"
"mevnet-4053-chargesini","mevnet-4053","ChargeSini","6","6","0","Not published by MEVnet","Not published by MEVnet","Not published by MEVnet","Not published by MEVnet","PLANMalaysia MEVnet","https://portaldev.planmalaysia.gov.my/portal/apps/dashboards/bba366dc3d144510bfd7cda771795f3d","4053","2026-07-26T09:23:16Z"
"mevnet-4054-chargesini","mevnet-4054","ChargeSini","2","2","0","Not published by MEVnet","Not published by MEVnet","Not published by MEVnet","Not published by MEVnet","PLANMalaysia MEVnet","https://portaldev.planmalaysia.gov.my/portal/apps/dashboards/bba366dc3d144510bfd7cda771795f3d","4054","2026-07-26T09:23:16Z"
"mevnet-4055-chargesini","mevnet-4055","ChargeSini","2","2","0","Not published by MEVnet","Not published by MEVnet","Not published by MEVnet","Not published by MEVnet","PLANMalaysia MEVnet","https://portaldev.planmalaysia.gov.my/portal/apps/dashboards/bba366dc3d144510bfd7cda771795f3d","4055","2026-07-26T09:23:16Z"
"mevnet-4056-chargesini","mevnet-4056","ChargeSini","2","0","2","Not published by MEVnet","Not published by MEVnet","Not published by MEVnet","Not published by MEVnet","PLANMalaysia MEVnet","https://portaldev.planmalaysia.gov.my/portal/apps/dashboards/bba366dc3d144510bfd7cda771795f3d","4056","2026-07-26T09:23:16Z"
"mevnet-4057-chargesini","mevnet-4057","ChargeSini","6","6","0","Not published by MEVnet","Not published by MEVnet","Not published by MEVnet","Not published by MEVnet","PLANMalaysia MEVnet","https://portaldev.planmalaysia.gov.my/portal/apps/dashboards/bba366dc3d144510bfd7cda771795f3d","4057","2026-07-26T09:23:16Z"
"mevnet-4058-chargesini","mevnet-4058","ChargeSini","5","1","4","Not published by MEVnet","Not published by MEVnet","Not published by MEVnet","Not published by MEVnet","PLANMalaysia MEVnet","https://portaldev.planmalaysia.gov.my/portal/apps/dashboards/bba366dc3d144510bfd7cda771795f3d","4058","2026-07-26T09:23:16Z"
"mevnet-4059-chargesini","mevnet-4059","ChargeSini","4","2","2","Not published by MEVnet","Not published by MEVnet","Not published by MEVnet","Not published by MEVnet","PLANMalaysia MEVnet","https://portaldev.planmalaysia.gov.my/portal/apps/dashboards/bba366dc3d144510bfd7cda771795f3d","4059","2026-07-26T09:23:16Z"
"mevnet-4060-chargesini","mevnet-4060","ChargeSini","4","4","0","Not published by MEVnet","Not published by MEVnet","Not published by MEVnet","Not published by MEVnet","PLANMalaysia MEVnet","https://portaldev.planmalaysia.gov.my/portal/apps/dashboards/bba366dc3d144510bfd7cda771795f3d","4060","2026-07-26T09:23:16Z"
"mevnet-4061-chargesini","mevnet-4061","ChargeSini","6","6","0","Not published by MEVnet","Not published by MEVnet","Not published by MEVnet","Not published by MEVnet","PLANMalaysia MEVnet","https://portaldev.planmalaysia.gov.my/portal/apps/dashboards/bba366dc3d144510bfd7cda771795f3d","4061","2026-07-26T09:23:16Z"
"mevnet-4062-chargesini","mevnet-4062","ChargeSini","4","2","2","Not published by MEVnet","Not published by MEVnet","Not published by MEVnet","Not published by MEVnet","PLANMalaysia MEVnet","https://portaldev.planmalaysia.gov.my/portal/apps/dashboards/bba366dc3d144510bfd7cda771795f3d","4062","2026-07-26T09:23:16Z"
"mevnet-4063-chargesini","mevnet-4063","ChargeSini","3","3","0","Not published by MEVnet","Not published by MEVnet","Not published by MEVnet","Not published by MEVnet","PLANMalaysia MEVnet","https://portaldev.planmalaysia.gov.my/portal/apps/dashboards/bba366dc3d144510bfd7cda771795f3d","4063","2026-07-26T09:23:16Z"
"mevnet-4064-chargesini","mevnet-4064","ChargeSini","4","4","0","Not published by MEVnet","Not published by MEVnet","Not published by MEVnet","Not published by MEVnet","PLANMalaysia MEVnet","https://portaldev.planmalaysia.gov.my/portal/apps/dashboards/bba366dc3d144510bfd7cda771795f3d","4064","2026-07-26T09:23:16Z"
"mevnet-4065-chargesini","mevnet-4065","ChargeSini","3","3","0","Not published by MEVnet","Not published by MEVnet","Not published by MEVnet","Not published by MEVnet","PLANMalaysia MEVnet","https://portaldev.planmalaysia.gov.my/portal/apps/dashboards/bba366dc3d144510bfd7cda771795f3d","4065","2026-07-26T09:23:16Z"
"mevnet-4066-chargesini","mevnet-4066","ChargeSini","2","0","2","Not published by MEVnet","Not published by MEVnet","Not published by MEVnet","Not published by MEVnet","PLANMalaysia MEVnet","https://portaldev.planmalaysia.gov.my/portal/apps/dashboards/bba366dc3d144510bfd7cda771795f3d","4066","2026-07-26T09:23:16Z"
"mevnet-4067-chargesini","mevnet-4067","ChargeSini","2","0","2","Not published by MEVnet","Not published by MEVnet","Not published by MEVnet","Not published by MEVnet","PLANMalaysia MEVnet","https://portaldev.planmalaysia.gov.my/portal/apps/dashboards/bba366dc3d144510bfd7cda771795f3d","4067","2026-07-26T09:23:16Z"
"mevnet-4068-chargesini","mevnet-4068","ChargeSini","6","2","4","Not published by MEVnet","Not published by MEVnet","Not published by MEVnet","Not published by MEVnet","PLANMalaysia MEVnet","https://portaldev.planmalaysia.gov.my/portal/apps/dashboards/bba366dc3d144510bfd7cda771795f3d","4068","2026-07-26T09:23:16Z"
"mevnet-4069-chargesini","mevnet-4069","ChargeSini","4","2","2","Not published by MEVnet","Not published by MEVnet","Not published by MEVnet","Not published by MEVnet","PLANMalaysia MEVnet","https://portaldev.planmalaysia.gov.my/portal/apps/dashboards/bba366dc3d144510bfd7cda771795f3d","4069","2026-07-26T09:23:16Z"
"mevnet-4070-chargesini","mevnet-4070","ChargeSini","3","3","0","Not published by MEVnet","Not published by MEVnet","Not published by MEVnet","Not published by MEVnet","PLANMalaysia MEVnet","https://portaldev.planmalaysia.gov.my/portal/apps/dashboards/bba366dc3d144510bfd7cda771795f3d","4070","2026-07-26T09:23:16Z"
"mevnet-4071-chargesini","mevnet-4071","ChargeSini","3","1","2","Not published by MEVnet","Not published by MEVnet","Not published by MEVnet","Not published by MEVnet","PLANMalaysia MEVnet","https://portaldev.planmalaysia.gov.my/portal/apps/dashboards/bba366dc3d144510bfd7cda771795f3d","4071","2026-07-26T09:23:16Z"
"mevnet-4072-chargesini","mevnet-4072","ChargeSini","4","2","2","Not published by MEVnet","Not published by MEVnet","Not published by MEVnet","Not published by MEVnet","PLANMalaysia MEVnet","https://portaldev.planmalaysia.gov.my/portal/apps/dashboards/bba366dc3d144510bfd7cda771795f3d","4072","2026-07-26T09:23:16Z"
"mevnet-4073-chargesini","mevnet-4073","ChargeSini","4","2","2","Not published by MEVnet","Not published by MEVnet","Not published by MEVnet","Not published by MEVnet","PLANMalaysia MEVnet","https://portaldev.planmalaysia.gov.my/portal/apps/dashboards/bba366dc3d144510bfd7cda771795f3d","4073","2026-07-26T09:23:16Z"
"mevnet-4074-chargesini","mevnet-4074","ChargeSini","4","4","0","Not published by MEVnet","Not published by MEVnet","Not published by MEVnet","Not published by MEVnet","PLANMalaysia MEVnet","https://portaldev.planmalaysia.gov.my/portal/apps/dashboards/bba366dc3d144510bfd7cda771795f3d","4074","2026-07-26T09:23:16Z"
"mevnet-4075-chargesini","mevnet-4075","ChargeSini","3","3","0","Not published by MEVnet","Not published by MEVnet","Not published by MEVnet","Not published by MEVnet","PLANMalaysia MEVnet","https://portaldev.planmalaysia.gov.my/portal/apps/dashboards/bba366dc3d144510bfd7cda771795f3d","4075","2026-07-26T09:23:16Z"
"mevnet-4076-others","mevnet-4076","Others","3","3","0","Not published by MEVnet","Not published by MEVnet","Not published by MEVnet","Not published by MEVnet","PLANMalaysia MEVnet","https://portaldev.planmalaysia.gov.my/portal/apps/dashboards/bba366dc3d144510bfd7cda771795f3d","4076","2026-07-26T09:23:16Z"
"mevnet-4077-chargesini","mevnet-4077","ChargeSini","3","1","2","Not published by MEVnet","Not published by MEVnet","Not published by MEVnet","Not published by MEVnet","PLANMalaysia MEVnet","https://portaldev.planmalaysia.gov.my/portal/apps/dashboards/bba366dc3d144510bfd7cda771795f3d","4077","2026-07-26T09:23:16Z"
"mevnet-4078-jomcharge","mevnet-4078","JomCharge","2","1","2","Not published by MEVnet","Not published by MEVnet","Not published by MEVnet","Not published by MEVnet","PLANMalaysia MEVnet","https://portaldev.planmalaysia.gov.my/portal/apps/dashboards/bba366dc3d144510bfd7cda771795f3d","4078","2026-07-26T09:23:16Z"
"mevnet-4078-others","mevnet-4078","Others","1","1","2","Not published by MEVnet","Not published by MEVnet","Not published by MEVnet","Not published by MEVnet","PLANMalaysia MEVnet","https://portaldev.planmalaysia.gov.my/portal/apps/dashboards/bba366dc3d144510bfd7cda771795f3d","4078","2026-07-26T09:23:16Z"
"mevnet-4079-jomcharge","mevnet-4079","JomCharge","4","0","4","Not published by MEVnet","Not published by MEVnet","Not published by MEVnet","Not published by MEVnet","PLANMalaysia MEVnet","https://portaldev.planmalaysia.gov.my/portal/apps/dashboards/bba366dc3d144510bfd7cda771795f3d","4079","2026-07-26T09:23:16Z"
"mevnet-4080-jomcharge","mevnet-4080","JomCharge","4","0","4","Not published by MEVnet","Not published by MEVnet","Not published by MEVnet","Not published by MEVnet","PLANMalaysia MEVnet","https://portaldev.planmalaysia.gov.my/portal/apps/dashboards/bba366dc3d144510bfd7cda771795f3d","4080","2026-07-26T09:23:16Z"
"mevnet-4081-jomcharge","mevnet-4081","JomCharge","2","0","2","Not published by MEVnet","Not published by MEVnet","Not published by MEVnet","Not published by MEVnet","PLANMalaysia MEVnet","https://portaldev.planmalaysia.gov.my/portal/apps/dashboards/bba366dc3d144510bfd7cda771795f3d","4081","2026-07-26T09:23:16Z"
"mevnet-4082-jomcharge","mevnet-4082","JomCharge","1","0","1","Not published by MEVnet","Not published by MEVnet","Not published by MEVnet","Not published by MEVnet","PLANMalaysia MEVnet","https://portaldev.planmalaysia.gov.my/portal/apps/dashboards/bba366dc3d144510bfd7cda771795f3d","4082","2026-07-26T09:23:16Z"
"mevnet-4083-jomcharge","mevnet-4083","JomCharge","2","0","2","Not published by MEVnet","Not published by MEVnet","Not published by MEVnet","Not published by MEVnet","PLANMalaysia MEVnet","https://portaldev.planmalaysia.gov.my/portal/apps/dashboards/bba366dc3d144510bfd7cda771795f3d","4083","2026-07-26T09:23:16Z"
"mevnet-4084-zap","mevnet-4084","Zap","2","0","2","Not published by MEVnet","Not published by MEVnet","Not published by MEVnet","Not published by MEVnet","PLANMalaysia MEVnet","https://portaldev.planmalaysia.gov.my/portal/apps/dashboards/bba366dc3d144510bfd7cda771795f3d","4084","2026-07-26T09:23:16Z"
"mevnet-4085-zap","mevnet-4085","Zap","2","0","2","Not published by MEVnet","Not published by MEVnet","Not published by MEVnet","Not published by MEVnet","PLANMalaysia MEVnet","https://portaldev.planmalaysia.gov.my/portal/apps/dashboards/bba366dc3d144510bfd7cda771795f3d","4085","2026-07-26T09:23:16Z"
"mevnet-4086-zap","mevnet-4086","Zap","2","0","2","Not published by MEVnet","Not published by MEVnet","Not published by MEVnet","Not published by MEVnet","PLANMalaysia MEVnet","https://portaldev.planmalaysia.gov.my/portal/apps/dashboards/bba366dc3d144510bfd7cda771795f3d","4086","2026-07-26T09:23:16Z"
"mevnet-4087-zap","mevnet-4087","Zap","2","0","2","Not published by MEVnet","Not published by MEVnet","Not published by MEVnet","Not published by MEVnet","PLANMalaysia MEVnet","https://portaldev.planmalaysia.gov.my/portal/apps/dashboards/bba366dc3d144510bfd7cda771795f3d","4087","2026-07-26T09:23:16Z"
"mevnet-4088-zap","mevnet-4088","Zap","2","2","0","Not published by MEVnet","Not published by MEVnet","Not published by MEVnet","Not published by MEVnet","PLANMalaysia MEVnet","https://portaldev.planmalaysia.gov.my/portal/apps/dashboards/bba366dc3d144510bfd7cda771795f3d","4088","2026-07-26T09:23:16Z"
"mevnet-4089-zap","mevnet-4089","Zap","2","0","2","Not published by MEVnet","Not published by MEVnet","Not published by MEVnet","Not published by MEVnet","PLANMalaysia MEVnet","https://portaldev.planmalaysia.gov.my/portal/apps/dashboards/bba366dc3d144510bfd7cda771795f3d","4089","2026-07-26T09:23:16Z"
"mevnet-4090-gentari","mevnet-4090","Gentari","2","0","2","Not published by MEVnet","Not published by MEVnet","Not published by MEVnet","Not published by MEVnet","PLANMalaysia MEVnet","https://portaldev.planmalaysia.gov.my/portal/apps/dashboards/bba366dc3d144510bfd7cda771795f3d","4090","2026-07-26T09:23:16Z"
"mevnet-4091-jomcharge","mevnet-4091","JomCharge","2","2","0","Not published by MEVnet","Not published by MEVnet","Not published by MEVnet","Not published by MEVnet","PLANMalaysia MEVnet","https://portaldev.planmalaysia.gov.my/portal/apps/dashboards/bba366dc3d144510bfd7cda771795f3d","4091","2026-07-26T09:23:16Z"
"mevnet-4092-gentari","mevnet-4092","Gentari","2","2","0","Not published by MEVnet","Not published by MEVnet","Not published by MEVnet","Not published by MEVnet","PLANMalaysia MEVnet","https://portaldev.planmalaysia.gov.my/portal/apps/dashboards/bba366dc3d144510bfd7cda771795f3d","4092","2026-07-26T09:23:16Z"
"mevnet-4093-others","mevnet-4093","Others","3","3","0","Not published by MEVnet","Not published by MEVnet","Not published by MEVnet","Not published by MEVnet","PLANMalaysia MEVnet","https://portaldev.planmalaysia.gov.my/portal/apps/dashboards/bba366dc3d144510bfd7cda771795f3d","4093","2026-07-26T09:23:16Z"
"mevnet-4094-others","mevnet-4094","Others","3","3","0","Not published by MEVnet","Not published by MEVnet","Not published by MEVnet","Not published by MEVnet","PLANMalaysia MEVnet","https://portaldev.planmalaysia.gov.my/portal/apps/dashboards/bba366dc3d144510bfd7cda771795f3d","4094","2026-07-26T09:23:16Z"
"mevnet-4095-others","mevnet-4095","Others","2","2","0","Not published by MEVnet","Not published by MEVnet","Not published by MEVnet","Not published by MEVnet","PLANMalaysia MEVnet","https://portaldev.planmalaysia.gov.my/portal/apps/dashboards/bba366dc3d144510bfd7cda771795f3d","4095","2026-07-26T09:23:16Z"
"mevnet-4096-others","mevnet-4096","Others","2","2","0","Not published by MEVnet","Not published by MEVnet","Not published by MEVnet","Not published by MEVnet","PLANMalaysia MEVnet","https://portaldev.planmalaysia.gov.my/portal/apps/dashboards/bba366dc3d144510bfd7cda771795f3d","4096","2026-07-26T09:23:16Z"
"mevnet-4097-others","mevnet-4097","Others","2","2","0","Not published by MEVnet","Not published by MEVnet","Not published by MEVnet","Not published by MEVnet","PLANMalaysia MEVnet","https://portaldev.planmalaysia.gov.my/portal/apps/dashboards/bba366dc3d144510bfd7cda771795f3d","4097","2026-07-26T09:23:16Z"
"mevnet-4098-others","mevnet-4098","Others","3","3","0","Not published by MEVnet","Not published by MEVnet","Not published by MEVnet","Not published by MEVnet","PLANMalaysia MEVnet","https://portaldev.planmalaysia.gov.my/portal/apps/dashboards/bba366dc3d144510bfd7cda771795f3d","4098","2026-07-26T09:23:16Z"
"mevnet-4099-others","mevnet-4099","Others","2","2","0","Not published by MEVnet","Not published by MEVnet","Not published by MEVnet","Not published by MEVnet","PLANMalaysia MEVnet","https://portaldev.planmalaysia.gov.my/portal/apps/dashboards/bba366dc3d144510bfd7cda771795f3d","4099","2026-07-26T09:23:16Z"
"mevnet-4100-others","mevnet-4100","Others","2","2","0","Not published by MEVnet","Not published by MEVnet","Not published by MEVnet","Not published by MEVnet","PLANMalaysia MEVnet","https://portaldev.planmalaysia.gov.my/portal/apps/dashboards/bba366dc3d144510bfd7cda771795f3d","4100","2026-07-26T09:23:16Z"
"mevnet-4101-others","mevnet-4101","Others","3","3","0","Not published by MEVnet","Not published by MEVnet","Not published by MEVnet","Not published by MEVnet","PLANMalaysia MEVnet","https://portaldev.planmalaysia.gov.my/portal/apps/dashboards/bba366dc3d144510bfd7cda771795f3d","4101","2026-07-26T09:23:16Z"
"mevnet-4102-others","mevnet-4102","Others","1","1","0","Not published by MEVnet","Not published by MEVnet","Not published by MEVnet","Not published by MEVnet","PLANMalaysia MEVnet","https://portaldev.planmalaysia.gov.my/portal/apps/dashboards/bba366dc3d144510bfd7cda771795f3d","4102","2026-07-26T09:23:16Z"
"mevnet-4103-jomcharge","mevnet-4103","JomCharge","2","2","0","Not published by MEVnet","Not published by MEVnet","Not published by MEVnet","Not published by MEVnet","PLANMalaysia MEVnet","https://portaldev.planmalaysia.gov.my/portal/apps/dashboards/bba366dc3d144510bfd7cda771795f3d","4103","2026-07-26T09:23:16Z"
"mevnet-4104-chargev","mevnet-4104","chargEV","4","4","0","Not published by MEVnet","Not published by MEVnet","Not published by MEVnet","Not published by MEVnet","PLANMalaysia MEVnet","https://portaldev.planmalaysia.gov.my/portal/apps/dashboards/bba366dc3d144510bfd7cda771795f3d","4104","2026-07-26T09:23:16Z"
"mevnet-4105-others","mevnet-4105","Others","2","0","2","Not published by MEVnet","Not published by MEVnet","Not published by MEVnet","Not published by MEVnet","PLANMalaysia MEVnet","https://portaldev.planmalaysia.gov.my/portal/apps/dashboards/bba366dc3d144510bfd7cda771795f3d","4105","2026-07-26T09:23:16Z"
"mevnet-4106-others","mevnet-4106","Others","4","4","0","Not published by MEVnet","Not published by MEVnet","Not published by MEVnet","Not published by MEVnet","PLANMalaysia MEVnet","https://portaldev.planmalaysia.gov.my/portal/apps/dashboards/bba366dc3d144510bfd7cda771795f3d","4106","2026-07-26T09:23:16Z"
"mevnet-4107-others","mevnet-4107","Others","1","1","0","Not published by MEVnet","Not published by MEVnet","Not published by MEVnet","Not published by MEVnet","PLANMalaysia MEVnet","https://portaldev.planmalaysia.gov.my/portal/apps/dashboards/bba366dc3d144510bfd7cda771795f3d","4107","2026-07-26T09:23:16Z"
"mevnet-4108-others","mevnet-4108","Others","1","1","0","Not published by MEVnet","Not published by MEVnet","Not published by MEVnet","Not published by MEVnet","PLANMalaysia MEVnet","https://portaldev.planmalaysia.gov.my/portal/apps/dashboards/bba366dc3d144510bfd7cda771795f3d","4108","2026-07-26T09:23:16Z"
"mevnet-4109-others","mevnet-4109","Others","2","2","0","Not published by MEVnet","Not published by MEVnet","Not published by MEVnet","Not published by MEVnet","PLANMalaysia MEVnet","https://portaldev.planmalaysia.gov.my/portal/apps/dashboards/bba366dc3d144510bfd7cda771795f3d","4109","2026-07-26T09:23:16Z"
"mevnet-4110-others","mevnet-4110","Others","2","2","0","Not published by MEVnet","Not published by MEVnet","Not published by MEVnet","Not published by MEVnet","PLANMalaysia MEVnet","https://portaldev.planmalaysia.gov.my/portal/apps/dashboards/bba366dc3d144510bfd7cda771795f3d","4110","2026-07-26T09:23:16Z"
"mevnet-4111-others","mevnet-4111","Others","2","2","0","Not published by MEVnet","Not published by MEVnet","Not published by MEVnet","Not published by MEVnet","PLANMalaysia MEVnet","https://portaldev.planmalaysia.gov.my/portal/apps/dashboards/bba366dc3d144510bfd7cda771795f3d","4111","2026-07-26T09:23:16Z"
"mevnet-4112-others","mevnet-4112","Others","1","1","0","Not published by MEVnet","Not published by MEVnet","Not published by MEVnet","Not published by MEVnet","PLANMalaysia MEVnet","https://portaldev.planmalaysia.gov.my/portal/apps/dashboards/bba366dc3d144510bfd7cda771795f3d","4112","2026-07-26T09:23:16Z"
"mevnet-4113-others","mevnet-4113","Others","4","2","2","Not published by MEVnet","Not published by MEVnet","Not published by MEVnet","Not published by MEVnet","PLANMalaysia MEVnet","https://portaldev.planmalaysia.gov.my/portal/apps/dashboards/bba366dc3d144510bfd7cda771795f3d","4113","2026-07-26T09:23:16Z"
"mevnet-4114-others","mevnet-4114","Others","2","2","0","Not published by MEVnet","Not published by MEVnet","Not published by MEVnet","Not published by MEVnet","PLANMalaysia MEVnet","https://portaldev.planmalaysia.gov.my/portal/apps/dashboards/bba366dc3d144510bfd7cda771795f3d","4114","2026-07-26T09:23:16Z"
"mevnet-4115-chargesini","mevnet-4115","ChargeSini","5","5","0","Not published by MEVnet","Not published by MEVnet","Not published by MEVnet","Not published by MEVnet","PLANMalaysia MEVnet","https://portaldev.planmalaysia.gov.my/portal/apps/dashboards/bba366dc3d144510bfd7cda771795f3d","4115","2026-07-26T09:23:16Z"
"mevnet-4116-chargesini","mevnet-4116","ChargeSini","4","4","0","Not published by MEVnet","Not published by MEVnet","Not published by MEVnet","Not published by MEVnet","PLANMalaysia MEVnet","https://portaldev.planmalaysia.gov.my/portal/apps/dashboards/bba366dc3d144510bfd7cda771795f3d","4116","2026-07-26T09:23:16Z"
"mevnet-4117-chargesini","mevnet-4117","ChargeSini","2","2","0","Not published by MEVnet","Not published by MEVnet","Not published by MEVnet","Not published by MEVnet","PLANMalaysia MEVnet","https://portaldev.planmalaysia.gov.my/portal/apps/dashboards/bba366dc3d144510bfd7cda771795f3d","4117","2026-07-26T09:23:16Z"
"mevnet-4118-chargesini","mevnet-4118","ChargeSini","7","7","0","Not published by MEVnet","Not published by MEVnet","Not published by MEVnet","Not published by MEVnet","PLANMalaysia MEVnet","https://portaldev.planmalaysia.gov.my/portal/apps/dashboards/bba366dc3d144510bfd7cda771795f3d","4118","2026-07-26T09:23:16Z"
"mevnet-4119-chargesini","mevnet-4119","ChargeSini","7","7","0","Not published by MEVnet","Not published by MEVnet","Not published by MEVnet","Not published by MEVnet","PLANMalaysia MEVnet","https://portaldev.planmalaysia.gov.my/portal/apps/dashboards/bba366dc3d144510bfd7cda771795f3d","4119","2026-07-26T09:23:16Z"
"mevnet-4120-chargesini","mevnet-4120","ChargeSini","4","4","0","Not published by MEVnet","Not published by MEVnet","Not published by MEVnet","Not published by MEVnet","PLANMalaysia MEVnet","https://portaldev.planmalaysia.gov.my/portal/apps/dashboards/bba366dc3d144510bfd7cda771795f3d","4120","2026-07-26T09:23:16Z"
"mevnet-4121-chargesini","mevnet-4121","ChargeSini","2","2","0","Not published by MEVnet","Not published by MEVnet","Not published by MEVnet","Not published by MEVnet","PLANMalaysia MEVnet","https://portaldev.planmalaysia.gov.my/portal/apps/dashboards/bba366dc3d144510bfd7cda771795f3d","4121","2026-07-26T09:23:16Z"
"mevnet-4122-chargesini","mevnet-4122","ChargeSini","6","6","0","Not published by MEVnet","Not published by MEVnet","Not published by MEVnet","Not published by MEVnet","PLANMalaysia MEVnet","https://portaldev.planmalaysia.gov.my/portal/apps/dashboards/bba366dc3d144510bfd7cda771795f3d","4122","2026-07-26T09:23:16Z"
"mevnet-4123-chargesini","mevnet-4123","ChargeSini","3","3","0","Not published by MEVnet","Not published by MEVnet","Not published by MEVnet","Not published by MEVnet","PLANMalaysia MEVnet","https://portaldev.planmalaysia.gov.my/portal/apps/dashboards/bba366dc3d144510bfd7cda771795f3d","4123","2026-07-26T09:23:16Z"
"mevnet-4124-chargesini","mevnet-4124","ChargeSini","4","4","0","Not published by MEVnet","Not published by MEVnet","Not published by MEVnet","Not published by MEVnet","PLANMalaysia MEVnet","https://portaldev.planmalaysia.gov.my/portal/apps/dashboards/bba366dc3d144510bfd7cda771795f3d","4124","2026-07-26T09:23:16Z"
"mevnet-4125-chargesini","mevnet-4125","ChargeSini","4","4","0","Not published by MEVnet","Not published by MEVnet","Not published by MEVnet","Not published by MEVnet","PLANMalaysia MEVnet","https://portaldev.planmalaysia.gov.my/portal/apps/dashboards/bba366dc3d144510bfd7cda771795f3d","4125","2026-07-26T09:23:16Z"
"mevnet-4126-chargesini","mevnet-4126","ChargeSini","4","4","0","Not published by MEVnet","Not published by MEVnet","Not published by MEVnet","Not published by MEVnet","PLANMalaysia MEVnet","https://portaldev.planmalaysia.gov.my/portal/apps/dashboards/bba366dc3d144510bfd7cda771795f3d","4126","2026-07-26T09:23:16Z"
"mevnet-4127-chargesini","mevnet-4127","ChargeSini","6","6","0","Not published by MEVnet","Not published by MEVnet","Not published by MEVnet","Not published by MEVnet","PLANMalaysia MEVnet","https://portaldev.planmalaysia.gov.my/portal/apps/dashboards/bba366dc3d144510bfd7cda771795f3d","4127","2026-07-26T09:23:16Z"
"mevnet-4128-chargesini","mevnet-4128","ChargeSini","4","2","2","Not published by MEVnet","Not published by MEVnet","Not published by MEVnet","Not published by MEVnet","PLANMalaysia MEVnet","https://portaldev.planmalaysia.gov.my/portal/apps/dashboards/bba366dc3d144510bfd7cda771795f3d","4128","2026-07-26T09:23:16Z"
"mevnet-4129-chargesini","mevnet-4129","ChargeSini","6","6","0","Not published by MEVnet","Not published by MEVnet","Not published by MEVnet","Not published by MEVnet","PLANMalaysia MEVnet","https://portaldev.planmalaysia.gov.my/portal/apps/dashboards/bba366dc3d144510bfd7cda771795f3d","4129","2026-07-26T09:23:16Z"
"mevnet-4130-chargesini","mevnet-4130","ChargeSini","3","3","0","Not published by MEVnet","Not published by MEVnet","Not published by MEVnet","Not published by MEVnet","PLANMalaysia MEVnet","https://portaldev.planmalaysia.gov.my/portal/apps/dashboards/bba366dc3d144510bfd7cda771795f3d","4130","2026-07-26T09:23:16Z"
"mevnet-4131-chargesini","mevnet-4131","ChargeSini","3","3","0","Not published by MEVnet","Not published by MEVnet","Not published by MEVnet","Not published by MEVnet","PLANMalaysia MEVnet","https://portaldev.planmalaysia.gov.my/portal/apps/dashboards/bba366dc3d144510bfd7cda771795f3d","4131","2026-07-26T09:23:16Z"
"mevnet-4132-chargesini","mevnet-4132","ChargeSini","2","2","0","Not published by MEVnet","Not published by MEVnet","Not published by MEVnet","Not published by MEVnet","PLANMalaysia MEVnet","https://portaldev.planmalaysia.gov.my/portal/apps/dashboards/bba366dc3d144510bfd7cda771795f3d","4132","2026-07-26T09:23:16Z"
"mevnet-4133-chargesini","mevnet-4133","ChargeSini","4","2","2","Not published by MEVnet","Not published by MEVnet","Not published by MEVnet","Not published by MEVnet","PLANMalaysia MEVnet","https://portaldev.planmalaysia.gov.my/portal/apps/dashboards/bba366dc3d144510bfd7cda771795f3d","4133","2026-07-26T09:23:16Z"
"mevnet-4134-chargesini","mevnet-4134","ChargeSini","3","3","0","Not published by MEVnet","Not published by MEVnet","Not published by MEVnet","Not published by MEVnet","PLANMalaysia MEVnet","https://portaldev.planmalaysia.gov.my/portal/apps/dashboards/bba366dc3d144510bfd7cda771795f3d","4134","2026-07-26T09:23:16Z"
"mevnet-4135-chargesini","mevnet-4135","ChargeSini","2","2","0","Not published by MEVnet","Not published by MEVnet","Not published by MEVnet","Not published by MEVnet","PLANMalaysia MEVnet","https://portaldev.planmalaysia.gov.my/portal/apps/dashboards/bba366dc3d144510bfd7cda771795f3d","4135","2026-07-26T09:23:16Z"
"mevnet-4136-chargesini","mevnet-4136","ChargeSini","4","4","0","Not published by MEVnet","Not published by MEVnet","Not published by MEVnet","Not published by MEVnet","PLANMalaysia MEVnet","https://portaldev.planmalaysia.gov.my/portal/apps/dashboards/bba366dc3d144510bfd7cda771795f3d","4136","2026-07-26T09:23:16Z"
"mevnet-4137-chargesini","mevnet-4137","ChargeSini","2","2","0","Not published by MEVnet","Not published by MEVnet","Not published by MEVnet","Not published by MEVnet","PLANMalaysia MEVnet","https://portaldev.planmalaysia.gov.my/portal/apps/dashboards/bba366dc3d144510bfd7cda771795f3d","4137","2026-07-26T09:23:16Z"
"mevnet-4138-chargesini","mevnet-4138","ChargeSini","3","1","2","Not published by MEVnet","Not published by MEVnet","Not published by MEVnet","Not published by MEVnet","PLANMalaysia MEVnet","https://portaldev.planmalaysia.gov.my/portal/apps/dashboards/bba366dc3d144510bfd7cda771795f3d","4138","2026-07-26T09:23:16Z"
"mevnet-4139-chargesini","mevnet-4139","ChargeSini","2","2","0","Not published by MEVnet","Not published by MEVnet","Not published by MEVnet","Not published by MEVnet","PLANMalaysia MEVnet","https://portaldev.planmalaysia.gov.my/portal/apps/dashboards/bba366dc3d144510bfd7cda771795f3d","4139","2026-07-26T09:23:16Z"
"mevnet-4140-chargesini","mevnet-4140","ChargeSini","4","4","0","Not published by MEVnet","Not published by MEVnet","Not published by MEVnet","Not published by MEVnet","PLANMalaysia MEVnet","https://portaldev.planmalaysia.gov.my/portal/apps/dashboards/bba366dc3d144510bfd7cda771795f3d","4140","2026-07-26T09:23:16Z"
"mevnet-4141-chargesini","mevnet-4141","ChargeSini","2","2","0","Not published by MEVnet","Not published by MEVnet","Not published by MEVnet","Not published by MEVnet","PLANMalaysia MEVnet","https://portaldev.planmalaysia.gov.my/portal/apps/dashboards/bba366dc3d144510bfd7cda771795f3d","4141","2026-07-26T09:23:16Z"
"mevnet-4142-chargesini","mevnet-4142","ChargeSini","6","6","0","Not published by MEVnet","Not published by MEVnet","Not published by MEVnet","Not published by MEVnet","PLANMalaysia MEVnet","https://portaldev.planmalaysia.gov.my/portal/apps/dashboards/bba366dc3d144510bfd7cda771795f3d","4142","2026-07-26T09:23:16Z"
"mevnet-4143-chargesini","mevnet-4143","ChargeSini","3","3","0","Not published by MEVnet","Not published by MEVnet","Not published by MEVnet","Not published by MEVnet","PLANMalaysia MEVnet","https://portaldev.planmalaysia.gov.my/portal/apps/dashboards/bba366dc3d144510bfd7cda771795f3d","4143","2026-07-26T09:23:16Z"
"mevnet-4144-chargesini","mevnet-4144","ChargeSini","2","2","0","Not published by MEVnet","Not published by MEVnet","Not published by MEVnet","Not published by MEVnet","PLANMalaysia MEVnet","https://portaldev.planmalaysia.gov.my/portal/apps/dashboards/bba366dc3d144510bfd7cda771795f3d","4144","2026-07-26T09:23:16Z"
"mevnet-4145-chargesini","mevnet-4145","ChargeSini","4","4","0","Not published by MEVnet","Not published by MEVnet","Not published by MEVnet","Not published by MEVnet","PLANMalaysia MEVnet","https://portaldev.planmalaysia.gov.my/portal/apps/dashboards/bba366dc3d144510bfd7cda771795f3d","4145","2026-07-26T09:23:16Z"
"mevnet-4146-chargesini","mevnet-4146","ChargeSini","2","2","0","Not published by MEVnet","Not published by MEVnet","Not published by MEVnet","Not published by MEVnet","PLANMalaysia MEVnet","https://portaldev.planmalaysia.gov.my/portal/apps/dashboards/bba366dc3d144510bfd7cda771795f3d","4146","2026-07-26T09:23:16Z"
"mevnet-4147-chargesini","mevnet-4147","ChargeSini","4","4","0","Not published by MEVnet","Not published by MEVnet","Not published by MEVnet","Not published by MEVnet","PLANMalaysia MEVnet","https://portaldev.planmalaysia.gov.my/portal/apps/dashboards/bba366dc3d144510bfd7cda771795f3d","4147","2026-07-26T09:23:16Z"
"mevnet-4148-chargesini","mevnet-4148","ChargeSini","4","4","0","Not published by MEVnet","Not published by MEVnet","Not published by MEVnet","Not published by MEVnet","PLANMalaysia MEVnet","https://portaldev.planmalaysia.gov.my/portal/apps/dashboards/bba366dc3d144510bfd7cda771795f3d","4148","2026-07-26T09:23:16Z"
"mevnet-4149-chargesini","mevnet-4149","ChargeSini","8","8","0","Not published by MEVnet","Not published by MEVnet","Not published by MEVnet","Not published by MEVnet","PLANMalaysia MEVnet","https://portaldev.planmalaysia.gov.my/portal/apps/dashboards/bba366dc3d144510bfd7cda771795f3d","4149","2026-07-26T09:23:16Z"
"mevnet-4150-chargesini","mevnet-4150","ChargeSini","3","3","0","Not published by MEVnet","Not published by MEVnet","Not published by MEVnet","Not published by MEVnet","PLANMalaysia MEVnet","https://portaldev.planmalaysia.gov.my/portal/apps/dashboards/bba366dc3d144510bfd7cda771795f3d","4150","2026-07-26T09:23:16Z"
"mevnet-4151-chargesini","mevnet-4151","ChargeSini","3","3","0","Not published by MEVnet","Not published by MEVnet","Not published by MEVnet","Not published by MEVnet","PLANMalaysia MEVnet","https://portaldev.planmalaysia.gov.my/portal/apps/dashboards/bba366dc3d144510bfd7cda771795f3d","4151","2026-07-26T09:23:16Z"
"mevnet-4152-chargesini","mevnet-4152","ChargeSini","4","4","0","Not published by MEVnet","Not published by MEVnet","Not published by MEVnet","Not published by MEVnet","PLANMalaysia MEVnet","https://portaldev.planmalaysia.gov.my/portal/apps/dashboards/bba366dc3d144510bfd7cda771795f3d","4152","2026-07-26T09:23:16Z"
"mevnet-4193-shell-recharge","mevnet-4193","Shell Recharge","2","0","2","Not published by MEVnet","Not published by MEVnet","Not published by MEVnet","Not published by MEVnet","PLANMalaysia MEVnet","https://portaldev.planmalaysia.gov.my/portal/apps/dashboards/bba366dc3d144510bfd7cda771795f3d","4193","2026-07-26T09:23:16Z"
"mevnet-4194-shell-recharge","mevnet-4194","Shell Recharge","2","0","2","Not published by MEVnet","Not published by MEVnet","Not published by MEVnet","Not published by MEVnet","PLANMalaysia MEVnet","https://portaldev.planmalaysia.gov.my/portal/apps/dashboards/bba366dc3d144510bfd7cda771795f3d","4194","2026-07-26T09:23:16Z"
"mevnet-4195-chargesini","mevnet-4195","ChargeSini","1","1","0","Not published by MEVnet","Not published by MEVnet","Not published by MEVnet","Not published by MEVnet","PLANMalaysia MEVnet","https://portaldev.planmalaysia.gov.my/portal/apps/dashboards/bba366dc3d144510bfd7cda771795f3d","4195","2026-07-26T09:23:16Z"
"mevnet-4196-chargesini","mevnet-4196","ChargeSini","2","0","2","Not published by MEVnet","Not published by MEVnet","Not published by MEVnet","Not published by MEVnet","PLANMalaysia MEVnet","https://portaldev.planmalaysia.gov.my/portal/apps/dashboards/bba366dc3d144510bfd7cda771795f3d","4196","2026-07-26T09:23:16Z"
"mevnet-4198-chargesini","mevnet-4198","ChargeSini","3","3","0","Not published by MEVnet","Not published by MEVnet","Not published by MEVnet","Not published by MEVnet","PLANMalaysia MEVnet","https://portaldev.planmalaysia.gov.my/portal/apps/dashboards/bba366dc3d144510bfd7cda771795f3d","4198","2026-07-26T09:23:16Z"
"mevnet-4199-chargesini","mevnet-4199","ChargeSini","2","2","0","Not published by MEVnet","Not published by MEVnet","Not published by MEVnet","Not published by MEVnet","PLANMalaysia MEVnet","https://portaldev.planmalaysia.gov.my/portal/apps/dashboards/bba366dc3d144510bfd7cda771795f3d","4199","2026-07-26T09:23:16Z"
"mevnet-4200-jomcharge","mevnet-4200","JomCharge","2","2","0","Not published by MEVnet","Not published by MEVnet","Not published by MEVnet","Not published by MEVnet","PLANMalaysia MEVnet","https://portaldev.planmalaysia.gov.my/portal/apps/dashboards/bba366dc3d144510bfd7cda771795f3d","4200","2026-07-26T09:23:16Z"
"mevnet-4202-jomcharge","mevnet-4202","JomCharge","9","7","2","Not published by MEVnet","Not published by MEVnet","Not published by MEVnet","Not published by MEVnet","PLANMalaysia MEVnet","https://portaldev.planmalaysia.gov.my/portal/apps/dashboards/bba366dc3d144510bfd7cda771795f3d","4202","2026-07-26T09:23:16Z"
"mevnet-4203-jomcharge","mevnet-4203","JomCharge","4","0","4","Not published by MEVnet","Not published by MEVnet","Not published by MEVnet","Not published by MEVnet","PLANMalaysia MEVnet","https://portaldev.planmalaysia.gov.my/portal/apps/dashboards/bba366dc3d144510bfd7cda771795f3d","4203","2026-07-26T09:23:16Z"
"mevnet-4204-jomcharge","mevnet-4204","JomCharge","1","0","1","Not published by MEVnet","Not published by MEVnet","Not published by MEVnet","Not published by MEVnet","PLANMalaysia MEVnet","https://portaldev.planmalaysia.gov.my/portal/apps/dashboards/bba366dc3d144510bfd7cda771795f3d","4204","2026-07-26T09:23:16Z"
"mevnet-4205-others","mevnet-4205","Others","2","0","2","Not published by MEVnet","Not published by MEVnet","Not published by MEVnet","Not published by MEVnet","PLANMalaysia MEVnet","https://portaldev.planmalaysia.gov.my/portal/apps/dashboards/bba366dc3d144510bfd7cda771795f3d","4205","2026-07-26T09:23:16Z"
"mevnet-4206-gentari","mevnet-4206","Gentari","4","0","4","Not published by MEVnet","Not published by MEVnet","Not published by MEVnet","Not published by MEVnet","PLANMalaysia MEVnet","https://portaldev.planmalaysia.gov.my/portal/apps/dashboards/bba366dc3d144510bfd7cda771795f3d","4206","2026-07-26T09:23:16Z"
"mevnet-4207-gentari","mevnet-4207","Gentari","4","0","4","Not published by MEVnet","Not published by MEVnet","Not published by MEVnet","Not published by MEVnet","PLANMalaysia MEVnet","https://portaldev.planmalaysia.gov.my/portal/apps/dashboards/bba366dc3d144510bfd7cda771795f3d","4207","2026-07-26T09:23:16Z"
"mevnet-4208-gentari","mevnet-4208","Gentari","4","0","4","Not published by MEVnet","Not published by MEVnet","Not published by MEVnet","Not published by MEVnet","PLANMalaysia MEVnet","https://portaldev.planmalaysia.gov.my/portal/apps/dashboards/bba366dc3d144510bfd7cda771795f3d","4208","2026-07-26T09:23:16Z"
"mevnet-4209-jomcharge","mevnet-4209","JomCharge","2","2","0","Not published by MEVnet","Not published by MEVnet","Not published by MEVnet","Not published by MEVnet","PLANMalaysia MEVnet","https://portaldev.planmalaysia.gov.my/portal/apps/dashboards/bba366dc3d144510bfd7cda771795f3d","4209","2026-07-26T09:23:16Z"
"mevnet-4210-chargengo","mevnet-4210","ChargeNGo","2","2","0","Not published by MEVnet","Not published by MEVnet","Not published by MEVnet","Not published by MEVnet","PLANMalaysia MEVnet","https://portaldev.planmalaysia.gov.my/portal/apps/dashboards/bba366dc3d144510bfd7cda771795f3d","4210","2026-07-26T09:23:16Z"
"mevnet-4211-shell-recharge","mevnet-4211","Shell Recharge","2","0","2","Not published by MEVnet","Not published by MEVnet","Not published by MEVnet","Not published by MEVnet","PLANMalaysia MEVnet","https://portaldev.planmalaysia.gov.my/portal/apps/dashboards/bba366dc3d144510bfd7cda771795f3d","4211","2026-07-26T09:23:16Z"
"mevnet-4212-others","mevnet-4212","Others","2","0","2","Not published by MEVnet","Not published by MEVnet","Not published by MEVnet","Not published by MEVnet","PLANMalaysia MEVnet","https://portaldev.planmalaysia.gov.my/portal/apps/dashboards/bba366dc3d144510bfd7cda771795f3d","4212","2026-07-26T09:23:16Z"
"mevnet-4213-tnbx-gotou-","mevnet-4213","TNBX (GoToU)","2","0","2","Not published by MEVnet","Not published by MEVnet","Not published by MEVnet","Not published by MEVnet","PLANMalaysia MEVnet","https://portaldev.planmalaysia.gov.my/portal/apps/dashboards/bba366dc3d144510bfd7cda771795f3d","4213","2026-07-26T09:23:16Z"
"mevnet-4214-others","mevnet-4214","Others","2","2","0","Not published by MEVnet","Not published by MEVnet","Not published by MEVnet","Not published by MEVnet","PLANMalaysia MEVnet","https://portaldev.planmalaysia.gov.my/portal/apps/dashboards/bba366dc3d144510bfd7cda771795f3d","4214","2026-07-26T09:23:16Z"
"mevnet-4215-others","mevnet-4215","Others","2","2","0","Not published by MEVnet","Not published by MEVnet","Not published by MEVnet","Not published by MEVnet","PLANMalaysia MEVnet","https://portaldev.planmalaysia.gov.my/portal/apps/dashboards/bba366dc3d144510bfd7cda771795f3d","4215","2026-07-26T09:23:16Z"
"mevnet-4216-others","mevnet-4216","Others","2","2","0","Not published by MEVnet","Not published by MEVnet","Not published by MEVnet","Not published by MEVnet","PLANMalaysia MEVnet","https://portaldev.planmalaysia.gov.my/portal/apps/dashboards/bba366dc3d144510bfd7cda771795f3d","4216","2026-07-26T09:23:16Z"
"mevnet-4217-others","mevnet-4217","Others","2","2","0","Not published by MEVnet","Not published by MEVnet","Not published by MEVnet","Not published by MEVnet","PLANMalaysia MEVnet","https://portaldev.planmalaysia.gov.my/portal/apps/dashboards/bba366dc3d144510bfd7cda771795f3d","4217","2026-07-26T09:23:16Z"
"mevnet-4218-others","mevnet-4218","Others","2","2","0","Not published by MEVnet","Not published by MEVnet","Not published by MEVnet","Not published by MEVnet","PLANMalaysia MEVnet","https://portaldev.planmalaysia.gov.my/portal/apps/dashboards/bba366dc3d144510bfd7cda771795f3d","4218","2026-07-26T09:23:16Z"
"mevnet-4219-others","mevnet-4219","Others","2","2","0","Not published by MEVnet","Not published by MEVnet","Not published by MEVnet","Not published by MEVnet","PLANMalaysia MEVnet","https://portaldev.planmalaysia.gov.my/portal/apps/dashboards/bba366dc3d144510bfd7cda771795f3d","4219","2026-07-26T09:23:16Z"
"mevnet-4220-others","mevnet-4220","Others","2","2","0","Not published by MEVnet","Not published by MEVnet","Not published by MEVnet","Not published by MEVnet","PLANMalaysia MEVnet","https://portaldev.planmalaysia.gov.my/portal/apps/dashboards/bba366dc3d144510bfd7cda771795f3d","4220","2026-07-26T09:23:16Z"
"mevnet-4221-chargev","mevnet-4221","chargEV","3","1","2","Not published by MEVnet","Not published by MEVnet","Not published by MEVnet","Not published by MEVnet","PLANMalaysia MEVnet","https://portaldev.planmalaysia.gov.my/portal/apps/dashboards/bba366dc3d144510bfd7cda771795f3d","4221","2026-07-26T09:23:16Z"
"mevnet-4222-gentari","mevnet-4222","Gentari","4","4","0","Not published by MEVnet","Not published by MEVnet","Not published by MEVnet","Not published by MEVnet","PLANMalaysia MEVnet","https://portaldev.planmalaysia.gov.my/portal/apps/dashboards/bba366dc3d144510bfd7cda771795f3d","4222","2026-07-26T09:23:16Z"
"mevnet-4223-gentari","mevnet-4223","Gentari","4","4","0","Not published by MEVnet","Not published by MEVnet","Not published by MEVnet","Not published by MEVnet","PLANMalaysia MEVnet","https://portaldev.planmalaysia.gov.my/portal/apps/dashboards/bba366dc3d144510bfd7cda771795f3d","4223","2026-07-26T09:23:16Z"
"mevnet-4224-gentari","mevnet-4224","Gentari","6","6","0","Not published by MEVnet","Not published by MEVnet","Not published by MEVnet","Not published by MEVnet","PLANMalaysia MEVnet","https://portaldev.planmalaysia.gov.my/portal/apps/dashboards/bba366dc3d144510bfd7cda771795f3d","4224","2026-07-26T09:23:16Z"
"mevnet-4225-gentari","mevnet-4225","Gentari","2","0","2","Not published by MEVnet","Not published by MEVnet","Not published by MEVnet","Not published by MEVnet","PLANMalaysia MEVnet","https://portaldev.planmalaysia.gov.my/portal/apps/dashboards/bba366dc3d144510bfd7cda771795f3d","4225","2026-07-26T09:23:16Z"
"mevnet-4226-flexi-parking","mevnet-4226","Flexi Parking","2","2","0","Not published by MEVnet","Not published by MEVnet","Not published by MEVnet","Not published by MEVnet","PLANMalaysia MEVnet","https://portaldev.planmalaysia.gov.my/portal/apps/dashboards/bba366dc3d144510bfd7cda771795f3d","4226","2026-07-26T09:23:16Z"
"mevnet-4227-flexi-parking","mevnet-4227","Flexi Parking","2","2","0","Not published by MEVnet","Not published by MEVnet","Not published by MEVnet","Not published by MEVnet","PLANMalaysia MEVnet","https://portaldev.planmalaysia.gov.my/portal/apps/dashboards/bba366dc3d144510bfd7cda771795f3d","4227","2026-07-26T09:23:16Z"
"mevnet-4228-flexi-parking","mevnet-4228","Flexi Parking","2","2","0","Not published by MEVnet","Not published by MEVnet","Not published by MEVnet","Not published by MEVnet","PLANMalaysia MEVnet","https://portaldev.planmalaysia.gov.my/portal/apps/dashboards/bba366dc3d144510bfd7cda771795f3d","4228","2026-07-26T09:23:16Z"
"mevnet-4229-others","mevnet-4229","Others","2","2","0","Not published by MEVnet","Not published by MEVnet","Not published by MEVnet","Not published by MEVnet","PLANMalaysia MEVnet","https://portaldev.planmalaysia.gov.my/portal/apps/dashboards/bba366dc3d144510bfd7cda771795f3d","4229","2026-07-26T09:23:16Z"
"mevnet-4231-others","mevnet-4231","Others","1","1","0","Not published by MEVnet","Not published by MEVnet","Not published by MEVnet","Not published by MEVnet","PLANMalaysia MEVnet","https://portaldev.planmalaysia.gov.my/portal/apps/dashboards/bba366dc3d144510bfd7cda771795f3d","4231","2026-07-26T09:23:16Z"
"mevnet-4232-others","mevnet-4232","Others","4","4","0","Not published by MEVnet","Not published by MEVnet","Not published by MEVnet","Not published by MEVnet","PLANMalaysia MEVnet","https://portaldev.planmalaysia.gov.my/portal/apps/dashboards/bba366dc3d144510bfd7cda771795f3d","4232","2026-07-26T09:23:16Z"
"mevnet-4233-tnbx-gotou-","mevnet-4233","TNBX (GoToU)","2","0","2","Not published by MEVnet","Not published by MEVnet","Not published by MEVnet","Not published by MEVnet","PLANMalaysia MEVnet","https://portaldev.planmalaysia.gov.my/portal/apps/dashboards/bba366dc3d144510bfd7cda771795f3d","4233","2026-07-26T09:23:16Z"
"mevnet-4234-flexi-parking","mevnet-4234","Flexi Parking","2","2","0","Not published by MEVnet","Not published by MEVnet","Not published by MEVnet","Not published by MEVnet","PLANMalaysia MEVnet","https://portaldev.planmalaysia.gov.my/portal/apps/dashboards/bba366dc3d144510bfd7cda771795f3d","4234","2026-07-26T09:23:16Z"
"mevnet-4235-flexi-parking","mevnet-4235","Flexi Parking","2","2","0","Not published by MEVnet","Not published by MEVnet","Not published by MEVnet","Not published by MEVnet","PLANMalaysia MEVnet","https://portaldev.planmalaysia.gov.my/portal/apps/dashboards/bba366dc3d144510bfd7cda771795f3d","4235","2026-07-26T09:23:16Z"
"mevnet-4236-others","mevnet-4236","Others","1","1","0","Not published by MEVnet","Not published by MEVnet","Not published by MEVnet","Not published by MEVnet","PLANMalaysia MEVnet","https://portaldev.planmalaysia.gov.my/portal/apps/dashboards/bba366dc3d144510bfd7cda771795f3d","4236","2026-07-26T09:23:16Z"
"mevnet-4237-chargesini","mevnet-4237","ChargeSini","4","0","4","Not published by MEVnet","Not published by MEVnet","Not published by MEVnet","Not published by MEVnet","PLANMalaysia MEVnet","https://portaldev.planmalaysia.gov.my/portal/apps/dashboards/bba366dc3d144510bfd7cda771795f3d","4237","2026-07-26T09:23:16Z"
"mevnet-4238-chargesini","mevnet-4238","ChargeSini","4","0","4","Not published by MEVnet","Not published by MEVnet","Not published by MEVnet","Not published by MEVnet","PLANMalaysia MEVnet","https://portaldev.planmalaysia.gov.my/portal/apps/dashboards/bba366dc3d144510bfd7cda771795f3d","4238","2026-07-26T09:23:16Z"
"mevnet-4239-others","mevnet-4239","Others","1","1","0","Not published by MEVnet","Not published by MEVnet","Not published by MEVnet","Not published by MEVnet","PLANMalaysia MEVnet","https://portaldev.planmalaysia.gov.my/portal/apps/dashboards/bba366dc3d144510bfd7cda771795f3d","4239","2026-07-26T09:23:16Z"
"mevnet-4240-chargesini","mevnet-4240","ChargeSini","2","0","2","Not published by MEVnet","Not published by MEVnet","Not published by MEVnet","Not published by MEVnet","PLANMalaysia MEVnet","https://portaldev.planmalaysia.gov.my/portal/apps/dashboards/bba366dc3d144510bfd7cda771795f3d","4240","2026-07-26T09:23:16Z"
"mevnet-4241-flexi-parking","mevnet-4241","Flexi Parking","3","3","0","Not published by MEVnet","Not published by MEVnet","Not published by MEVnet","Not published by MEVnet","PLANMalaysia MEVnet","https://portaldev.planmalaysia.gov.my/portal/apps/dashboards/bba366dc3d144510bfd7cda771795f3d","4241","2026-07-26T09:23:16Z"
"mevnet-4242-chargesini","mevnet-4242","ChargeSini","4","0","4","Not published by MEVnet","Not published by MEVnet","Not published by MEVnet","Not published by MEVnet","PLANMalaysia MEVnet","https://portaldev.planmalaysia.gov.my/portal/apps/dashboards/bba366dc3d144510bfd7cda771795f3d","4242","2026-07-26T09:23:16Z"
"mevnet-4243-others","mevnet-4243","Others","1","1","0","Not published by MEVnet","Not published by MEVnet","Not published by MEVnet","Not published by MEVnet","PLANMalaysia MEVnet","https://portaldev.planmalaysia.gov.my/portal/apps/dashboards/bba366dc3d144510bfd7cda771795f3d","4243","2026-07-26T09:23:16Z"
"mevnet-4244-chargev","mevnet-4244","chargEV","3","3","0","Not published by MEVnet","Not published by MEVnet","Not published by MEVnet","Not published by MEVnet","PLANMalaysia MEVnet","https://portaldev.planmalaysia.gov.my/portal/apps/dashboards/bba366dc3d144510bfd7cda771795f3d","4244","2026-07-26T09:23:16Z"
"mevnet-4245-chargev","mevnet-4245","chargEV","2","0","2","Not published by MEVnet","Not published by MEVnet","Not published by MEVnet","Not published by MEVnet","PLANMalaysia MEVnet","https://portaldev.planmalaysia.gov.my/portal/apps/dashboards/bba366dc3d144510bfd7cda771795f3d","4245","2026-07-26T09:23:16Z"
"mevnet-4246-chargev","mevnet-4246","chargEV","2","0","2","Not published by MEVnet","Not published by MEVnet","Not published by MEVnet","Not published by MEVnet","PLANMalaysia MEVnet","https://portaldev.planmalaysia.gov.my/portal/apps/dashboards/bba366dc3d144510bfd7cda771795f3d","4246","2026-07-26T09:23:16Z"
"mevnet-4247-chargev","mevnet-4247","chargEV","2","0","2","Not published by MEVnet","Not published by MEVnet","Not published by MEVnet","Not published by MEVnet","PLANMalaysia MEVnet","https://portaldev.planmalaysia.gov.my/portal/apps/dashboards/bba366dc3d144510bfd7cda771795f3d","4247","2026-07-26T09:23:16Z"
"mevnet-4248-chargev","mevnet-4248","chargEV","3","3","0","Not published by MEVnet","Not published by MEVnet","Not published by MEVnet","Not published by MEVnet","PLANMalaysia MEVnet","https://portaldev.planmalaysia.gov.my/portal/apps/dashboards/bba366dc3d144510bfd7cda771795f3d","4248","2026-07-26T09:23:16Z"
"mevnet-4249-chargev","mevnet-4249","chargEV","4","4","0","Not published by MEVnet","Not published by MEVnet","Not published by MEVnet","Not published by MEVnet","PLANMalaysia MEVnet","https://portaldev.planmalaysia.gov.my/portal/apps/dashboards/bba366dc3d144510bfd7cda771795f3d","4249","2026-07-26T09:23:16Z"
"mevnet-4250-chargev","mevnet-4250","chargEV","1","1","0","Not published by MEVnet","Not published by MEVnet","Not published by MEVnet","Not published by MEVnet","PLANMalaysia MEVnet","https://portaldev.planmalaysia.gov.my/portal/apps/dashboards/bba366dc3d144510bfd7cda771795f3d","4250","2026-07-26T09:23:16Z"
"mevnet-4251-chargev","mevnet-4251","chargEV","2","0","2","Not published by MEVnet","Not published by MEVnet","Not published by MEVnet","Not published by MEVnet","PLANMalaysia MEVnet","https://portaldev.planmalaysia.gov.my/portal/apps/dashboards/bba366dc3d144510bfd7cda771795f3d","4251","2026-07-26T09:23:16Z"
"mevnet-4252-chargev","mevnet-4252","chargEV","1","1","0","Not published by MEVnet","Not published by MEVnet","Not published by MEVnet","Not published by MEVnet","PLANMalaysia MEVnet","https://portaldev.planmalaysia.gov.my/portal/apps/dashboards/bba366dc3d144510bfd7cda771795f3d","4252","2026-07-26T09:23:16Z"
"mevnet-4253-chargev","mevnet-4253","chargEV","2","2","0","Not published by MEVnet","Not published by MEVnet","Not published by MEVnet","Not published by MEVnet","PLANMalaysia MEVnet","https://portaldev.planmalaysia.gov.my/portal/apps/dashboards/bba366dc3d144510bfd7cda771795f3d","4253","2026-07-26T09:23:16Z"
"mevnet-4254-chargev","mevnet-4254","chargEV","2","0","2","Not published by MEVnet","Not published by MEVnet","Not published by MEVnet","Not published by MEVnet","PLANMalaysia MEVnet","https://portaldev.planmalaysia.gov.my/portal/apps/dashboards/bba366dc3d144510bfd7cda771795f3d","4254","2026-07-26T09:23:16Z"
"mevnet-4255-chargev","mevnet-4255","chargEV","1","1","0","Not published by MEVnet","Not published by MEVnet","Not published by MEVnet","Not published by MEVnet","PLANMalaysia MEVnet","https://portaldev.planmalaysia.gov.my/portal/apps/dashboards/bba366dc3d144510bfd7cda771795f3d","4255","2026-07-26T09:23:16Z"
"mevnet-4256-chargev","mevnet-4256","chargEV","2","0","2","Not published by MEVnet","Not published by MEVnet","Not published by MEVnet","Not published by MEVnet","PLANMalaysia MEVnet","https://portaldev.planmalaysia.gov.my/portal/apps/dashboards/bba366dc3d144510bfd7cda771795f3d","4256","2026-07-26T09:23:16Z"
"mevnet-4257-chargev","mevnet-4257","chargEV","2","2","0","Not published by MEVnet","Not published by MEVnet","Not published by MEVnet","Not published by MEVnet","PLANMalaysia MEVnet","https://portaldev.planmalaysia.gov.my/portal/apps/dashboards/bba366dc3d144510bfd7cda771795f3d","4257","2026-07-26T09:23:16Z"
"mevnet-4258-chargev","mevnet-4258","chargEV","5","1","4","Not published by MEVnet","Not published by MEVnet","Not published by MEVnet","Not published by MEVnet","PLANMalaysia MEVnet","https://portaldev.planmalaysia.gov.my/portal/apps/dashboards/bba366dc3d144510bfd7cda771795f3d","4258","2026-07-26T09:23:16Z"
"mevnet-4259-chargev","mevnet-4259","chargEV","2","2","0","Not published by MEVnet","Not published by MEVnet","Not published by MEVnet","Not published by MEVnet","PLANMalaysia MEVnet","https://portaldev.planmalaysia.gov.my/portal/apps/dashboards/bba366dc3d144510bfd7cda771795f3d","4259","2026-07-26T09:23:16Z"
"mevnet-4260-chargev","mevnet-4260","chargEV","2","2","0","Not published by MEVnet","Not published by MEVnet","Not published by MEVnet","Not published by MEVnet","PLANMalaysia MEVnet","https://portaldev.planmalaysia.gov.my/portal/apps/dashboards/bba366dc3d144510bfd7cda771795f3d","4260","2026-07-26T09:23:16Z"
"mevnet-4261-chargev","mevnet-4261","chargEV","2","0","2","Not published by MEVnet","Not published by MEVnet","Not published by MEVnet","Not published by MEVnet","PLANMalaysia MEVnet","https://portaldev.planmalaysia.gov.my/portal/apps/dashboards/bba366dc3d144510bfd7cda771795f3d","4261","2026-07-26T09:23:16Z"
"mevnet-4262-chargev","mevnet-4262","chargEV","2","0","2","Not published by MEVnet","Not published by MEVnet","Not published by MEVnet","Not published by MEVnet","PLANMalaysia MEVnet","https://portaldev.planmalaysia.gov.my/portal/apps/dashboards/bba366dc3d144510bfd7cda771795f3d","4262","2026-07-26T09:23:16Z"
"mevnet-4263-chargev","mevnet-4263","chargEV","2","0","2","Not published by MEVnet","Not published by MEVnet","Not published by MEVnet","Not published by MEVnet","PLANMalaysia MEVnet","https://portaldev.planmalaysia.gov.my/portal/apps/dashboards/bba366dc3d144510bfd7cda771795f3d","4263","2026-07-26T09:23:16Z"
"mevnet-4264-others","mevnet-4264","Others","2","0","2","Not published by MEVnet","Not published by MEVnet","Not published by MEVnet","Not published by MEVnet","PLANMalaysia MEVnet","https://portaldev.planmalaysia.gov.my/portal/apps/dashboards/bba366dc3d144510bfd7cda771795f3d","4264","2026-07-26T09:23:16Z"
"mevnet-4265-others","mevnet-4265","Others","3","3","0","Not published by MEVnet","Not published by MEVnet","Not published by MEVnet","Not published by MEVnet","PLANMalaysia MEVnet","https://portaldev.planmalaysia.gov.my/portal/apps/dashboards/bba366dc3d144510bfd7cda771795f3d","4265","2026-07-26T09:23:16Z"
"mevnet-4266-gentari","mevnet-4266","Gentari","2","2","0","Not published by MEVnet","Not published by MEVnet","Not published by MEVnet","Not published by MEVnet","PLANMalaysia MEVnet","https://portaldev.planmalaysia.gov.my/portal/apps/dashboards/bba366dc3d144510bfd7cda771795f3d","4266","2026-07-26T09:23:16Z"
"mevnet-4267-others","mevnet-4267","Others","1","1","0","Not published by MEVnet","Not published by MEVnet","Not published by MEVnet","Not published by MEVnet","PLANMalaysia MEVnet","https://portaldev.planmalaysia.gov.my/portal/apps/dashboards/bba366dc3d144510bfd7cda771795f3d","4267","2026-07-26T09:23:16Z"
"mevnet-4268-others","mevnet-4268","Others","2","2","0","Not published by MEVnet","Not published by MEVnet","Not published by MEVnet","Not published by MEVnet","PLANMalaysia MEVnet","https://portaldev.planmalaysia.gov.my/portal/apps/dashboards/bba366dc3d144510bfd7cda771795f3d","4268","2026-07-26T09:23:16Z"
"mevnet-4269-jomcharge","mevnet-4269","JomCharge","2","2","0","Not published by MEVnet","Not published by MEVnet","Not published by MEVnet","Not published by MEVnet","PLANMalaysia MEVnet","https://portaldev.planmalaysia.gov.my/portal/apps/dashboards/bba366dc3d144510bfd7cda771795f3d","4269","2026-07-26T09:23:16Z"
"mevnet-4270-others","mevnet-4270","Others","2","0","2","Not published by MEVnet","Not published by MEVnet","Not published by MEVnet","Not published by MEVnet","PLANMalaysia MEVnet","https://portaldev.planmalaysia.gov.my/portal/apps/dashboards/bba366dc3d144510bfd7cda771795f3d","4270","2026-07-26T09:23:16Z"
"mevnet-4271-zap","mevnet-4271","Zap","2","2","0","Not published by MEVnet","Not published by MEVnet","Not published by MEVnet","Not published by MEVnet","PLANMalaysia MEVnet","https://portaldev.planmalaysia.gov.my/portal/apps/dashboards/bba366dc3d144510bfd7cda771795f3d","4271","2026-07-26T09:23:16Z"
"mevnet-4272-zap","mevnet-4272","Zap","2","2","0","Not published by MEVnet","Not published by MEVnet","Not published by MEVnet","Not published by MEVnet","PLANMalaysia MEVnet","https://portaldev.planmalaysia.gov.my/portal/apps/dashboards/bba366dc3d144510bfd7cda771795f3d","4272","2026-07-26T09:23:16Z"
"mevnet-4273-others","mevnet-4273","Others","2","0","2","Not published by MEVnet","Not published by MEVnet","Not published by MEVnet","Not published by MEVnet","PLANMalaysia MEVnet","https://portaldev.planmalaysia.gov.my/portal/apps/dashboards/bba366dc3d144510bfd7cda771795f3d","4273","2026-07-26T09:23:16Z"
"mevnet-4274-others","mevnet-4274","Others","2","2","0","Not published by MEVnet","Not published by MEVnet","Not published by MEVnet","Not published by MEVnet","PLANMalaysia MEVnet","https://portaldev.planmalaysia.gov.my/portal/apps/dashboards/bba366dc3d144510bfd7cda771795f3d","4274","2026-07-26T09:23:16Z"
"mevnet-4275-others","mevnet-4275","Others","6","6","0","Not published by MEVnet","Not published by MEVnet","Not published by MEVnet","Not published by MEVnet","PLANMalaysia MEVnet","https://portaldev.planmalaysia.gov.my/portal/apps/dashboards/bba366dc3d144510bfd7cda771795f3d","4275","2026-07-26T09:23:16Z"
"mevnet-4276-others","mevnet-4276","Others","2","0","2","Not published by MEVnet","Not published by MEVnet","Not published by MEVnet","Not published by MEVnet","PLANMalaysia MEVnet","https://portaldev.planmalaysia.gov.my/portal/apps/dashboards/bba366dc3d144510bfd7cda771795f3d","4276","2026-07-26T09:23:16Z"
"mevnet-4277-gentari","mevnet-4277","Gentari","2","0","2","Not published by MEVnet","Not published by MEVnet","Not published by MEVnet","Not published by MEVnet","PLANMalaysia MEVnet","https://portaldev.planmalaysia.gov.my/portal/apps/dashboards/bba366dc3d144510bfd7cda771795f3d","4277","2026-07-26T09:23:16Z"
"mevnet-4278-gentari","mevnet-4278","Gentari","3","1","2","Not published by MEVnet","Not published by MEVnet","Not published by MEVnet","Not published by MEVnet","PLANMalaysia MEVnet","https://portaldev.planmalaysia.gov.my/portal/apps/dashboards/bba366dc3d144510bfd7cda771795f3d","4278","2026-07-26T09:23:16Z"
"mevnet-4279-gentari","mevnet-4279","Gentari","3","3","0","Not published by MEVnet","Not published by MEVnet","Not published by MEVnet","Not published by MEVnet","PLANMalaysia MEVnet","https://portaldev.planmalaysia.gov.my/portal/apps/dashboards/bba366dc3d144510bfd7cda771795f3d","4279","2026-07-26T09:23:16Z"
"mevnet-4280-gentari","mevnet-4280","Gentari","3","1","2","Not published by MEVnet","Not published by MEVnet","Not published by MEVnet","Not published by MEVnet","PLANMalaysia MEVnet","https://portaldev.planmalaysia.gov.my/portal/apps/dashboards/bba366dc3d144510bfd7cda771795f3d","4280","2026-07-26T09:23:16Z"
"mevnet-4281-gentari","mevnet-4281","Gentari","4","4","0","Not published by MEVnet","Not published by MEVnet","Not published by MEVnet","Not published by MEVnet","PLANMalaysia MEVnet","https://portaldev.planmalaysia.gov.my/portal/apps/dashboards/bba366dc3d144510bfd7cda771795f3d","4281","2026-07-26T09:23:16Z"
"mevnet-4282-gentari","mevnet-4282","Gentari","2","0","2","Not published by MEVnet","Not published by MEVnet","Not published by MEVnet","Not published by MEVnet","PLANMalaysia MEVnet","https://portaldev.planmalaysia.gov.my/portal/apps/dashboards/bba366dc3d144510bfd7cda771795f3d","4282","2026-07-26T09:23:16Z"
"mevnet-4283-gentari","mevnet-4283","Gentari","2","0","2","Not published by MEVnet","Not published by MEVnet","Not published by MEVnet","Not published by MEVnet","PLANMalaysia MEVnet","https://portaldev.planmalaysia.gov.my/portal/apps/dashboards/bba366dc3d144510bfd7cda771795f3d","4283","2026-07-26T09:23:16Z"
"mevnet-4284-others","mevnet-4284","Others","2","0","2","Not published by MEVnet","Not published by MEVnet","Not published by MEVnet","Not published by MEVnet","PLANMalaysia MEVnet","https://portaldev.planmalaysia.gov.my/portal/apps/dashboards/bba366dc3d144510bfd7cda771795f3d","4284","2026-07-26T09:23:16Z"
"mevnet-4285-others","mevnet-4285","Others","2","2","0","Not published by MEVnet","Not published by MEVnet","Not published by MEVnet","Not published by MEVnet","PLANMalaysia MEVnet","https://portaldev.planmalaysia.gov.my/portal/apps/dashboards/bba366dc3d144510bfd7cda771795f3d","4285","2026-07-26T09:23:16Z"
"mevnet-4286-others","mevnet-4286","Others","2","0","2","Not published by MEVnet","Not published by MEVnet","Not published by MEVnet","Not published by MEVnet","PLANMalaysia MEVnet","https://portaldev.planmalaysia.gov.my/portal/apps/dashboards/bba366dc3d144510bfd7cda771795f3d","4286","2026-07-26T09:23:16Z"
"mevnet-4287-others","mevnet-4287","Others","3","2","1","Not published by MEVnet","Not published by MEVnet","Not published by MEVnet","Not published by MEVnet","PLANMalaysia MEVnet","https://portaldev.planmalaysia.gov.my/portal/apps/dashboards/bba366dc3d144510bfd7cda771795f3d","4287","2026-07-26T09:23:16Z"
"mevnet-4288-others","mevnet-4288","Others","2","2","0","Not published by MEVnet","Not published by MEVnet","Not published by MEVnet","Not published by MEVnet","PLANMalaysia MEVnet","https://portaldev.planmalaysia.gov.my/portal/apps/dashboards/bba366dc3d144510bfd7cda771795f3d","4288","2026-07-26T09:23:16Z"
"mevnet-4289-others","mevnet-4289","Others","2","2","0","Not published by MEVnet","Not published by MEVnet","Not published by MEVnet","Not published by MEVnet","PLANMalaysia MEVnet","https://portaldev.planmalaysia.gov.my/portal/apps/dashboards/bba366dc3d144510bfd7cda771795f3d","4289","2026-07-26T09:23:16Z"
"mevnet-4290-others","mevnet-4290","Others","2","2","0","Not published by MEVnet","Not published by MEVnet","Not published by MEVnet","Not published by MEVnet","PLANMalaysia MEVnet","https://portaldev.planmalaysia.gov.my/portal/apps/dashboards/bba366dc3d144510bfd7cda771795f3d","4290","2026-07-26T09:23:16Z"
"mevnet-4291-others","mevnet-4291","Others","7","3","4","Not published by MEVnet","Not published by MEVnet","Not published by MEVnet","Not published by MEVnet","PLANMalaysia MEVnet","https://portaldev.planmalaysia.gov.my/portal/apps/dashboards/bba366dc3d144510bfd7cda771795f3d","4291","2026-07-26T09:23:16Z"
"mevnet-4292-others","mevnet-4292","Others","2","0","2","Not published by MEVnet","Not published by MEVnet","Not published by MEVnet","Not published by MEVnet","PLANMalaysia MEVnet","https://portaldev.planmalaysia.gov.my/portal/apps/dashboards/bba366dc3d144510bfd7cda771795f3d","4292","2026-07-26T09:23:16Z"
"mevnet-4293-gentari","mevnet-4293","Gentari","2","0","2","Not published by MEVnet","Not published by MEVnet","Not published by MEVnet","Not published by MEVnet","PLANMalaysia MEVnet","https://portaldev.planmalaysia.gov.my/portal/apps/dashboards/bba366dc3d144510bfd7cda771795f3d","4293","2026-07-26T09:23:16Z"
"mevnet-4294-others","mevnet-4294","Others","2","0","2","Not published by MEVnet","Not published by MEVnet","Not published by MEVnet","Not published by MEVnet","PLANMalaysia MEVnet","https://portaldev.planmalaysia.gov.my/portal/apps/dashboards/bba366dc3d144510bfd7cda771795f3d","4294","2026-07-26T09:23:16Z"
"mevnet-4295-tnbx-gotou-","mevnet-4295","TNBX (GoToU)","2","0","2","Not published by MEVnet","Not published by MEVnet","Not published by MEVnet","Not published by MEVnet","PLANMalaysia MEVnet","https://portaldev.planmalaysia.gov.my/portal/apps/dashboards/bba366dc3d144510bfd7cda771795f3d","4295","2026-07-26T09:23:16Z"
"mevnet-4296-chargev","mevnet-4296","chargEV","16","0","16","Not published by MEVnet","Not published by MEVnet","Not published by MEVnet","Not published by MEVnet","PLANMalaysia MEVnet","https://portaldev.planmalaysia.gov.my/portal/apps/dashboards/bba366dc3d144510bfd7cda771795f3d","4296","2026-07-26T09:23:16Z"
"mevnet-4297-jomcharge","mevnet-4297","JomCharge","3","3","0","Not published by MEVnet","Not published by MEVnet","Not published by MEVnet","Not published by MEVnet","PLANMalaysia MEVnet","https://portaldev.planmalaysia.gov.my/portal/apps/dashboards/bba366dc3d144510bfd7cda771795f3d","4297","2026-07-26T09:23:16Z"
"mevnet-4298-others","mevnet-4298","Others","3","1","2","Not published by MEVnet","Not published by MEVnet","Not published by MEVnet","Not published by MEVnet","PLANMalaysia MEVnet","https://portaldev.planmalaysia.gov.my/portal/apps/dashboards/bba366dc3d144510bfd7cda771795f3d","4298","2026-07-26T09:23:16Z"
"mevnet-4299-jomcharge","mevnet-4299","JomCharge","8","8","0","Not published by MEVnet","Not published by MEVnet","Not published by MEVnet","Not published by MEVnet","PLANMalaysia MEVnet","https://portaldev.planmalaysia.gov.my/portal/apps/dashboards/bba366dc3d144510bfd7cda771795f3d","4299","2026-07-26T09:23:16Z"
"mevnet-4300-zap","mevnet-4300","Zap","2","2","0","Not published by MEVnet","Not published by MEVnet","Not published by MEVnet","Not published by MEVnet","PLANMalaysia MEVnet","https://portaldev.planmalaysia.gov.my/portal/apps/dashboards/bba366dc3d144510bfd7cda771795f3d","4300","2026-07-26T09:23:16Z"
"mevnet-4301-zap","mevnet-4301","Zap","2","2","0","Not published by MEVnet","Not published by MEVnet","Not published by MEVnet","Not published by MEVnet","PLANMalaysia MEVnet","https://portaldev.planmalaysia.gov.my/portal/apps/dashboards/bba366dc3d144510bfd7cda771795f3d","4301","2026-07-26T09:23:16Z"
"mevnet-4302-zap","mevnet-4302","Zap","2","2","0","Not published by MEVnet","Not published by MEVnet","Not published by MEVnet","Not published by MEVnet","PLANMalaysia MEVnet","https://portaldev.planmalaysia.gov.my/portal/apps/dashboards/bba366dc3d144510bfd7cda771795f3d","4302","2026-07-26T09:23:16Z"
"mevnet-4303-zap","mevnet-4303","Zap","2","2","0","Not published by MEVnet","Not published by MEVnet","Not published by MEVnet","Not published by MEVnet","PLANMalaysia MEVnet","https://portaldev.planmalaysia.gov.my/portal/apps/dashboards/bba366dc3d144510bfd7cda771795f3d","4303","2026-07-26T09:23:16Z"
"mevnet-4304-jomcharge","mevnet-4304","JomCharge","2","2","0","Not published by MEVnet","Not published by MEVnet","Not published by MEVnet","Not published by MEVnet","PLANMalaysia MEVnet","https://portaldev.planmalaysia.gov.my/portal/apps/dashboards/bba366dc3d144510bfd7cda771795f3d","4304","2026-07-26T09:23:16Z"
"mevnet-4305-gentari","mevnet-4305","Gentari","1","0","1","Not published by MEVnet","Not published by MEVnet","Not published by MEVnet","Not published by MEVnet","PLANMalaysia MEVnet","https://portaldev.planmalaysia.gov.my/portal/apps/dashboards/bba366dc3d144510bfd7cda771795f3d","4305","2026-07-26T09:23:16Z"
"mevnet-4306-gentari","mevnet-4306","Gentari","2","2","0","Not published by MEVnet","Not published by MEVnet","Not published by MEVnet","Not published by MEVnet","PLANMalaysia MEVnet","https://portaldev.planmalaysia.gov.my/portal/apps/dashboards/bba366dc3d144510bfd7cda771795f3d","4306","2026-07-26T09:23:16Z"
"mevnet-4307-gentari","mevnet-4307","Gentari","2","0","2","Not published by MEVnet","Not published by MEVnet","Not published by MEVnet","Not published by MEVnet","PLANMalaysia MEVnet","https://portaldev.planmalaysia.gov.my/portal/apps/dashboards/bba366dc3d144510bfd7cda771795f3d","4307","2026-07-26T09:23:16Z"
"mevnet-4308-jomcharge","mevnet-4308","JomCharge","2","2","0","Not published by MEVnet","Not published by MEVnet","Not published by MEVnet","Not published by MEVnet","PLANMalaysia MEVnet","https://portaldev.planmalaysia.gov.my/portal/apps/dashboards/bba366dc3d144510bfd7cda771795f3d","4308","2026-07-26T09:23:16Z"
"mevnet-4309-jomcharge","mevnet-4309","JomCharge","4","2","2","Not published by MEVnet","Not published by MEVnet","Not published by MEVnet","Not published by MEVnet","PLANMalaysia MEVnet","https://portaldev.planmalaysia.gov.my/portal/apps/dashboards/bba366dc3d144510bfd7cda771795f3d","4309","2026-07-26T09:23:16Z"
"mevnet-4310-chargesini","mevnet-4310","ChargeSini","5","3","2","Not published by MEVnet","Not published by MEVnet","Not published by MEVnet","Not published by MEVnet","PLANMalaysia MEVnet","https://portaldev.planmalaysia.gov.my/portal/apps/dashboards/bba366dc3d144510bfd7cda771795f3d","4310","2026-07-26T09:23:16Z"
"mevnet-4311-jomcharge","mevnet-4311","JomCharge","2","2","0","Not published by MEVnet","Not published by MEVnet","Not published by MEVnet","Not published by MEVnet","PLANMalaysia MEVnet","https://portaldev.planmalaysia.gov.my/portal/apps/dashboards/bba366dc3d144510bfd7cda771795f3d","4311","2026-07-26T09:23:16Z"
"mevnet-4312-zap","mevnet-4312","Zap","2","0","2","Not published by MEVnet","Not published by MEVnet","Not published by MEVnet","Not published by MEVnet","PLANMalaysia MEVnet","https://portaldev.planmalaysia.gov.my/portal/apps/dashboards/bba366dc3d144510bfd7cda771795f3d","4312","2026-07-26T09:23:16Z"
"mevnet-4313-chargesini","mevnet-4313","ChargeSini","4","4","0","Not published by MEVnet","Not published by MEVnet","Not published by MEVnet","Not published by MEVnet","PLANMalaysia MEVnet","https://portaldev.planmalaysia.gov.my/portal/apps/dashboards/bba366dc3d144510bfd7cda771795f3d","4313","2026-07-26T09:23:16Z"
"mevnet-4314-chargesini","mevnet-4314","ChargeSini","3","1","2","Not published by MEVnet","Not published by MEVnet","Not published by MEVnet","Not published by MEVnet","PLANMalaysia MEVnet","https://portaldev.planmalaysia.gov.my/portal/apps/dashboards/bba366dc3d144510bfd7cda771795f3d","4314","2026-07-26T09:23:16Z"
"mevnet-4315-jomcharge","mevnet-4315","JomCharge","6","6","0","Not published by MEVnet","Not published by MEVnet","Not published by MEVnet","Not published by MEVnet","PLANMalaysia MEVnet","https://portaldev.planmalaysia.gov.my/portal/apps/dashboards/bba366dc3d144510bfd7cda771795f3d","4315","2026-07-26T09:23:16Z"
"mevnet-4316-chargesini","mevnet-4316","ChargeSini","2","0","2","Not published by MEVnet","Not published by MEVnet","Not published by MEVnet","Not published by MEVnet","PLANMalaysia MEVnet","https://portaldev.planmalaysia.gov.my/portal/apps/dashboards/bba366dc3d144510bfd7cda771795f3d","4316","2026-07-26T09:23:16Z"
"mevnet-4317-zap","mevnet-4317","Zap","2","0","2","Not published by MEVnet","Not published by MEVnet","Not published by MEVnet","Not published by MEVnet","PLANMalaysia MEVnet","https://portaldev.planmalaysia.gov.my/portal/apps/dashboards/bba366dc3d144510bfd7cda771795f3d","4317","2026-07-26T09:23:16Z"
"mevnet-4318-jomcharge","mevnet-4318","JomCharge","7","7","0","Not published by MEVnet","Not published by MEVnet","Not published by MEVnet","Not published by MEVnet","PLANMalaysia MEVnet","https://portaldev.planmalaysia.gov.my/portal/apps/dashboards/bba366dc3d144510bfd7cda771795f3d","4318","2026-07-26T09:23:16Z"
"mevnet-4319-others","mevnet-4319","Others","2","2","0","Not published by MEVnet","Not published by MEVnet","Not published by MEVnet","Not published by MEVnet","PLANMalaysia MEVnet","https://portaldev.planmalaysia.gov.my/portal/apps/dashboards/bba366dc3d144510bfd7cda771795f3d","4319","2026-07-26T09:23:16Z"
"mevnet-4320-others","mevnet-4320","Others","1","1","0","Not published by MEVnet","Not published by MEVnet","Not published by MEVnet","Not published by MEVnet","PLANMalaysia MEVnet","https://portaldev.planmalaysia.gov.my/portal/apps/dashboards/bba366dc3d144510bfd7cda771795f3d","4320","2026-07-26T09:23:16Z"
"mevnet-4321-others","mevnet-4321","Others","5","5","0","Not published by MEVnet","Not published by MEVnet","Not published by MEVnet","Not published by MEVnet","PLANMalaysia MEVnet","https://portaldev.planmalaysia.gov.my/portal/apps/dashboards/bba366dc3d144510bfd7cda771795f3d","4321","2026-07-26T09:23:16Z"
"mevnet-4322-jomcharge","mevnet-4322","JomCharge","3","3","0","Not published by MEVnet","Not published by MEVnet","Not published by MEVnet","Not published by MEVnet","PLANMalaysia MEVnet","https://portaldev.planmalaysia.gov.my/portal/apps/dashboards/bba366dc3d144510bfd7cda771795f3d","4322","2026-07-26T09:23:16Z"
"mevnet-4323-others","mevnet-4323","Others","2","2","0","Not published by MEVnet","Not published by MEVnet","Not published by MEVnet","Not published by MEVnet","PLANMalaysia MEVnet","https://portaldev.planmalaysia.gov.my/portal/apps/dashboards/bba366dc3d144510bfd7cda771795f3d","4323","2026-07-26T09:23:16Z"
"mevnet-4324-others","mevnet-4324","Others","2","2","0","Not published by MEVnet","Not published by MEVnet","Not published by MEVnet","Not published by MEVnet","PLANMalaysia MEVnet","https://portaldev.planmalaysia.gov.my/portal/apps/dashboards/bba366dc3d144510bfd7cda771795f3d","4324","2026-07-26T09:23:16Z"
"mevnet-4325-jomcharge","mevnet-4325","JomCharge","3","1","2","Not published by MEVnet","Not published by MEVnet","Not published by MEVnet","Not published by MEVnet","PLANMalaysia MEVnet","https://portaldev.planmalaysia.gov.my/portal/apps/dashboards/bba366dc3d144510bfd7cda771795f3d","4325","2026-07-26T09:23:16Z"
"mevnet-4326-others","mevnet-4326","Others","2","2","0","Not published by MEVnet","Not published by MEVnet","Not published by MEVnet","Not published by MEVnet","PLANMalaysia MEVnet","https://portaldev.planmalaysia.gov.my/portal/apps/dashboards/bba366dc3d144510bfd7cda771795f3d","4326","2026-07-26T09:23:16Z"
"mevnet-4327-chargesini","mevnet-4327","ChargeSini","4","4","0","Not published by MEVnet","Not published by MEVnet","Not published by MEVnet","Not published by MEVnet","PLANMalaysia MEVnet","https://portaldev.planmalaysia.gov.my/portal/apps/dashboards/bba366dc3d144510bfd7cda771795f3d","4327","2026-07-26T09:23:16Z"
"mevnet-4328-jomcharge","mevnet-4328","JomCharge","2","2","0","Not published by MEVnet","Not published by MEVnet","Not published by MEVnet","Not published by MEVnet","PLANMalaysia MEVnet","https://portaldev.planmalaysia.gov.my/portal/apps/dashboards/bba366dc3d144510bfd7cda771795f3d","4328","2026-07-26T09:23:16Z"
"mevnet-4329-others","mevnet-4329","Others","4","4","0","Not published by MEVnet","Not published by MEVnet","Not published by MEVnet","Not published by MEVnet","PLANMalaysia MEVnet","https://portaldev.planmalaysia.gov.my/portal/apps/dashboards/bba366dc3d144510bfd7cda771795f3d","4329","2026-07-26T09:23:16Z"
"mevnet-4330-others","mevnet-4330","Others","4","4","0","Not published by MEVnet","Not published by MEVnet","Not published by MEVnet","Not published by MEVnet","PLANMalaysia MEVnet","https://portaldev.planmalaysia.gov.my/portal/apps/dashboards/bba366dc3d144510bfd7cda771795f3d","4330","2026-07-26T09:23:16Z"
"mevnet-4331-chargesini","mevnet-4331","ChargeSini","2","0","2","Not published by MEVnet","Not published by MEVnet","Not published by MEVnet","Not published by MEVnet","PLANMalaysia MEVnet","https://portaldev.planmalaysia.gov.my/portal/apps/dashboards/bba366dc3d144510bfd7cda771795f3d","4331","2026-07-26T09:23:16Z"
"mevnet-4332-jomcharge","mevnet-4332","JomCharge","3","3","0","Not published by MEVnet","Not published by MEVnet","Not published by MEVnet","Not published by MEVnet","PLANMalaysia MEVnet","https://portaldev.planmalaysia.gov.my/portal/apps/dashboards/bba366dc3d144510bfd7cda771795f3d","4332","2026-07-26T09:23:16Z"
"mevnet-4333-jomcharge","mevnet-4333","JomCharge","1","0","1","Not published by MEVnet","Not published by MEVnet","Not published by MEVnet","Not published by MEVnet","PLANMalaysia MEVnet","https://portaldev.planmalaysia.gov.my/portal/apps/dashboards/bba366dc3d144510bfd7cda771795f3d","4333","2026-07-26T09:23:16Z"
"mevnet-4334-gentari","mevnet-4334","Gentari","4","0","4","Not published by MEVnet","Not published by MEVnet","Not published by MEVnet","Not published by MEVnet","PLANMalaysia MEVnet","https://portaldev.planmalaysia.gov.my/portal/apps/dashboards/bba366dc3d144510bfd7cda771795f3d","4334","2026-07-26T09:23:16Z"
"mevnet-4335-chargesini","mevnet-4335","ChargeSini","2","0","2","Not published by MEVnet","Not published by MEVnet","Not published by MEVnet","Not published by MEVnet","PLANMalaysia MEVnet","https://portaldev.planmalaysia.gov.my/portal/apps/dashboards/bba366dc3d144510bfd7cda771795f3d","4335","2026-07-26T09:23:16Z"
"mevnet-4336-chargesini","mevnet-4336","ChargeSini","2","0","2","Not published by MEVnet","Not published by MEVnet","Not published by MEVnet","Not published by MEVnet","PLANMalaysia MEVnet","https://portaldev.planmalaysia.gov.my/portal/apps/dashboards/bba366dc3d144510bfd7cda771795f3d","4336","2026-07-26T09:23:16Z"
"mevnet-4337-chargesini","mevnet-4337","ChargeSini","4","4","0","Not published by MEVnet","Not published by MEVnet","Not published by MEVnet","Not published by MEVnet","PLANMalaysia MEVnet","https://portaldev.planmalaysia.gov.my/portal/apps/dashboards/bba366dc3d144510bfd7cda771795f3d","4337","2026-07-26T09:23:16Z"
"mevnet-4338-tnbx-gotou-","mevnet-4338","TNBX (GoToU)","2","0","2","Not published by MEVnet","Not published by MEVnet","Not published by MEVnet","Not published by MEVnet","PLANMalaysia MEVnet","https://portaldev.planmalaysia.gov.my/portal/apps/dashboards/bba366dc3d144510bfd7cda771795f3d","4338","2026-07-26T09:23:16Z"
"mevnet-4339-jomcharge","mevnet-4339","JomCharge","2","2","0","Not published by MEVnet","Not published by MEVnet","Not published by MEVnet","Not published by MEVnet","PLANMalaysia MEVnet","https://portaldev.planmalaysia.gov.my/portal/apps/dashboards/bba366dc3d144510bfd7cda771795f3d","4339","2026-07-26T09:23:16Z"
"mevnet-4340-others","mevnet-4340","Others","2","1","1","Not published by MEVnet","Not published by MEVnet","Not published by MEVnet","Not published by MEVnet","PLANMalaysia MEVnet","https://portaldev.planmalaysia.gov.my/portal/apps/dashboards/bba366dc3d144510bfd7cda771795f3d","4340","2026-07-26T09:23:16Z"
"mevnet-4341-others","mevnet-4341","Others","1","1","0","Not published by MEVnet","Not published by MEVnet","Not published by MEVnet","Not published by MEVnet","PLANMalaysia MEVnet","https://portaldev.planmalaysia.gov.my/portal/apps/dashboards/bba366dc3d144510bfd7cda771795f3d","4341","2026-07-26T09:23:16Z"
"mevnet-4342-zap","mevnet-4342","Zap","4","4","0","Not published by MEVnet","Not published by MEVnet","Not published by MEVnet","Not published by MEVnet","PLANMalaysia MEVnet","https://portaldev.planmalaysia.gov.my/portal/apps/dashboards/bba366dc3d144510bfd7cda771795f3d","4342","2026-07-26T09:23:16Z"
"mevnet-4343-chargesini","mevnet-4343","ChargeSini","4","4","0","Not published by MEVnet","Not published by MEVnet","Not published by MEVnet","Not published by MEVnet","PLANMalaysia MEVnet","https://portaldev.planmalaysia.gov.my/portal/apps/dashboards/bba366dc3d144510bfd7cda771795f3d","4343","2026-07-26T09:23:16Z"
"mevnet-4344-zap","mevnet-4344","Zap","2","2","0","Not published by MEVnet","Not published by MEVnet","Not published by MEVnet","Not published by MEVnet","PLANMalaysia MEVnet","https://portaldev.planmalaysia.gov.my/portal/apps/dashboards/bba366dc3d144510bfd7cda771795f3d","4344","2026-07-26T09:23:16Z"
"mevnet-4345-jomcharge","mevnet-4345","JomCharge","4","2","2","Not published by MEVnet","Not published by MEVnet","Not published by MEVnet","Not published by MEVnet","PLANMalaysia MEVnet","https://portaldev.planmalaysia.gov.my/portal/apps/dashboards/bba366dc3d144510bfd7cda771795f3d","4345","2026-07-26T09:23:16Z"
"mevnet-4346-jomcharge","mevnet-4346","JomCharge","2","0","2","Not published by MEVnet","Not published by MEVnet","Not published by MEVnet","Not published by MEVnet","PLANMalaysia MEVnet","https://portaldev.planmalaysia.gov.my/portal/apps/dashboards/bba366dc3d144510bfd7cda771795f3d","4346","2026-07-26T09:23:16Z"
"mevnet-4347-jomcharge","mevnet-4347","JomCharge","3","3","0","Not published by MEVnet","Not published by MEVnet","Not published by MEVnet","Not published by MEVnet","PLANMalaysia MEVnet","https://portaldev.planmalaysia.gov.my/portal/apps/dashboards/bba366dc3d144510bfd7cda771795f3d","4347","2026-07-26T09:23:16Z"
"mevnet-4348-jomcharge","mevnet-4348","JomCharge","2","2","0","Not published by MEVnet","Not published by MEVnet","Not published by MEVnet","Not published by MEVnet","PLANMalaysia MEVnet","https://portaldev.planmalaysia.gov.my/portal/apps/dashboards/bba366dc3d144510bfd7cda771795f3d","4348","2026-07-26T09:23:16Z"
"mevnet-4349-zap","mevnet-4349","Zap","2","2","0","Not published by MEVnet","Not published by MEVnet","Not published by MEVnet","Not published by MEVnet","PLANMalaysia MEVnet","https://portaldev.planmalaysia.gov.my/portal/apps/dashboards/bba366dc3d144510bfd7cda771795f3d","4349","2026-07-26T09:23:16Z"
"mevnet-4350-jomcharge","mevnet-4350","JomCharge","2","2","0","Not published by MEVnet","Not published by MEVnet","Not published by MEVnet","Not published by MEVnet","PLANMalaysia MEVnet","https://portaldev.planmalaysia.gov.my/portal/apps/dashboards/bba366dc3d144510bfd7cda771795f3d","4350","2026-07-26T09:23:16Z"
"mevnet-4351-others","mevnet-4351","Others","2","2","0","Not published by MEVnet","Not published by MEVnet","Not published by MEVnet","Not published by MEVnet","PLANMalaysia MEVnet","https://portaldev.planmalaysia.gov.my/portal/apps/dashboards/bba366dc3d144510bfd7cda771795f3d","4351","2026-07-26T09:23:16Z"
"mevnet-4352-jomcharge","mevnet-4352","JomCharge","3","3","0","Not published by MEVnet","Not published by MEVnet","Not published by MEVnet","Not published by MEVnet","PLANMalaysia MEVnet","https://portaldev.planmalaysia.gov.my/portal/apps/dashboards/bba366dc3d144510bfd7cda771795f3d","4352","2026-07-26T09:23:16Z"
"mevnet-4353-jomcharge","mevnet-4353","JomCharge","6","6","0","Not published by MEVnet","Not published by MEVnet","Not published by MEVnet","Not published by MEVnet","PLANMalaysia MEVnet","https://portaldev.planmalaysia.gov.my/portal/apps/dashboards/bba366dc3d144510bfd7cda771795f3d","4353","2026-07-26T09:23:16Z"
"mevnet-4354-jomcharge","mevnet-4354","JomCharge","2","0","2","Not published by MEVnet","Not published by MEVnet","Not published by MEVnet","Not published by MEVnet","PLANMalaysia MEVnet","https://portaldev.planmalaysia.gov.my/portal/apps/dashboards/bba366dc3d144510bfd7cda771795f3d","4354","2026-07-26T09:23:16Z"
"mevnet-4355-jomcharge","mevnet-4355","JomCharge","2","0","2","Not published by MEVnet","Not published by MEVnet","Not published by MEVnet","Not published by MEVnet","PLANMalaysia MEVnet","https://portaldev.planmalaysia.gov.my/portal/apps/dashboards/bba366dc3d144510bfd7cda771795f3d","4355","2026-07-26T09:23:16Z"
"mevnet-4356-chargesini","mevnet-4356","ChargeSini","2","2","0","Not published by MEVnet","Not published by MEVnet","Not published by MEVnet","Not published by MEVnet","PLANMalaysia MEVnet","https://portaldev.planmalaysia.gov.my/portal/apps/dashboards/bba366dc3d144510bfd7cda771795f3d","4356","2026-07-26T09:23:16Z"
"mevnet-4357-others","mevnet-4357","Others","2","2","0","Not published by MEVnet","Not published by MEVnet","Not published by MEVnet","Not published by MEVnet","PLANMalaysia MEVnet","https://portaldev.planmalaysia.gov.my/portal/apps/dashboards/bba366dc3d144510bfd7cda771795f3d","4357","2026-07-26T09:23:16Z"
"mevnet-4358-others","mevnet-4358","Others","28","0","28","Not published by MEVnet","Not published by MEVnet","Not published by MEVnet","Not published by MEVnet","PLANMalaysia MEVnet","https://portaldev.planmalaysia.gov.my/portal/apps/dashboards/bba366dc3d144510bfd7cda771795f3d","4358","2026-07-26T09:23:16Z"
"mevnet-4359-jomcharge","mevnet-4359","JomCharge","6","6","0","Not published by MEVnet","Not published by MEVnet","Not published by MEVnet","Not published by MEVnet","PLANMalaysia MEVnet","https://portaldev.planmalaysia.gov.my/portal/apps/dashboards/bba366dc3d144510bfd7cda771795f3d","4359","2026-07-26T09:23:16Z"
"mevnet-4360-jomcharge","mevnet-4360","JomCharge","2","2","0","Not published by MEVnet","Not published by MEVnet","Not published by MEVnet","Not published by MEVnet","PLANMalaysia MEVnet","https://portaldev.planmalaysia.gov.my/portal/apps/dashboards/bba366dc3d144510bfd7cda771795f3d","4360","2026-07-26T09:23:16Z"
"mevnet-4361-chargesini","mevnet-4361","ChargeSini","2","0","2","Not published by MEVnet","Not published by MEVnet","Not published by MEVnet","Not published by MEVnet","PLANMalaysia MEVnet","https://portaldev.planmalaysia.gov.my/portal/apps/dashboards/bba366dc3d144510bfd7cda771795f3d","4361","2026-07-26T09:23:16Z"
"mevnet-4362-chargesini","mevnet-4362","ChargeSini","2","0","2","Not published by MEVnet","Not published by MEVnet","Not published by MEVnet","Not published by MEVnet","PLANMalaysia MEVnet","https://portaldev.planmalaysia.gov.my/portal/apps/dashboards/bba366dc3d144510bfd7cda771795f3d","4362","2026-07-26T09:23:16Z"
"mevnet-4363-chargesini","mevnet-4363","ChargeSini","2","0","2","Not published by MEVnet","Not published by MEVnet","Not published by MEVnet","Not published by MEVnet","PLANMalaysia MEVnet","https://portaldev.planmalaysia.gov.my/portal/apps/dashboards/bba366dc3d144510bfd7cda771795f3d","4363","2026-07-26T09:23:16Z"
"mevnet-4364-chargesini","mevnet-4364","ChargeSini","2","2","0","Not published by MEVnet","Not published by MEVnet","Not published by MEVnet","Not published by MEVnet","PLANMalaysia MEVnet","https://portaldev.planmalaysia.gov.my/portal/apps/dashboards/bba366dc3d144510bfd7cda771795f3d","4364","2026-07-26T09:23:16Z"
"mevnet-4365-chargesini","mevnet-4365","ChargeSini","2","0","2","Not published by MEVnet","Not published by MEVnet","Not published by MEVnet","Not published by MEVnet","PLANMalaysia MEVnet","https://portaldev.planmalaysia.gov.my/portal/apps/dashboards/bba366dc3d144510bfd7cda771795f3d","4365","2026-07-26T09:23:16Z"
"mevnet-4366-chargesini","mevnet-4366","ChargeSini","2","0","2","Not published by MEVnet","Not published by MEVnet","Not published by MEVnet","Not published by MEVnet","PLANMalaysia MEVnet","https://portaldev.planmalaysia.gov.my/portal/apps/dashboards/bba366dc3d144510bfd7cda771795f3d","4366","2026-07-26T09:23:16Z"
"mevnet-4367-gentari","mevnet-4367","Gentari","2","2","0","Not published by MEVnet","Not published by MEVnet","Not published by MEVnet","Not published by MEVnet","PLANMalaysia MEVnet","https://portaldev.planmalaysia.gov.my/portal/apps/dashboards/bba366dc3d144510bfd7cda771795f3d","4367","2026-07-26T09:23:16Z"
"mevnet-4368-others","mevnet-4368","Others","1","1","0","Not published by MEVnet","Not published by MEVnet","Not published by MEVnet","Not published by MEVnet","PLANMalaysia MEVnet","https://portaldev.planmalaysia.gov.my/portal/apps/dashboards/bba366dc3d144510bfd7cda771795f3d","4368","2026-07-26T09:23:16Z"
"mevnet-4369-jomcharge","mevnet-4369","JomCharge","2","2","0","Not published by MEVnet","Not published by MEVnet","Not published by MEVnet","Not published by MEVnet","PLANMalaysia MEVnet","https://portaldev.planmalaysia.gov.my/portal/apps/dashboards/bba366dc3d144510bfd7cda771795f3d","4369","2026-07-26T09:23:16Z"
"mevnet-4370-others","mevnet-4370","Others","2","0","2","Not published by MEVnet","Not published by MEVnet","Not published by MEVnet","Not published by MEVnet","PLANMalaysia MEVnet","https://portaldev.planmalaysia.gov.my/portal/apps/dashboards/bba366dc3d144510bfd7cda771795f3d","4370","2026-07-26T09:23:16Z"
"mevnet-4371-others","mevnet-4371","Others","5","5","0","Not published by MEVnet","Not published by MEVnet","Not published by MEVnet","Not published by MEVnet","PLANMalaysia MEVnet","https://portaldev.planmalaysia.gov.my/portal/apps/dashboards/bba366dc3d144510bfd7cda771795f3d","4371","2026-07-26T09:23:16Z"
"mevnet-4372-jomcharge","mevnet-4372","JomCharge","3","3","0","Not published by MEVnet","Not published by MEVnet","Not published by MEVnet","Not published by MEVnet","PLANMalaysia MEVnet","https://portaldev.planmalaysia.gov.my/portal/apps/dashboards/bba366dc3d144510bfd7cda771795f3d","4372","2026-07-26T09:23:16Z"
"mevnet-4373-others","mevnet-4373","Others","3","3","0","Not published by MEVnet","Not published by MEVnet","Not published by MEVnet","Not published by MEVnet","PLANMalaysia MEVnet","https://portaldev.planmalaysia.gov.my/portal/apps/dashboards/bba366dc3d144510bfd7cda771795f3d","4373","2026-07-26T09:23:16Z"
"mevnet-4374-chargesini","mevnet-4374","ChargeSini","3","3","0","Not published by MEVnet","Not published by MEVnet","Not published by MEVnet","Not published by MEVnet","PLANMalaysia MEVnet","https://portaldev.planmalaysia.gov.my/portal/apps/dashboards/bba366dc3d144510bfd7cda771795f3d","4374","2026-07-26T09:23:16Z"
"mevnet-4375-jomcharge","mevnet-4375","JomCharge","2","2","0","Not published by MEVnet","Not published by MEVnet","Not published by MEVnet","Not published by MEVnet","PLANMalaysia MEVnet","https://portaldev.planmalaysia.gov.my/portal/apps/dashboards/bba366dc3d144510bfd7cda771795f3d","4375","2026-07-26T09:23:16Z"
"mevnet-4376-jomcharge","mevnet-4376","JomCharge","2","2","0","Not published by MEVnet","Not published by MEVnet","Not published by MEVnet","Not published by MEVnet","PLANMalaysia MEVnet","https://portaldev.planmalaysia.gov.my/portal/apps/dashboards/bba366dc3d144510bfd7cda771795f3d","4376","2026-07-26T09:23:16Z"
"mevnet-4377-jomcharge","mevnet-4377","JomCharge","2","2","0","Not published by MEVnet","Not published by MEVnet","Not published by MEVnet","Not published by MEVnet","PLANMalaysia MEVnet","https://portaldev.planmalaysia.gov.my/portal/apps/dashboards/bba366dc3d144510bfd7cda771795f3d","4377","2026-07-26T09:23:16Z"
"mevnet-4378-jomcharge","mevnet-4378","JomCharge","4","4","0","Not published by MEVnet","Not published by MEVnet","Not published by MEVnet","Not published by MEVnet","PLANMalaysia MEVnet","https://portaldev.planmalaysia.gov.my/portal/apps/dashboards/bba366dc3d144510bfd7cda771795f3d","4378","2026-07-26T09:23:16Z"
"mevnet-4379-others","mevnet-4379","Others","2","0","2","Not published by MEVnet","Not published by MEVnet","Not published by MEVnet","Not published by MEVnet","PLANMalaysia MEVnet","https://portaldev.planmalaysia.gov.my/portal/apps/dashboards/bba366dc3d144510bfd7cda771795f3d","4379","2026-07-26T09:23:16Z"
"mevnet-4380-jomcharge","mevnet-4380","JomCharge","5","5","0","Not published by MEVnet","Not published by MEVnet","Not published by MEVnet","Not published by MEVnet","PLANMalaysia MEVnet","https://portaldev.planmalaysia.gov.my/portal/apps/dashboards/bba366dc3d144510bfd7cda771795f3d","4380","2026-07-26T09:23:16Z"
"mevnet-4381-chargesini","mevnet-4381","ChargeSini","4","2","2","Not published by MEVnet","Not published by MEVnet","Not published by MEVnet","Not published by MEVnet","PLANMalaysia MEVnet","https://portaldev.planmalaysia.gov.my/portal/apps/dashboards/bba366dc3d144510bfd7cda771795f3d","4381","2026-07-26T09:23:16Z"
"mevnet-4382-jomcharge","mevnet-4382","JomCharge","4","4","0","Not published by MEVnet","Not published by MEVnet","Not published by MEVnet","Not published by MEVnet","PLANMalaysia MEVnet","https://portaldev.planmalaysia.gov.my/portal/apps/dashboards/bba366dc3d144510bfd7cda771795f3d","4382","2026-07-26T09:23:16Z"
"mevnet-4383-others","mevnet-4383","Others","2","2","0","Not published by MEVnet","Not published by MEVnet","Not published by MEVnet","Not published by MEVnet","PLANMalaysia MEVnet","https://portaldev.planmalaysia.gov.my/portal/apps/dashboards/bba366dc3d144510bfd7cda771795f3d","4383","2026-07-26T09:23:16Z"
"mevnet-4384-chargesini","mevnet-4384","ChargeSini","3","1","2","Not published by MEVnet","Not published by MEVnet","Not published by MEVnet","Not published by MEVnet","PLANMalaysia MEVnet","https://portaldev.planmalaysia.gov.my/portal/apps/dashboards/bba366dc3d144510bfd7cda771795f3d","4384","2026-07-26T09:23:16Z"
"mevnet-4385-others","mevnet-4385","Others","3","1","2","Not published by MEVnet","Not published by MEVnet","Not published by MEVnet","Not published by MEVnet","PLANMalaysia MEVnet","https://portaldev.planmalaysia.gov.my/portal/apps/dashboards/bba366dc3d144510bfd7cda771795f3d","4385","2026-07-26T09:23:16Z"
"mevnet-4386-chargesini","mevnet-4386","ChargeSini","4","2","2","Not published by MEVnet","Not published by MEVnet","Not published by MEVnet","Not published by MEVnet","PLANMalaysia MEVnet","https://portaldev.planmalaysia.gov.my/portal/apps/dashboards/bba366dc3d144510bfd7cda771795f3d","4386","2026-07-26T09:23:16Z"
"mevnet-4387-others","mevnet-4387","Others","2","2","0","Not published by MEVnet","Not published by MEVnet","Not published by MEVnet","Not published by MEVnet","PLANMalaysia MEVnet","https://portaldev.planmalaysia.gov.my/portal/apps/dashboards/bba366dc3d144510bfd7cda771795f3d","4387","2026-07-26T09:23:16Z"
"mevnet-4388-others","mevnet-4388","Others","2","0","2","Not published by MEVnet","Not published by MEVnet","Not published by MEVnet","Not published by MEVnet","PLANMalaysia MEVnet","https://portaldev.planmalaysia.gov.my/portal/apps/dashboards/bba366dc3d144510bfd7cda771795f3d","4388","2026-07-26T09:23:16Z"
"mevnet-4389-jomcharge","mevnet-4389","JomCharge","8","4","4","Not published by MEVnet","Not published by MEVnet","Not published by MEVnet","Not published by MEVnet","PLANMalaysia MEVnet","https://portaldev.planmalaysia.gov.my/portal/apps/dashboards/bba366dc3d144510bfd7cda771795f3d","4389","2026-07-26T09:23:16Z"
"mevnet-4390-others","mevnet-4390","Others","2","0","2","Not published by MEVnet","Not published by MEVnet","Not published by MEVnet","Not published by MEVnet","PLANMalaysia MEVnet","https://portaldev.planmalaysia.gov.my/portal/apps/dashboards/bba366dc3d144510bfd7cda771795f3d","4390","2026-07-26T09:23:16Z"
"mevnet-4391-jomcharge","mevnet-4391","JomCharge","2","0","2","Not published by MEVnet","Not published by MEVnet","Not published by MEVnet","Not published by MEVnet","PLANMalaysia MEVnet","https://portaldev.planmalaysia.gov.my/portal/apps/dashboards/bba366dc3d144510bfd7cda771795f3d","4391","2026-07-26T09:23:16Z"
"mevnet-4392-jomcharge","mevnet-4392","JomCharge","4","0","4","Not published by MEVnet","Not published by MEVnet","Not published by MEVnet","Not published by MEVnet","PLANMalaysia MEVnet","https://portaldev.planmalaysia.gov.my/portal/apps/dashboards/bba366dc3d144510bfd7cda771795f3d","4392","2026-07-26T09:23:16Z"
"mevnet-4393-jomcharge","mevnet-4393","JomCharge","2","0","2","Not published by MEVnet","Not published by MEVnet","Not published by MEVnet","Not published by MEVnet","PLANMalaysia MEVnet","https://portaldev.planmalaysia.gov.my/portal/apps/dashboards/bba366dc3d144510bfd7cda771795f3d","4393","2026-07-26T09:23:16Z"
"mevnet-4394-others","mevnet-4394","Others","2","0","2","Not published by MEVnet","Not published by MEVnet","Not published by MEVnet","Not published by MEVnet","PLANMalaysia MEVnet","https://portaldev.planmalaysia.gov.my/portal/apps/dashboards/bba366dc3d144510bfd7cda771795f3d","4394","2026-07-26T09:23:16Z"
"mevnet-4395-chargesini","mevnet-4395","ChargeSini","2","0","2","Not published by MEVnet","Not published by MEVnet","Not published by MEVnet","Not published by MEVnet","PLANMalaysia MEVnet","https://portaldev.planmalaysia.gov.my/portal/apps/dashboards/bba366dc3d144510bfd7cda771795f3d","4395","2026-07-26T09:23:16Z"
"mevnet-4396-others","mevnet-4396","Others","4","0","4","Not published by MEVnet","Not published by MEVnet","Not published by MEVnet","Not published by MEVnet","PLANMalaysia MEVnet","https://portaldev.planmalaysia.gov.my/portal/apps/dashboards/bba366dc3d144510bfd7cda771795f3d","4396","2026-07-26T09:23:16Z"
"mevnet-4397-others","mevnet-4397","Others","2","0","2","Not published by MEVnet","Not published by MEVnet","Not published by MEVnet","Not published by MEVnet","PLANMalaysia MEVnet","https://portaldev.planmalaysia.gov.my/portal/apps/dashboards/bba366dc3d144510bfd7cda771795f3d","4397","2026-07-26T09:23:16Z"
"mevnet-4398-others","mevnet-4398","Others","4","0","4","Not published by MEVnet","Not published by MEVnet","Not published by MEVnet","Not published by MEVnet","PLANMalaysia MEVnet","https://portaldev.planmalaysia.gov.my/portal/apps/dashboards/bba366dc3d144510bfd7cda771795f3d","4398","2026-07-26T09:23:16Z"
"mevnet-4399-others","mevnet-4399","Others","2","0","2","Not published by MEVnet","Not published by MEVnet","Not published by MEVnet","Not published by MEVnet","PLANMalaysia MEVnet","https://portaldev.planmalaysia.gov.my/portal/apps/dashboards/bba366dc3d144510bfd7cda771795f3d","4399","2026-07-26T09:23:16Z"
"mevnet-4400-jomcharge","mevnet-4400","JomCharge","2","0","2","Not published by MEVnet","Not published by MEVnet","Not published by MEVnet","Not published by MEVnet","PLANMalaysia MEVnet","https://portaldev.planmalaysia.gov.my/portal/apps/dashboards/bba366dc3d144510bfd7cda771795f3d","4400","2026-07-26T09:23:16Z"
"mevnet-4401-others","mevnet-4401","Others","2","0","2","Not published by MEVnet","Not published by MEVnet","Not published by MEVnet","Not published by MEVnet","PLANMalaysia MEVnet","https://portaldev.planmalaysia.gov.my/portal/apps/dashboards/bba366dc3d144510bfd7cda771795f3d","4401","2026-07-26T09:23:16Z"
"mevnet-4402-others","mevnet-4402","Others","2","0","2","Not published by MEVnet","Not published by MEVnet","Not published by MEVnet","Not published by MEVnet","PLANMalaysia MEVnet","https://portaldev.planmalaysia.gov.my/portal/apps/dashboards/bba366dc3d144510bfd7cda771795f3d","4402","2026-07-26T09:23:16Z"
"mevnet-4403-chargev","mevnet-4403","chargEV","2","0","2","Not published by MEVnet","Not published by MEVnet","Not published by MEVnet","Not published by MEVnet","PLANMalaysia MEVnet","https://portaldev.planmalaysia.gov.my/portal/apps/dashboards/bba366dc3d144510bfd7cda771795f3d","4403","2026-07-26T09:23:16Z"
"mevnet-4404-others","mevnet-4404","Others","2","0","2","Not published by MEVnet","Not published by MEVnet","Not published by MEVnet","Not published by MEVnet","PLANMalaysia MEVnet","https://portaldev.planmalaysia.gov.my/portal/apps/dashboards/bba366dc3d144510bfd7cda771795f3d","4404","2026-07-26T09:23:16Z"
"mevnet-4405-others","mevnet-4405","Others","2","0","2","Not published by MEVnet","Not published by MEVnet","Not published by MEVnet","Not published by MEVnet","PLANMalaysia MEVnet","https://portaldev.planmalaysia.gov.my/portal/apps/dashboards/bba366dc3d144510bfd7cda771795f3d","4405","2026-07-26T09:23:16Z"
"mevnet-4406-others","mevnet-4406","Others","2","0","2","Not published by MEVnet","Not published by MEVnet","Not published by MEVnet","Not published by MEVnet","PLANMalaysia MEVnet","https://portaldev.planmalaysia.gov.my/portal/apps/dashboards/bba366dc3d144510bfd7cda771795f3d","4406","2026-07-26T09:23:16Z"
"mevnet-4407-jomcharge","mevnet-4407","JomCharge","2","0","2","Not published by MEVnet","Not published by MEVnet","Not published by MEVnet","Not published by MEVnet","PLANMalaysia MEVnet","https://portaldev.planmalaysia.gov.my/portal/apps/dashboards/bba366dc3d144510bfd7cda771795f3d","4407","2026-07-26T09:23:16Z"
"mevnet-4408-chargesini","mevnet-4408","ChargeSini","3","1","2","Not published by MEVnet","Not published by MEVnet","Not published by MEVnet","Not published by MEVnet","PLANMalaysia MEVnet","https://portaldev.planmalaysia.gov.my/portal/apps/dashboards/bba366dc3d144510bfd7cda771795f3d","4408","2026-07-26T09:23:16Z"
"mevnet-4409-others","mevnet-4409","Others","2","2","0","Not published by MEVnet","Not published by MEVnet","Not published by MEVnet","Not published by MEVnet","PLANMalaysia MEVnet","https://portaldev.planmalaysia.gov.my/portal/apps/dashboards/bba366dc3d144510bfd7cda771795f3d","4409","2026-07-26T09:23:16Z"
"mevnet-4410-jomcharge","mevnet-4410","JomCharge","2","2","0","Not published by MEVnet","Not published by MEVnet","Not published by MEVnet","Not published by MEVnet","PLANMalaysia MEVnet","https://portaldev.planmalaysia.gov.my/portal/apps/dashboards/bba366dc3d144510bfd7cda771795f3d","4410","2026-07-26T09:23:16Z"
"mevnet-4411-chargesini","mevnet-4411","ChargeSini","3","1","2","Not published by MEVnet","Not published by MEVnet","Not published by MEVnet","Not published by MEVnet","PLANMalaysia MEVnet","https://portaldev.planmalaysia.gov.my/portal/apps/dashboards/bba366dc3d144510bfd7cda771795f3d","4411","2026-07-26T09:23:16Z"
"mevnet-4412-chargesini","mevnet-4412","ChargeSini","4","2","2","Not published by MEVnet","Not published by MEVnet","Not published by MEVnet","Not published by MEVnet","PLANMalaysia MEVnet","https://portaldev.planmalaysia.gov.my/portal/apps/dashboards/bba366dc3d144510bfd7cda771795f3d","4412","2026-07-26T09:23:16Z"
"mevnet-4413-others","mevnet-4413","Others","2","2","0","Not published by MEVnet","Not published by MEVnet","Not published by MEVnet","Not published by MEVnet","PLANMalaysia MEVnet","https://portaldev.planmalaysia.gov.my/portal/apps/dashboards/bba366dc3d144510bfd7cda771795f3d","4413","2026-07-26T09:23:16Z"
"mevnet-4414-jomcharge","mevnet-4414","JomCharge","2","2","0","Not published by MEVnet","Not published by MEVnet","Not published by MEVnet","Not published by MEVnet","PLANMalaysia MEVnet","https://portaldev.planmalaysia.gov.my/portal/apps/dashboards/bba366dc3d144510bfd7cda771795f3d","4414","2026-07-26T09:23:16Z"
"mevnet-4415-jomcharge","mevnet-4415","JomCharge","2","2","0","Not published by MEVnet","Not published by MEVnet","Not published by MEVnet","Not published by MEVnet","PLANMalaysia MEVnet","https://portaldev.planmalaysia.gov.my/portal/apps/dashboards/bba366dc3d144510bfd7cda771795f3d","4415","2026-07-26T09:23:16Z"
"mevnet-4416-jomcharge","mevnet-4416","JomCharge","2","2","0","Not published by MEVnet","Not published by MEVnet","Not published by MEVnet","Not published by MEVnet","PLANMalaysia MEVnet","https://portaldev.planmalaysia.gov.my/portal/apps/dashboards/bba366dc3d144510bfd7cda771795f3d","4416","2026-07-26T09:23:16Z"
"mevnet-4417-chargesini","mevnet-4417","ChargeSini","2","0","2","Not published by MEVnet","Not published by MEVnet","Not published by MEVnet","Not published by MEVnet","PLANMalaysia MEVnet","https://portaldev.planmalaysia.gov.my/portal/apps/dashboards/bba366dc3d144510bfd7cda771795f3d","4417","2026-07-26T09:23:16Z"
"mevnet-4418-jomcharge","mevnet-4418","JomCharge","2","2","0","Not published by MEVnet","Not published by MEVnet","Not published by MEVnet","Not published by MEVnet","PLANMalaysia MEVnet","https://portaldev.planmalaysia.gov.my/portal/apps/dashboards/bba366dc3d144510bfd7cda771795f3d","4418","2026-07-26T09:23:16Z"
"mevnet-4419-gotou","mevnet-4419","GoToU","2","0","2","Not published by MEVnet","Not published by MEVnet","Not published by MEVnet","Not published by MEVnet","PLANMalaysia MEVnet","https://portaldev.planmalaysia.gov.my/portal/apps/dashboards/bba366dc3d144510bfd7cda771795f3d","4419","2026-07-26T09:23:16Z"
"mevnet-4420-others","mevnet-4420","Others","4","4","0","Not published by MEVnet","Not published by MEVnet","Not published by MEVnet","Not published by MEVnet","PLANMalaysia MEVnet","https://portaldev.planmalaysia.gov.my/portal/apps/dashboards/bba366dc3d144510bfd7cda771795f3d","4420","2026-07-26T09:23:16Z"
"mevnet-4421-others","mevnet-4421","Others","2","2","0","Not published by MEVnet","Not published by MEVnet","Not published by MEVnet","Not published by MEVnet","PLANMalaysia MEVnet","https://portaldev.planmalaysia.gov.my/portal/apps/dashboards/bba366dc3d144510bfd7cda771795f3d","4421","2026-07-26T09:23:16Z"
"mevnet-4422-others","mevnet-4422","Others","4","4","0","Not published by MEVnet","Not published by MEVnet","Not published by MEVnet","Not published by MEVnet","PLANMalaysia MEVnet","https://portaldev.planmalaysia.gov.my/portal/apps/dashboards/bba366dc3d144510bfd7cda771795f3d","4422","2026-07-26T09:23:16Z"
"mevnet-4423-jomcharge","mevnet-4423","JomCharge","3","0","3","Not published by MEVnet","Not published by MEVnet","Not published by MEVnet","Not published by MEVnet","PLANMalaysia MEVnet","https://portaldev.planmalaysia.gov.my/portal/apps/dashboards/bba366dc3d144510bfd7cda771795f3d","4423","2026-07-26T09:23:16Z"
"mevnet-4424-jomcharge","mevnet-4424","JomCharge","2","2","0","Not published by MEVnet","Not published by MEVnet","Not published by MEVnet","Not published by MEVnet","PLANMalaysia MEVnet","https://portaldev.planmalaysia.gov.my/portal/apps/dashboards/bba366dc3d144510bfd7cda771795f3d","4424","2026-07-26T09:23:16Z"
"mevnet-4425-jomcharge","mevnet-4425","JomCharge","3","3","0","Not published by MEVnet","Not published by MEVnet","Not published by MEVnet","Not published by MEVnet","PLANMalaysia MEVnet","https://portaldev.planmalaysia.gov.my/portal/apps/dashboards/bba366dc3d144510bfd7cda771795f3d","4425","2026-07-26T09:23:16Z"
"mevnet-4426-chargesini","mevnet-4426","ChargeSini","2","0","2","Not published by MEVnet","Not published by MEVnet","Not published by MEVnet","Not published by MEVnet","PLANMalaysia MEVnet","https://portaldev.planmalaysia.gov.my/portal/apps/dashboards/bba366dc3d144510bfd7cda771795f3d","4426","2026-07-26T09:23:16Z"
"mevnet-4427-shell-recharge","mevnet-4427","Shell Recharge","2","0","2","Not published by MEVnet","Not published by MEVnet","Not published by MEVnet","Not published by MEVnet","PLANMalaysia MEVnet","https://portaldev.planmalaysia.gov.my/portal/apps/dashboards/bba366dc3d144510bfd7cda771795f3d","4427","2026-07-26T09:23:16Z"
"mevnet-4428-jomcharge","mevnet-4428","JomCharge","3","3","0","Not published by MEVnet","Not published by MEVnet","Not published by MEVnet","Not published by MEVnet","PLANMalaysia MEVnet","https://portaldev.planmalaysia.gov.my/portal/apps/dashboards/bba366dc3d144510bfd7cda771795f3d","4428","2026-07-26T09:23:16Z"
"mevnet-4429-jomcharge","mevnet-4429","JomCharge","4","4","0","Not published by MEVnet","Not published by MEVnet","Not published by MEVnet","Not published by MEVnet","PLANMalaysia MEVnet","https://portaldev.planmalaysia.gov.my/portal/apps/dashboards/bba366dc3d144510bfd7cda771795f3d","4429","2026-07-26T09:23:16Z"
"mevnet-4430-others","mevnet-4430","Others","3","3","0","Not published by MEVnet","Not published by MEVnet","Not published by MEVnet","Not published by MEVnet","PLANMalaysia MEVnet","https://portaldev.planmalaysia.gov.my/portal/apps/dashboards/bba366dc3d144510bfd7cda771795f3d","4430","2026-07-26T09:23:16Z"
"mevnet-4431-jomcharge","mevnet-4431","JomCharge","5","5","0","Not published by MEVnet","Not published by MEVnet","Not published by MEVnet","Not published by MEVnet","PLANMalaysia MEVnet","https://portaldev.planmalaysia.gov.my/portal/apps/dashboards/bba366dc3d144510bfd7cda771795f3d","4431","2026-07-26T09:23:16Z"
"mevnet-4432-jomcharge","mevnet-4432","JomCharge","3","3","0","Not published by MEVnet","Not published by MEVnet","Not published by MEVnet","Not published by MEVnet","PLANMalaysia MEVnet","https://portaldev.planmalaysia.gov.my/portal/apps/dashboards/bba366dc3d144510bfd7cda771795f3d","4432","2026-07-26T09:23:16Z"
"mevnet-4433-jomcharge","mevnet-4433","JomCharge","2","2","0","Not published by MEVnet","Not published by MEVnet","Not published by MEVnet","Not published by MEVnet","PLANMalaysia MEVnet","https://portaldev.planmalaysia.gov.my/portal/apps/dashboards/bba366dc3d144510bfd7cda771795f3d","4433","2026-07-26T09:23:16Z"
"mevnet-4434-jomcharge","mevnet-4434","JomCharge","3","3","0","Not published by MEVnet","Not published by MEVnet","Not published by MEVnet","Not published by MEVnet","PLANMalaysia MEVnet","https://portaldev.planmalaysia.gov.my/portal/apps/dashboards/bba366dc3d144510bfd7cda771795f3d","4434","2026-07-26T09:23:16Z"
"mevnet-4435-jomcharge","mevnet-4435","JomCharge","3","3","0","Not published by MEVnet","Not published by MEVnet","Not published by MEVnet","Not published by MEVnet","PLANMalaysia MEVnet","https://portaldev.planmalaysia.gov.my/portal/apps/dashboards/bba366dc3d144510bfd7cda771795f3d","4435","2026-07-26T09:23:16Z"
"mevnet-4436-jomcharge","mevnet-4436","JomCharge","3","3","0","Not published by MEVnet","Not published by MEVnet","Not published by MEVnet","Not published by MEVnet","PLANMalaysia MEVnet","https://portaldev.planmalaysia.gov.my/portal/apps/dashboards/bba366dc3d144510bfd7cda771795f3d","4436","2026-07-26T09:23:16Z"
"mevnet-4437-jomcharge","mevnet-4437","JomCharge","4","4","0","Not published by MEVnet","Not published by MEVnet","Not published by MEVnet","Not published by MEVnet","PLANMalaysia MEVnet","https://portaldev.planmalaysia.gov.my/portal/apps/dashboards/bba366dc3d144510bfd7cda771795f3d","4437","2026-07-26T09:23:16Z"
"mevnet-4438-chargesini","mevnet-4438","ChargeSini","8","15","2","Not published by MEVnet","Not published by MEVnet","Not published by MEVnet","Not published by MEVnet","PLANMalaysia MEVnet","https://portaldev.planmalaysia.gov.my/portal/apps/dashboards/bba366dc3d144510bfd7cda771795f3d","4438","2026-07-26T09:23:16Z"
"mevnet-4438-jomcharge","mevnet-4438","JomCharge","9","15","2","Not published by MEVnet","Not published by MEVnet","Not published by MEVnet","Not published by MEVnet","PLANMalaysia MEVnet","https://portaldev.planmalaysia.gov.my/portal/apps/dashboards/bba366dc3d144510bfd7cda771795f3d","4438","2026-07-26T09:23:16Z"
"mevnet-4439-jomcharge","mevnet-4439","JomCharge","4","4","0","Not published by MEVnet","Not published by MEVnet","Not published by MEVnet","Not published by MEVnet","PLANMalaysia MEVnet","https://portaldev.planmalaysia.gov.my/portal/apps/dashboards/bba366dc3d144510bfd7cda771795f3d","4439","2026-07-26T09:23:16Z"
"mevnet-4440-zap","mevnet-4440","Zap","2","0","2","Not published by MEVnet","Not published by MEVnet","Not published by MEVnet","Not published by MEVnet","PLANMalaysia MEVnet","https://portaldev.planmalaysia.gov.my/portal/apps/dashboards/bba366dc3d144510bfd7cda771795f3d","4440","2026-07-26T09:23:16Z"
"mevnet-4441-others","mevnet-4441","Others","2","2","0","Not published by MEVnet","Not published by MEVnet","Not published by MEVnet","Not published by MEVnet","PLANMalaysia MEVnet","https://portaldev.planmalaysia.gov.my/portal/apps/dashboards/bba366dc3d144510bfd7cda771795f3d","4441","2026-07-26T09:23:16Z"
"mevnet-4442-jomcharge","mevnet-4442","JomCharge","2","1","1","Not published by MEVnet","Not published by MEVnet","Not published by MEVnet","Not published by MEVnet","PLANMalaysia MEVnet","https://portaldev.planmalaysia.gov.my/portal/apps/dashboards/bba366dc3d144510bfd7cda771795f3d","4442","2026-07-26T09:23:16Z"
"mevnet-4443-gentari","mevnet-4443","Gentari","3","3","0","Not published by MEVnet","Not published by MEVnet","Not published by MEVnet","Not published by MEVnet","PLANMalaysia MEVnet","https://portaldev.planmalaysia.gov.my/portal/apps/dashboards/bba366dc3d144510bfd7cda771795f3d","4443","2026-07-26T09:23:16Z"
"mevnet-4444-chargev","mevnet-4444","chargEV","8","0","8","Not published by MEVnet","Not published by MEVnet","Not published by MEVnet","Not published by MEVnet","PLANMalaysia MEVnet","https://portaldev.planmalaysia.gov.my/portal/apps/dashboards/bba366dc3d144510bfd7cda771795f3d","4444","2026-07-26T09:23:16Z"
"mevnet-4445-zap","mevnet-4445","Zap","2","2","0","Not published by MEVnet","Not published by MEVnet","Not published by MEVnet","Not published by MEVnet","PLANMalaysia MEVnet","https://portaldev.planmalaysia.gov.my/portal/apps/dashboards/bba366dc3d144510bfd7cda771795f3d","4445","2026-07-26T09:23:16Z"
"mevnet-4446-chargesini","mevnet-4446","ChargeSini","2","0","2","Not published by MEVnet","Not published by MEVnet","Not published by MEVnet","Not published by MEVnet","PLANMalaysia MEVnet","https://portaldev.planmalaysia.gov.my/portal/apps/dashboards/bba366dc3d144510bfd7cda771795f3d","4446","2026-07-26T09:23:16Z"
"mevnet-4447-jomcharge","mevnet-4447","JomCharge","2","2","0","Not published by MEVnet","Not published by MEVnet","Not published by MEVnet","Not published by MEVnet","PLANMalaysia MEVnet","https://portaldev.planmalaysia.gov.my/portal/apps/dashboards/bba366dc3d144510bfd7cda771795f3d","4447","2026-07-26T09:23:16Z"
"mevnet-4448-jomcharge","mevnet-4448","JomCharge","2","2","0","Not published by MEVnet","Not published by MEVnet","Not published by MEVnet","Not published by MEVnet","PLANMalaysia MEVnet","https://portaldev.planmalaysia.gov.my/portal/apps/dashboards/bba366dc3d144510bfd7cda771795f3d","4448","2026-07-26T09:23:16Z"
"mevnet-4449-zap","mevnet-4449","Zap","4","4","0","Not published by MEVnet","Not published by MEVnet","Not published by MEVnet","Not published by MEVnet","PLANMalaysia MEVnet","https://portaldev.planmalaysia.gov.my/portal/apps/dashboards/bba366dc3d144510bfd7cda771795f3d","4449","2026-07-26T09:23:16Z"
"mevnet-4450-jomcharge","mevnet-4450","JomCharge","3","3","0","Not published by MEVnet","Not published by MEVnet","Not published by MEVnet","Not published by MEVnet","PLANMalaysia MEVnet","https://portaldev.planmalaysia.gov.my/portal/apps/dashboards/bba366dc3d144510bfd7cda771795f3d","4450","2026-07-26T09:23:16Z"
"mevnet-4451-jomcharge","mevnet-4451","JomCharge","4","4","0","Not published by MEVnet","Not published by MEVnet","Not published by MEVnet","Not published by MEVnet","PLANMalaysia MEVnet","https://portaldev.planmalaysia.gov.my/portal/apps/dashboards/bba366dc3d144510bfd7cda771795f3d","4451","2026-07-26T09:23:16Z"
"mevnet-4452-chargesini","mevnet-4452","ChargeSini","4","2","2","Not published by MEVnet","Not published by MEVnet","Not published by MEVnet","Not published by MEVnet","PLANMalaysia MEVnet","https://portaldev.planmalaysia.gov.my/portal/apps/dashboards/bba366dc3d144510bfd7cda771795f3d","4452","2026-07-26T09:23:16Z"
"mevnet-4453-chargesini","mevnet-4453","ChargeSini","3","1","2","Not published by MEVnet","Not published by MEVnet","Not published by MEVnet","Not published by MEVnet","PLANMalaysia MEVnet","https://portaldev.planmalaysia.gov.my/portal/apps/dashboards/bba366dc3d144510bfd7cda771795f3d","4453","2026-07-26T09:23:16Z"
"mevnet-4454-zap","mevnet-4454","Zap","2","2","0","Not published by MEVnet","Not published by MEVnet","Not published by MEVnet","Not published by MEVnet","PLANMalaysia MEVnet","https://portaldev.planmalaysia.gov.my/portal/apps/dashboards/bba366dc3d144510bfd7cda771795f3d","4454","2026-07-26T09:23:16Z"
"mevnet-4455-jomcharge","mevnet-4455","JomCharge","4","4","0","Not published by MEVnet","Not published by MEVnet","Not published by MEVnet","Not published by MEVnet","PLANMalaysia MEVnet","https://portaldev.planmalaysia.gov.my/portal/apps/dashboards/bba366dc3d144510bfd7cda771795f3d","4455","2026-07-26T09:23:16Z"
"mevnet-4456-chargesini","mevnet-4456","ChargeSini","2","0","2","Not published by MEVnet","Not published by MEVnet","Not published by MEVnet","Not published by MEVnet","PLANMalaysia MEVnet","https://portaldev.planmalaysia.gov.my/portal/apps/dashboards/bba366dc3d144510bfd7cda771795f3d","4456","2026-07-26T09:23:16Z"
"mevnet-4457-jomcharge","mevnet-4457","JomCharge","2","2","0","Not published by MEVnet","Not published by MEVnet","Not published by MEVnet","Not published by MEVnet","PLANMalaysia MEVnet","https://portaldev.planmalaysia.gov.my/portal/apps/dashboards/bba366dc3d144510bfd7cda771795f3d","4457","2026-07-26T09:23:16Z"
"mevnet-4458-others","mevnet-4458","Others","2","2","0","Not published by MEVnet","Not published by MEVnet","Not published by MEVnet","Not published by MEVnet","PLANMalaysia MEVnet","https://portaldev.planmalaysia.gov.my/portal/apps/dashboards/bba366dc3d144510bfd7cda771795f3d","4458","2026-07-26T09:23:16Z"
"mevnet-4459-chargesini","mevnet-4459","ChargeSini","4","2","2","Not published by MEVnet","Not published by MEVnet","Not published by MEVnet","Not published by MEVnet","PLANMalaysia MEVnet","https://portaldev.planmalaysia.gov.my/portal/apps/dashboards/bba366dc3d144510bfd7cda771795f3d","4459","2026-07-26T09:23:16Z"
"mevnet-4460-jomcharge","mevnet-4460","JomCharge","2","2","0","Not published by MEVnet","Not published by MEVnet","Not published by MEVnet","Not published by MEVnet","PLANMalaysia MEVnet","https://portaldev.planmalaysia.gov.my/portal/apps/dashboards/bba366dc3d144510bfd7cda771795f3d","4460","2026-07-26T09:23:16Z"
"mevnet-4461-jomcharge","mevnet-4461","JomCharge","3","3","0","Not published by MEVnet","Not published by MEVnet","Not published by MEVnet","Not published by MEVnet","PLANMalaysia MEVnet","https://portaldev.planmalaysia.gov.my/portal/apps/dashboards/bba366dc3d144510bfd7cda771795f3d","4461","2026-07-26T09:23:16Z"
"mevnet-4462-jomcharge","mevnet-4462","JomCharge","2","2","0","Not published by MEVnet","Not published by MEVnet","Not published by MEVnet","Not published by MEVnet","PLANMalaysia MEVnet","https://portaldev.planmalaysia.gov.my/portal/apps/dashboards/bba366dc3d144510bfd7cda771795f3d","4462","2026-07-26T09:23:16Z"
"mevnet-4463-jomcharge","mevnet-4463","JomCharge","1","1","0","Not published by MEVnet","Not published by MEVnet","Not published by MEVnet","Not published by MEVnet","PLANMalaysia MEVnet","https://portaldev.planmalaysia.gov.my/portal/apps/dashboards/bba366dc3d144510bfd7cda771795f3d","4463","2026-07-26T09:23:16Z"
"mevnet-4464-jomcharge","mevnet-4464","JomCharge","3","3","0","Not published by MEVnet","Not published by MEVnet","Not published by MEVnet","Not published by MEVnet","PLANMalaysia MEVnet","https://portaldev.planmalaysia.gov.my/portal/apps/dashboards/bba366dc3d144510bfd7cda771795f3d","4464","2026-07-26T09:23:16Z"
"mevnet-4465-jomcharge","mevnet-4465","JomCharge","3","3","0","Not published by MEVnet","Not published by MEVnet","Not published by MEVnet","Not published by MEVnet","PLANMalaysia MEVnet","https://portaldev.planmalaysia.gov.my/portal/apps/dashboards/bba366dc3d144510bfd7cda771795f3d","4465","2026-07-26T09:23:16Z"
"mevnet-4466-jomcharge","mevnet-4466","JomCharge","3","3","0","Not published by MEVnet","Not published by MEVnet","Not published by MEVnet","Not published by MEVnet","PLANMalaysia MEVnet","https://portaldev.planmalaysia.gov.my/portal/apps/dashboards/bba366dc3d144510bfd7cda771795f3d","4466","2026-07-26T09:23:16Z"
"mevnet-4467-chargesini","mevnet-4467","ChargeSini","3","3","0","Not published by MEVnet","Not published by MEVnet","Not published by MEVnet","Not published by MEVnet","PLANMalaysia MEVnet","https://portaldev.planmalaysia.gov.my/portal/apps/dashboards/bba366dc3d144510bfd7cda771795f3d","4467","2026-07-26T09:23:16Z"
"mevnet-4468-others","mevnet-4468","Others","3","1","2","Not published by MEVnet","Not published by MEVnet","Not published by MEVnet","Not published by MEVnet","PLANMalaysia MEVnet","https://portaldev.planmalaysia.gov.my/portal/apps/dashboards/bba366dc3d144510bfd7cda771795f3d","4468","2026-07-26T09:23:16Z"
"mevnet-4469-gentari","mevnet-4469","Gentari","2","0","2","Not published by MEVnet","Not published by MEVnet","Not published by MEVnet","Not published by MEVnet","PLANMalaysia MEVnet","https://portaldev.planmalaysia.gov.my/portal/apps/dashboards/bba366dc3d144510bfd7cda771795f3d","4469","2026-07-26T09:23:16Z"
"mevnet-4470-others","mevnet-4470","Others","4","2","2","Not published by MEVnet","Not published by MEVnet","Not published by MEVnet","Not published by MEVnet","PLANMalaysia MEVnet","https://portaldev.planmalaysia.gov.my/portal/apps/dashboards/bba366dc3d144510bfd7cda771795f3d","4470","2026-07-26T09:23:16Z"
"mevnet-4471-jomcharge","mevnet-4471","JomCharge","2","2","0","Not published by MEVnet","Not published by MEVnet","Not published by MEVnet","Not published by MEVnet","PLANMalaysia MEVnet","https://portaldev.planmalaysia.gov.my/portal/apps/dashboards/bba366dc3d144510bfd7cda771795f3d","4471","2026-07-26T09:23:16Z"
"mevnet-4472-jomcharge","mevnet-4472","JomCharge","2","2","0","Not published by MEVnet","Not published by MEVnet","Not published by MEVnet","Not published by MEVnet","PLANMalaysia MEVnet","https://portaldev.planmalaysia.gov.my/portal/apps/dashboards/bba366dc3d144510bfd7cda771795f3d","4472","2026-07-26T09:23:16Z"
"mevnet-4473-chargengo","mevnet-4473","ChargeNGo","2","2","0","Not published by MEVnet","Not published by MEVnet","Not published by MEVnet","Not published by MEVnet","PLANMalaysia MEVnet","https://portaldev.planmalaysia.gov.my/portal/apps/dashboards/bba366dc3d144510bfd7cda771795f3d","4473","2026-07-26T09:23:16Z"
"mevnet-4474-jomcharge","mevnet-4474","JomCharge","1","1","0","Not published by MEVnet","Not published by MEVnet","Not published by MEVnet","Not published by MEVnet","PLANMalaysia MEVnet","https://portaldev.planmalaysia.gov.my/portal/apps/dashboards/bba366dc3d144510bfd7cda771795f3d","4474","2026-07-26T09:23:16Z"
"mevnet-4475-jomcharge","mevnet-4475","JomCharge","3","3","0","Not published by MEVnet","Not published by MEVnet","Not published by MEVnet","Not published by MEVnet","PLANMalaysia MEVnet","https://portaldev.planmalaysia.gov.my/portal/apps/dashboards/bba366dc3d144510bfd7cda771795f3d","4475","2026-07-26T09:23:16Z"
"mevnet-4476-zap","mevnet-4476","Zap","2","0","2","Not published by MEVnet","Not published by MEVnet","Not published by MEVnet","Not published by MEVnet","PLANMalaysia MEVnet","https://portaldev.planmalaysia.gov.my/portal/apps/dashboards/bba366dc3d144510bfd7cda771795f3d","4476","2026-07-26T09:23:16Z"
"mevnet-4477-jomcharge","mevnet-4477","JomCharge","1","0","1","Not published by MEVnet","Not published by MEVnet","Not published by MEVnet","Not published by MEVnet","PLANMalaysia MEVnet","https://portaldev.planmalaysia.gov.my/portal/apps/dashboards/bba366dc3d144510bfd7cda771795f3d","4477","2026-07-26T09:23:16Z"
